,sequence,13_count,13_percent,14_count,14_percent,15_count,15_percent,16_count,16_percent,17_count,17_percent,18_count,18_percent,total_reads_seq,percent_mean,sd
1,TAGCCTGTTAACAGGCGCGCCACCATGGTGAGCAAGGGCGAGGAGCTGTT,67464.0,0.7351021520021792,54257.0,0.4879928766729026,42255.0,0.203336733908223,71140.0,0.657170306322285,109655.0,0.5965768441898296,13.0,0.65,344784.0,0.5550298188492365,0.19067574181448316
2,TAGCCTGTTCAACAGGCGCGCCACCATGGTGAGCAAGGGCGAGGAG,11736.0,0.1278779624080632,2083.0,0.018734710030220175,1770.0,0.00851747767169695,768.0,0.00709455714444075,4423.0,0.024063283770476642,0.0,0.0,20780.0,0.031047998504149618,0.04821164829303075
3,TAGCCTGTTATCTTCTTCAAGGACGACGGCAACTACAAGACCCGCGCCGA,845.0,0.009207300463089077,36891.0,0.3318013383220607,118964.0,0.572470742223591,19.0,0.00017551638768798728,23.0,0.00012513125180216205,0.0,0.0,156742.0,0.1522966714413718,0.24443160305789546
4,TAGCCTGTTCCACCCTCGTGACCACCCTGACCTACGGCGTGCAGTGCTT,512.0,0.005578861345682375,3704.0,0.033314145920276296,1568.0,0.007545426547582384,0.0,0.0,4842.0,0.026342848748959508,0.0,0.0,10626.0,0.01213021376041676,0.014205510473523326
5,TAGCCTGTTAACAGGCACGTGCGGACCGAGCGGCCGCAGGAACCCCTAGT,414.0,0.004511032416235359,277.0,0.0024913656641243342,300.0,0.0014436402833384663,0.0,0.0,72.0,0.0003917152230328551,0.0,0.0,1063.0,0.0014729589311218358,0.0017762998811972973
6,TAGCCTGTTGGCGTGCAGTGCTTCAGCCGCTACCCCGACCACATGAAGCA,255.0,0.0027785344592754016,0.0,0.0,0.0,0.0,0.0,0.0,0.0,0.0,0.0,0.0,255.0,0.0004630890765459003,0.001134331942994117
7,TAGCCTGTTGGGCGGCCTCAGTGAGCGAGCGAGCGCGCAGAGAGGGAGTG,152.0,0.0016562244619994552,3.0,2.6982299611454885e-05,0.0,0.0,0.0,0.0,0.0,0.0,0.0,0.0,155.0,0.000280534460268485,0.0006740341256388915
8,AGGGCCTGTTAACAGGCGCGCCACCATGGTGAGCAAGGGCGAGGAG,69.0,0.0007518387360392263,65.0,0.0005846164915815225,31.0,0.00014917616261164151,70.0,0.0006466393230610057,97.0,0.0005277274532525964,0.0,0.0,332.0,0.00044333302775766543,0.000298886297032928
9,CATCCATGGTACTGACGAAGATGAAGGAGACTGCAGAGGCTTTTTTGGG,19.0,0.0002070280577499319,0.0,0.0,0.0,0.0,0.0,0.0,0.0,0.0,0.0,0.0,19.0,3.4504676291655314e-05,8.451885065446362e-05
10,AAGGGCGAGGAGCTGTTCACCGGGGTGGTGCCCATCCTGGTCGAGCTGGA,12.0,0.00013075456278943066,613.0,0.005513383220607282,16286.0,0.07837041884816753,0.0,0.0,0.0,0.0,0.0,0.0,16911.0,0.014002426105260708,0.03160990167884253
11,TAGCCTGTTCTGACCTACGGCGTGCAGTGCTTCAGCCGCTACCCCGACCA,10.0,0.00010896213565785889,1.0,8.994099870484962e-06,0.0,0.0,0.0,0.0,12767.0,0.06945872572861751,0.0,0.0,12778.0,0.011596113660690978,0.028346807302742822
12,TAGCCTGTTACGGCAACTACAAGACCCGCGCCGAGGTGAAGTTCGAGGG,9.0,9.8065922092073e-05,22.0,0.00019787019715066916,21.0,0.00010105481983369264,0.0,0.0,1.0,5.440489208789655e-06,0.0,0.0,53.0,6.707190471420407e-05,8.002421273429264e-05
13,CATCCATGGTACTGACGAAGATGAAGGAGACTGCAGAGGCTTTTTTGGGG,4.0,4.3584854263143556e-05,0.0,0.0,0.0,0.0,0.0,0.0,0.0,0.0,0.0,0.0,4.0,7.264142377190593e-06,1.7793442243044967e-05
14,TAGGCGCGCCACCATGGTGAGCAAGGGCGAGGAGCTGTTCACCGGGGTGG,4.0,4.3584854263143556e-05,1.0,8.994099870484962e-06,33.0,0.0001588004311672313,725.0,0.0066973358459889885,0.0,0.0,0.0,0.0,763.0,0.001151452538548308,0.0027175889259814664
15,TAGCCTGTTGCGCGCCACCATGGTGAGCAAGGGCGAGGAGCTGTTCACCG,3.0,3.2688640697357665e-05,0.0,0.0,0.0,0.0,0.0,0.0,0.0,0.0,0.0,0.0,3.0,5.4481067828929445e-06,1.3345081682283724e-05
16,AAGGCCGTTAACATGCGCGCCACGAAGGTGAGCAAGGGCGAGGAGCTGTT,2.0,2.1792427131571778e-05,0.0,0.0,0.0,0.0,0.0,0.0,0.0,0.0,0.0,0.0,2.0,3.6320711885952965e-06,8.896721121522484e-06
17,AGGGCCTGTCTTATACACATCTCCGAGCCCACGAGACTAAGGCGAAT,2.0,2.1792427131571778e-05,0.0,0.0,0.0,0.0,0.0,0.0,0.0,0.0,0.0,0.0,2.0,3.6320711885952965e-06,8.896721121522484e-06
18,AGGGCCTTCTCTTATACACATCTCCGAGCCCACGAGACTAAGGCGAATGT,2.0,2.1792427131571778e-05,0.0,0.0,0.0,0.0,0.0,0.0,0.0,0.0,0.0,0.0,2.0,3.6320711885952965e-06,8.896721121522484e-06
19,TAGCCTGTTAAAAAGGCGCGCCACAATGTTGAGAAAGGGCGAGGAGATGT,2.0,2.1792427131571778e-05,0.0,0.0,0.0,0.0,0.0,0.0,0.0,0.0,0.0,0.0,2.0,3.6320711885952965e-06,8.896721121522484e-06
20,TAGCCTGTTAAACAGCCCCGCCACAATGTTGAGAAAGGGCGAGGAG,2.0,2.1792427131571778e-05,0.0,0.0,0.0,0.0,0.0,0.0,0.0,0.0,0.0,0.0,2.0,3.6320711885952965e-06,8.896721121522484e-06
21,TAGCCTGTTAAACAGGGCCGCCACCATGGTGAGAAAGGGCCAGGAGGTGT,2.0,2.1792427131571778e-05,0.0,0.0,0.0,0.0,0.0,0.0,0.0,0.0,0.0,0.0,2.0,3.6320711885952965e-06,8.896721121522484e-06
22,TAGCCTGTTAACAGGCGCGCCACCATGGTGAGCAAGGGCGAGGAGCTGTTCACCGGG,2.0,2.1792427131571778e-05,3.0,2.6982299611454885e-05,2.0,9.624268555589775e-06,0.0,0.0,0.0,0.0,0.0,0.0,7.0,9.73316588310274e-06,1.2059633569800764e-05
23,TAGCCTGTTAGCTGTTCACCGGGGTGGTGCCCATCCTGGTCGAGCTGGA,2.0,2.1792427131571778e-05,45.0,0.00040473449417182327,4749.0,0.02285282568524792,0.0,0.0,0.0,0.0,0.0,0.0,4796.0,0.003879892101091886,0.0092961771758534
24,TAGCCTGTTCAACAGCCCCCCCACCATGTTGAGCAAGGCCGAGGAGGTGT,2.0,2.1792427131571778e-05,0.0,0.0,0.0,0.0,0.0,0.0,0.0,0.0,0.0,0.0,2.0,3.6320711885952965e-06,8.896721121522484e-06
25,TAGCCTGTTCAACAGCCCCGCCACCATGTTGAGCAAGGGCCAGGACGTGT,2.0,2.1792427131571778e-05,0.0,0.0,0.0,0.0,0.0,0.0,0.0,0.0,0.0,0.0,2.0,3.6320711885952965e-06,8.896721121522484e-06
26,TAGCCTGTTCAACAGGCGCGCCACCATGGTGAGCAAGGGCGAGGAGCTGTTCACCGGG,2.0,2.1792427131571778e-05,0.0,0.0,0.0,0.0,0.0,0.0,0.0,0.0,0.0,0.0,2.0,3.6320711885952965e-06,8.896721121522484e-06
27,TAGCCTGTTCAACCGCCGCGCCACCATGGTGCGCACGGGCCAGGAGCTTT,2.0,2.1792427131571778e-05,0.0,0.0,0.0,0.0,0.0,0.0,0.0,0.0,0.0,0.0,2.0,3.6320711885952965e-06,8.896721121522484e-06
28,TAGCCTGTTCACGCGCCACCATGGTGAGCAAGGGCGAGGAGCTGTTCAC,2.0,2.1792427131571778e-05,2.0,1.7988199740969923e-05,679.0,0.0032674391746227286,0.0,0.0,0.0,0.0,0.0,0.0,683.0,0.0005512033002492118,0.0013307146031990276
29,TAGCCTGTTCCCACCGGCAAGCTGCCCGTGCCCTGGCCCACCCTCGTGA,2.0,2.1792427131571778e-05,0.0,0.0,0.0,0.0,0.0,0.0,0.0,0.0,0.0,0.0,2.0,3.6320711885952965e-06,8.896721121522484e-06
30,TAGCCTGTTTGCACCACCGGCAAGCTGCCCGTGCCCTGGCCCACCCTCGT,2.0,2.1792427131571778e-05,1.0,8.994099870484962e-06,0.0,0.0,0.0,0.0,0.0,0.0,0.0,0.0,3.0,5.131087833676123e-06,8.920037428438613e-06
154,AAGCCCGTTAACAGGCGCGCCACGAAGGTCACCAACGGCGAGGAGCTGTT,1.0,1.0896213565785889e-05,0.0,0.0,1.0,4.812134277794888e-06,0.0,0.0,0.0,0.0,0.0,0.0,2.0,2.6180579739301293e-06,4.489069860218042e-06
992,AGGGCCTGTTATCTTCTTCAAGGACGACGGCAACTACAAGACCCGCGCCG,1.0,1.0896213565785889e-05,24.0,0.00021585839689163908,110.0,0.0005293347705574376,0.0,0.0,0.0,0.0,0.0,0.0,135.0,0.00012601489683581043,0.00021523491768416904
1077,TAACAGGCGCGCCACCATGGTGAGCAAGGGCGAGGAGCTGTTCACCGGGG,1.0,1.0896213565785889e-05,1.0,8.994099870484962e-06,0.0,0.0,845.0,0.007805860399807856,10.0,5.4404892087896544e-05,0.0,0.0,857.0,0.001313359267555337,0.0031807276117527938
1292,TAGCAACAGGCGCGCCACCATGGTGAGCAAGGGCGAGGAGCTGTTCACCG,1.0,1.0896213565785889e-05,0.0,0.0,0.0,0.0,0.0,0.0,3001.0,0.016326908115577753,0.0,0.0,3002.0,0.00272296738819059,0.006664544079816591
2866,TAGCCTGTTAAAAAGCCCCGCCACAATGGTGAGAAAGGCCGAGGAGGTGT,1.0,1.0896213565785889e-05,0.0,0.0,0.0,0.0,0.0,0.0,1.0,5.440489208789655e-06,0.0,0.0,2.0,2.7227837957625907e-06,4.557303661407018e-06
3286,TAGCCTGTTAAAAGGCGCGCCCCCAACGTGAGCTAGAGCGAGGAGCTGTT,1.0,1.0896213565785889e-05,0.0,0.0,1.0,4.812134277794888e-06,0.0,0.0,0.0,0.0,0.0,0.0,2.0,2.6180579739301293e-06,4.489069860218042e-06
3691,TAGCCTGTTAAACAGCCGCGCCACCATGTTGAGAAAGGGCGAGGAGGTTT,1.0,1.0896213565785889e-05,0.0,0.0,0.0,0.0,1.0,9.237704615157226e-06,0.0,0.0,0.0,0.0,2.0,3.3556530301571856e-06,5.224944269086417e-06
3765,TAGCCTGTTAAACAGGCCCGCCACCATGTTGAGAAAGGGCAAGGAGGTGT,1.0,1.0896213565785889e-05,0.0,0.0,0.0,0.0,1.0,9.237704615157226e-06,0.0,0.0,0.0,0.0,2.0,3.3556530301571856e-06,5.224944269086417e-06
3816,TAGCCTGTTAAACAGGCGCGCCACAATGTTGAGAAAGGGCGAGGAGGTTT,1.0,1.0896213565785889e-05,0.0,0.0,0.0,0.0,0.0,0.0,1.0,5.440489208789655e-06,0.0,0.0,2.0,2.7227837957625907e-06,4.557303661407018e-06
4491,TAGCCTGTTAACACGCCCCCCACCATGGTGAGCAACGGCGAAGAACAGTT,1.0,1.0896213565785889e-05,1.0,8.994099870484962e-06,0.0,0.0,0.0,0.0,0.0,0.0,0.0,0.0,2.0,3.315052239378475e-06,5.170761538741166e-06
4793,TAGCCTGTTAACAGCCGCGCCCCAATGTTGGGAAAGGGCGAGGAGGTGTT,1.0,1.0896213565785889e-05,1.0,8.994099870484962e-06,0.0,0.0,0.0,0.0,0.0,0.0,0.0,0.0,2.0,3.315052239378475e-06,5.170761538741166e-06
4933,TAGCCTGTTAACAGGCCCCCCACCAAGGTGACGAAGGGCGACGAGCTGTT,1.0,1.0896213565785889e-05,0.0,0.0,0.0,0.0,0.0,0.0,1.0,5.440489208789655e-06,0.0,0.0,2.0,2.7227837957625907e-06,4.557303661407018e-06
6013,TAGCCTGTTAACAGTAGCGCCACCATGTTGAGAAAGTGCTAGGAGATGTT,1.0,1.0896213565785889e-05,0.0,0.0,1.0,4.812134277794888e-06,0.0,0.0,0.0,0.0,0.0,0.0,2.0,2.6180579739301293e-06,4.489069860218042e-06
8388,TAGCCTGTTCAACTGGCCCGCCACCATGTTGAGAAAGGGCGAGGAGGTTT,1.0,1.0896213565785889e-05,0.0,0.0,0.0,0.0,0.0,0.0,1.0,5.440489208789655e-06,0.0,0.0,2.0,2.7227837957625907e-06,4.557303661407018e-06
8631,TAGCCTGTTCACATGAAGCAGCACGACTTCTTCAAGTCCGCCATGCCCGA,1.0,1.0896213565785889e-05,2.0,1.7988199740969923e-05,3.0,1.4436402833384663e-05,0.0,0.0,0.0,0.0,0.0,0.0,6.0,7.220136023356747e-06,8.221074644903317e-06
9247,TAGCCTGTTCCTTGGCCACTCCCTCTCTGCGCGCTCGCTCGCTCACTGAG,1.0,1.0896213565785889e-05,4.0,3.597639948193985e-05,99.0,0.00047640129350169386,0.0,0.0,0.0,0.0,0.0,0.0,104.0,8.72123177582366e-05,0.0001911728490279206
9545,TAGCCTGTTGCCCGGGCGGCCTCAGTGAGCGAGCGAGCGCGCAGAGAGGG,1.0,1.0896213565785889e-05,0.0,0.0,0.0,0.0,0.0,0.0,401.0,0.0021816361727246512,0.0,0.0,402.0,0.00036542206438173954,0.0008897702407687798
9569,TAGCCTGTTGGAGTGGCCAACTCCATCACTAGGGGTTCCTGCGGCCGCT,1.0,1.0896213565785889e-05,0.0,0.0,0.0,0.0,0.0,0.0,180.0,0.0009792880575821379,0.0,0.0,181.0,0.0001650307118579873,0.00039892681335175847
9588,TAGCCTGTTGGCGCGCCACCATGGTGAGCAAGGGCGAGGAGCTGTTCAC,1.0,1.0896213565785889e-05,0.0,0.0,0.0,0.0,952.0,0.008794294793629679,3910.0,0.021272312806367547,0.0,0.0,4863.0,0.005012917302260503,0.008707180858358974
9630,TAGCCTGTTGTAACAGGCGCGCCACGATGGTGAGCAAGCGCGAGGAGCTT,1.0,1.0896213565785889e-05,0.0,0.0,1.0,4.812134277794888e-06,0.0,0.0,0.0,0.0,0.0,0.0,2.0,2.6180579739301293e-06,4.489069860218042e-06
10268,TAGCCTGTGCCAACAGGCGCGCCACCATGGTGAGCAAGGGCGAGGAG,0.0,0.0,2773.0,0.024940638940854798,0.0,0.0,0.0,0.0,0.0,0.0,0.0,0.0,2773.0,0.004156773156809133,0.010181973210680421
10269,TAGCCTGTTTAACAGGCGCGCCACCATGGTGAGCAAGGGCGAGGAG,0.0,0.0,864.0,0.007770902288099007,1256.0,0.006044040652910379,0.0,0.0,0.0,0.0,0.0,0.0,2120.0,0.002302490490168231,0.0036085613488293328
10270,TAGCCTGTTGTAACAGGCGCGCCACCATGGTGAGCAAGGGCGAGGAG,0.0,0.0,793.0,0.007132321197294574,696.0,0.003349245457345242,0.0,0.0,0.0,0.0,0.0,0.0,1489.0,0.0017469277757733027,0.0029589495052236257
10271,TAGCCTGTTTGCGTGCAGTGCTTCAGCCGCTACCCCGACCACATGAAGCA,0.0,0.0,39.0,0.0003507698949489135,1345.0,0.006472320603634124,0.0,0.0,0.0,0.0,0.0,0.0,1384.0,0.0011371817497638395,0.0026174368960283864
10272,AGGGCCTGCTCTTATACACATCTCCGAGCCCACGAGACCGTACTAGATGT,0.0,0.0,24.0,0.00021585839689163908,0.0,0.0,0.0,0.0,0.0,0.0,0.0,0.0,24.0,3.597639948193985e-05,8.81238215132817e-05
10273,AGGGCCTGTCTTATACACATCTCCGAGCCCACGAGACCGTACTAGAT,0.0,0.0,20.0,0.00017988199740969925,0.0,0.0,0.0,0.0,0.0,0.0,0.0,0.0,20.0,2.9980332901616542e-05,7.343651792773475e-05
10274,AGGGCCTGCTCTTATACACATCTCCGAGCCCACGAGACCGTACTAGAGGT,0.0,0.0,4.0,3.597639948193985e-05,0.0,0.0,0.0,0.0,0.0,0.0,0.0,0.0,4.0,5.996066580323308e-06,1.4687303585546947e-05
10275,TAGCCTGTTGAAGTTCATCTGCACCACCGGCAAGCTGCCCGTGCCCTGG,0.0,0.0,4.0,3.597639948193985e-05,16.0,7.69941484447182e-05,0.0,0.0,0.0,0.0,0.0,0.0,20.0,1.8828424654443008e-05,3.1922853145053305e-05
10276,TAGCCTGGCGGCCTCAGTGAGCAAGGGCGAGGAGCTGTTCACCGGGGTGG,0.0,0.0,3.0,2.6982299611454885e-05,0.0,0.0,0.0,0.0,0.0,0.0,0.0,0.0,3.0,4.497049935242481e-06,1.1015477689160213e-05
10277,TAGCCTGTTGGCTACGTCCAGGAGCGCACCATCTTCTTCAAGGACGACGG,0.0,0.0,3.0,2.6982299611454885e-05,4.0,1.924853711117955e-05,0.0,0.0,1.0,5.440489208789655e-06,0.0,0.0,8.0,8.61188765523735e-06,1.1688985774267628e-05
10278,AAGCCCGTTAACAGGCGCGCCACGAAGGTCAGCAACGGCGAGGAGCTGTT,0.0,0.0,2.0,1.7988199740969923e-05,0.0,0.0,0.0,0.0,0.0,0.0,0.0,0.0,2.0,2.998033290161654e-06,7.343651792773473e-06
10279,ACAGGCGCGCCACCATGGTGAGCAAGGGCGAGGAGCTGTTCACCGGGGTG,0.0,0.0,2.0,1.7988199740969923e-05,18.0,8.661841700030797e-05,0.0,0.0,1375.0,0.007480672662085775,0.0,0.0,1395.0,0.0012642132131378422,0.003045615849483884
10280,AGGGCCTGTTCTTATACACATCTCCGAGCCCACGAGACCGTACTAGATAT,0.0,0.0,2.0,1.7988199740969923e-05,0.0,0.0,0.0,0.0,0.0,0.0,0.0,0.0,2.0,2.998033290161654e-06,7.343651792773473e-06
10281,AGGGCCTTCTCTTATACACATCTCCGAGCCCACGAGACCGTACTAGATGT,0.0,0.0,2.0,1.7988199740969923e-05,0.0,0.0,0.0,0.0,0.0,0.0,0.0,0.0,2.0,2.998033290161654e-06,7.343651792773473e-06
10282,TAGCCTGATAACAGGCGCGCCACAATGGTGAGCAAGCGAGACGAGCTGTT,0.0,0.0,2.0,1.7988199740969923e-05,0.0,0.0,0.0,0.0,0.0,0.0,0.0,0.0,2.0,2.998033290161654e-06,7.343651792773473e-06
10283,TAGCCTGTTAACAGGCGCGCCACCATTGTGAGCAAGGGCGAAGAACGTTT,0.0,0.0,2.0,1.7988199740969923e-05,0.0,0.0,0.0,0.0,0.0,0.0,0.0,0.0,2.0,2.998033290161654e-06,7.343651792773473e-06
10284,TAGCCTGTTAACAGGCGCGCCCCCAACTTGAGCTAGCGCGAGGAGCTCTT,0.0,0.0,2.0,1.7988199740969923e-05,0.0,0.0,0.0,0.0,0.0,0.0,0.0,0.0,2.0,2.998033290161654e-06,7.343651792773473e-06
10285,TAGCCTGTTAACAGGCGCGCCCCCATCTTGAGCAAGCGCGAGGAGATCTT,0.0,0.0,2.0,1.7988199740969923e-05,0.0,0.0,0.0,0.0,0.0,0.0,0.0,0.0,2.0,2.998033290161654e-06,7.343651792773473e-06
10286,TAGCCTGTTATCATCTTCAAGGACTACGTCAACTACAAGCCCCGCGACTT,0.0,0.0,2.0,1.7988199740969923e-05,0.0,0.0,0.0,0.0,0.0,0.0,0.0,0.0,2.0,2.998033290161654e-06,7.343651792773473e-06
10287,TAGCCTGTTATCTTCTTCAACGACGACGGCAACAACAAGCCACGAGCAGA,0.0,0.0,2.0,1.7988199740969923e-05,0.0,0.0,0.0,0.0,0.0,0.0,0.0,0.0,2.0,2.998033290161654e-06,7.343651792773473e-06
10288,TAGCCTGTTATCTTCTTCAAGTACGACGGCAACTACAAGACCAGATCAGA,0.0,0.0,2.0,1.7988199740969923e-05,0.0,0.0,0.0,0.0,0.0,0.0,0.0,0.0,2.0,2.998033290161654e-06,7.343651792773473e-06
10289,TAGCCTGTTCCACACTCGAGACCACCCTGACCTACGGCGAGAAGTGCTTG,0.0,0.0,2.0,1.7988199740969923e-05,0.0,0.0,0.0,0.0,0.0,0.0,0.0,0.0,2.0,2.998033290161654e-06,7.343651792773473e-06
10290,TAGCCTGTTGTAACAGGCGCGCCACAATGGTGAGCAAGGGCGAGGAGCTT,0.0,0.0,2.0,1.7988199740969923e-05,0.0,0.0,0.0,0.0,0.0,0.0,0.0,0.0,2.0,2.998033290161654e-06,7.343651792773473e-06
10291,TAGCCTGTTGTAACAGGCGCGCCACGATGGTGAGCAAGGGCGAGGAGCTT,0.0,0.0,2.0,1.7988199740969923e-05,0.0,0.0,0.0,0.0,0.0,0.0,0.0,0.0,2.0,2.998033290161654e-06,7.343651792773473e-06
10292,TAGCCTGTTTAACAGCCGCGCAACAATGTTGAGAAAGGGCGAGGACGTTT,0.0,0.0,2.0,1.7988199740969923e-05,0.0,0.0,0.0,0.0,0.0,0.0,0.0,0.0,2.0,2.998033290161654e-06,7.343651792773473e-06
10359,AAGCCAGTTAACAGGCGCGCCACGAAGCTCACCAACGCCGAGGAGCTGTT,0.0,0.0,1.0,8.994099870484962e-06,0.0,0.0,1.0,9.237704615157226e-06,0.0,0.0,0.0,0.0,2.0,3.0386340809403645e-06,4.708061948828647e-06
10535,AAGCCCTTTAACAGGCGCGCCACGATGGTCAGCAACGCCGAGGAGCTGTT,0.0,0.0,1.0,8.994099870484962e-06,0.0,0.0,0.0,0.0,1.0,5.440489208789655e-06,0.0,0.0,2.0,2.4057648465457692e-06,3.892724709762095e-06
13814,TAGCCTGTTAACACACGCGCCACAAAATTGAGAAAAAGCGAGGAGATCTT,0.0,0.0,1.0,8.994099870484962e-06,0.0,0.0,0.0,0.0,1.0,5.440489208789655e-06,0.0,0.0,2.0,2.4057648465457692e-06,3.892724709762095e-06
13916,TAGCCTGTTAACACGCGCGCCACCAACTTGAGCAAGAGCGAGGAGCTCTT,0.0,0.0,1.0,8.994099870484962e-06,0.0,0.0,1.0,9.237704615157226e-06,0.0,0.0,0.0,0.0,2.0,3.0386340809403645e-06,4.708061948828647e-06
14086,TAGCCTGTTAACAGCCGCGCAACAATGTTGAGAAAGGGCGAGGAGATGTT,0.0,0.0,1.0,8.994099870484962e-06,0.0,0.0,0.0,0.0,1.0,5.440489208789655e-06,0.0,0.0,2.0,2.4057648465457692e-06,3.892724709762095e-06
14448,TAGCCTGTTAACAGGCGCGACACCAACGAGAGCAAGCACGAGCAGCTGTT,0.0,0.0,1.0,8.994099870484962e-06,0.0,0.0,0.0,0.0,1.0,5.440489208789655e-06,0.0,0.0,2.0,2.4057648465457692e-06,3.892724709762095e-06
14520,TAGCCTGTTAACAGGCGCGAGCGGAGCGAGCGGACGCAGGAGGCGCTATT,0.0,0.0,1.0,8.994099870484962e-06,1.0,4.812134277794888e-06,0.0,0.0,0.0,0.0,0.0,0.0,2.0,2.3010390247133082e-06,3.8021516337007046e-06
14605,TAGCCTGTTAACAGGCGCGCCACAATGTTGAGAAAGAGCGAGGAGATCTT,0.0,0.0,1.0,8.994099870484962e-06,0.0,0.0,0.0,0.0,1.0,5.440489208789655e-06,0.0,0.0,2.0,2.4057648465457692e-06,3.892724709762095e-06
14717,TAGCCTGTTAACAGGCGCGCCACGAAGGTGACCAAGGCCGATGAGCTCTT,0.0,0.0,1.0,8.994099870484962e-06,0.0,0.0,1.0,9.237704615157226e-06,0.0,0.0,0.0,0.0,2.0,3.0386340809403645e-06,4.708061948828647e-06
16374,TAGCCTGTTATCATCTTCAAGGACGACGTCAACTACAAGCACCGCCGCTT,0.0,0.0,1.0,8.994099870484962e-06,1.0,4.812134277794888e-06,0.0,0.0,0.0,0.0,0.0,0.0,2.0,2.3010390247133082e-06,3.8021516337007046e-06
17044,TAGCCTGTTATCTTCTTCACGTCCGACGGCACCAACCACCCGCCGGGCTA,0.0,0.0,1.0,8.994099870484962e-06,1.0,4.812134277794888e-06,0.0,0.0,0.0,0.0,0.0,0.0,2.0,2.3010390247133082e-06,3.8021516337007046e-06
17837,TAGCCTGTTCCCCCCTCCTCACCACCCTGCCCTACGGCCTGCAGTGCTTG,0.0,0.0,1.0,8.994099870484962e-06,0.0,0.0,0.0,0.0,1.0,5.440489208789655e-06,0.0,0.0,2.0,2.4057648465457692e-06,3.892724709762095e-06
18450,TAGCCTGTTTCCCGGCCTCAGTGAGCGAGCGAGCGCGCAGAGAGGGAGTG,0.0,0.0,1.0,8.994099870484962e-06,74.0,0.00035609793655682167,0.0,0.0,0.0,0.0,0.0,0.0,75.0,6.084867273788443e-05,0.000144686743282675
18919,TAGCCTGAACAGGCGCGCCACCATGGTGAGCAAGGGCGAGGAGCTGTTCA,0.0,0.0,0.0,0.0,1915.0,0.009215237141977209,0.0,0.0,7527.0,0.040950562274559725,0.0,0.0,9442.0,0.008360966569422822,0.016385570324742648
18920,TAGCCTGTTTAAACAGGCGCGCCACCATGGTGAGCAAGGGCGAGGAG,0.0,0.0,0.0,0.0,1648.0,0.007930397289805975,0.0,0.0,0.0,0.0,0.0,0.0,1648.0,0.001321732881634329,0.0032375711362625415
18921,TAGCCTGTTAGGCGCGCCACCATGGTGAGCAAGGGCGAGGAGCTGTTCA,0.0,0.0,0.0,0.0,426.0,0.002049969202340622,1179.0,0.01089125374127037,0.0,0.0,0.0,0.0,1605.0,0.002156870490601832,0.00435681626667701
18922,TAAACAGGCGCGCCACCATGGTGAGCAAGGGCGAGGAGCTGTTCACCGGG,0.0,0.0,0.0,0.0,40.0,0.0001924853711117955,722.0,0.006669622732143517,0.0,0.0,0.0,0.0,762.0,0.0011436846838758855,0.0027082403907490895
18923,AGGGCCTGCTCTTATACACATCTCCGAGCCCACGAGACAGGCAGAAATGT,0.0,0.0,0.0,0.0,28.0,0.00013473975977825684,0.0,0.0,0.0,0.0,0.0,0.0,28.0,2.2456626629709472e-05,5.5007276586984934e-05
18924,AGGGCCTGTCTTATACACATCTCCGAGCCCACGAGACAGGCAGAAATGTG,0.0,0.0,0.0,0.0,20.0,9.624268555589775e-05,0.0,0.0,0.0,0.0,0.0,0.0,20.0,1.6040447592649626e-05,3.929091184784638e-05
18925,TAGCCCAGGCGCGCCACCATGGTGAGCAAGGGCGAGGAGCTGTTCACCGG,0.0,0.0,0.0,0.0,16.0,7.69941484447182e-05,0.0,0.0,0.0,0.0,0.0,0.0,16.0,1.28323580741197e-05,3.143272947827711e-05
18926,GGCGCGCCACCATGGTGAGCAAGGGCGAGGAGCTGTTCACCGGGGTGGTG,0.0,0.0,0.0,0.0,6.0,2.8872805666769326e-05,0.0,0.0,0.0,0.0,0.0,0.0,6.0,4.812134277794888e-06,1.1787273554353913e-05
18927,TAGCCTGTTATCTTCTTCAACGACGACGGCAACAACAACCCCCGCCGCGA,0.0,0.0,0.0,0.0,3.0,1.4436402833384663e-05,0.0,0.0,0.0,0.0,0.0,0.0,3.0,2.406067138897444e-06,5.893636777176957e-06
18928,AGGGCCTGTTTGCGTGCAGTGCTTCAGCCGCTACCCCGACCACATGAAG,0.0,0.0,0.0,0.0,2.0,9.624268555589775e-06,0.0,0.0,0.0,0.0,0.0,0.0,2.0,1.6040447592649626e-06,3.929091184784638e-06
18929,AGGGCCTTCTCTTTTACACATCTCCGAGCCCACGAGACAGGCAGAAAGTT,0.0,0.0,0.0,0.0,2.0,9.624268555589775e-06,0.0,0.0,0.0,0.0,0.0,0.0,2.0,1.6040447592649626e-06,3.929091184784638e-06
18930,GGCGCGCCACCATGGTGAGCAAGGGCCAGGAGCTGTTCACCGGGGTGGTG,0.0,0.0,0.0,0.0,2.0,9.624268555589775e-06,0.0,0.0,0.0,0.0,0.0,0.0,2.0,1.6040447592649626e-06,3.929091184784638e-06
18931,TAGCCAGGGCGAGGAGCTGTTCACCGGGGTGGTGCCCATCCTGGTCGAG,0.0,0.0,0.0,0.0,2.0,9.624268555589775e-06,0.0,0.0,0.0,0.0,0.0,0.0,2.0,1.6040447592649626e-06,3.929091184784638e-06
18932,TAGCCTGAACAGGCGCGCCACCATGGTGAGCAAGGGCGAGGAGCTGTTCACCGG,0.0,0.0,0.0,0.0,2.0,9.624268555589775e-06,0.0,0.0,0.0,0.0,0.0,0.0,2.0,1.6040447592649626e-06,3.929091184784638e-06
18933,TAGCCTGTTAAAGGCGCCCCACCAAGGTGCGCAAGGGCGAGGAGCTGTTG,0.0,0.0,0.0,0.0,2.0,9.624268555589775e-06,0.0,0.0,0.0,0.0,0.0,0.0,2.0,1.6040447592649626e-06,3.929091184784638e-06
18934,TAGCCTGTTAACATCTTCAAGGACGACGGCAACTACAACAACCGCCACGA,0.0,0.0,0.0,0.0,2.0,9.624268555589775e-06,0.0,0.0,0.0,0.0,0.0,0.0,2.0,1.6040447592649626e-06,3.929091184784638e-06
18935,TAGCCTGTTAACTTCATCAACAACTACGGCAACTACAACACCCCCCCCGA,0.0,0.0,0.0,0.0,2.0,9.624268555589775e-06,0.0,0.0,0.0,0.0,0.0,0.0,2.0,1.6040447592649626e-06,3.929091184784638e-06
18936,TAGCCTGTTAACTTCTACAAGGACGACTGCAACTACAAGACCCGAGCATA,0.0,0.0,0.0,0.0,2.0,9.624268555589775e-06,0.0,0.0,0.0,0.0,0.0,0.0,2.0,1.6040447592649626e-06,3.929091184784638e-06
18937,TAGCCTGTTATCATCTTCAAGGACGACGTCAACTACAAGCACCGCGACTT,0.0,0.0,0.0,0.0,2.0,9.624268555589775e-06,0.0,0.0,0.0,0.0,0.0,0.0,2.0,1.6040447592649626e-06,3.929091184784638e-06
18938,TAGCCTGTTATCTACTACAAGGACGAAGGAAACTAAAAGACCCGCGCAGA,0.0,0.0,0.0,0.0,2.0,9.624268555589775e-06,0.0,0.0,0.0,0.0,0.0,0.0,2.0,1.6040447592649626e-06,3.929091184784638e-06
18939,TAGCCTGTTATCTGTTGCGCCACGAGGTGCCCAAGCGGCTCGCAGATGTG,0.0,0.0,0.0,0.0,2.0,9.624268555589775e-06,0.0,0.0,0.0,0.0,0.0,0.0,2.0,1.6040447592649626e-06,3.929091184784638e-06
18940,TAGCCTGTTATCTTCTTCAACGACGACGGCAACAACCACACCCGCCACTA,0.0,0.0,0.0,0.0,2.0,9.624268555589775e-06,0.0,0.0,0.0,0.0,0.0,0.0,2.0,1.6040447592649626e-06,3.929091184784638e-06
18941,TAGCCTGTTATCTTCTTCAAGGACGACGGCAACAACCACACGCGCCACTA,0.0,0.0,0.0,0.0,2.0,9.624268555589775e-06,0.0,0.0,0.0,0.0,0.0,0.0,2.0,1.6040447592649626e-06,3.929091184784638e-06
18942,TAGCCTGTTATCTTCTTCACGTCCGACGGCACCAACCACACGCGCGACTA,0.0,0.0,0.0,0.0,2.0,9.624268555589775e-06,0.0,0.0,0.0,0.0,0.0,0.0,2.0,1.6040447592649626e-06,3.929091184784638e-06
18943,TAGCCTGTTCAACAGCCGCGCCACCATGGTGAGAAAGGCCGAGGAC,0.0,0.0,0.0,0.0,2.0,9.624268555589775e-06,0.0,0.0,0.0,0.0,0.0,0.0,2.0,1.6040447592649626e-06,3.929091184784638e-06
18944,TAGCCTGTTGTAACAGGCGCGCCACCATGGTGAGAAAGGGCGAGGAGCTT,0.0,0.0,0.0,0.0,2.0,9.624268555589775e-06,0.0,0.0,0.0,0.0,0.0,0.0,2.0,1.6040447592649626e-06,3.929091184784638e-06
18945,TAGCCTGTTTAAACAGGCGCGCCACAATGGTGAGAAAGCGCGAGGAGCTT,0.0,0.0,0.0,0.0,2.0,9.624268555589775e-06,0.0,0.0,0.0,0.0,0.0,0.0,2.0,1.6040447592649626e-06,3.929091184784638e-06
18946,TAGCCTGTTTAAACAGGCGCGCCACCATGGTGAGCAAGGGCCAGGAGATG,0.0,0.0,0.0,0.0,2.0,9.624268555589775e-06,0.0,0.0,0.0,0.0,0.0,0.0,2.0,1.6040447592649626e-06,3.929091184784638e-06
18947,TAGCCTGTTTAAACAGGCGCGCCACCATGGTGAGCAAGGGCGAGGATCTT,0.0,0.0,0.0,0.0,2.0,9.624268555589775e-06,0.0,0.0,0.0,0.0,0.0,0.0,2.0,1.6040447592649626e-06,3.929091184784638e-06
18948,TAGCCTGTTTGCCCGGGCGGCCTCAGTGAGCGAGCGAGCGCGCAGAGAGG,0.0,0.0,0.0,0.0,2.0,9.624268555589775e-06,0.0,0.0,0.0,0.0,0.0,0.0,2.0,1.6040447592649626e-06,3.929091184784638e-06
18949,TAGCCTGTTTGCGTGCACTGCTACAGCCGCAACCCCGACCACATGAAGAA,0.0,0.0,0.0,0.0,2.0,9.624268555589775e-06,0.0,0.0,0.0,0.0,0.0,0.0,2.0,1.6040447592649626e-06,3.929091184784638e-06
19242,AAGCCCGTTAACATGCGCGCCACGAAGGTCAGCAACGGCGAGGAGCTGTT,0.0,0.0,0.0,0.0,1.0,4.812134277794888e-06,1.0,9.237704615157226e-06,0.0,0.0,0.0,0.0,2.0,2.341639815492019e-06,3.888242809070459e-06
19377,AAGCCCTTTAACAGGCGCGCCACGAAGGTCACCAAGGGCGAGGAGATGTT,0.0,0.0,0.0,0.0,1.0,4.812134277794888e-06,0.0,0.0,1.0,5.440489208789655e-06,0.0,0.0,2.0,1.7087705810974236e-06,2.6546629822085153e-06
19605,AAGCCTGTTAACAGGCGCGCCACGAAGGTGACCAACGCCGAGGAGCAGTT,0.0,0.0,0.0,0.0,1.0,4.812134277794888e-06,1.0,9.237704615157226e-06,0.0,0.0,0.0,0.0,2.0,2.341639815492019e-06,3.888242809070459e-06
21892,AGGGCCTGTTACCAGGCGCGCAACCATGGTGAGCAAGGGCGAGGAGGTGT,0.0,0.0,0.0,0.0,1.0,4.812134277794888e-06,0.0,0.0,1.0,5.440489208789655e-06,0.0,0.0,2.0,1.7087705810974236e-06,2.6546629822085153e-06
23144,TAGCCTGAACAGGCGCGCCACAGATGTGAGAAAAGGCGAGGAGCTCTTGA,0.0,0.0,0.0,0.0,1.0,4.812134277794888e-06,0.0,0.0,1.0,5.440489208789655e-06,0.0,0.0,2.0,1.7087705810974236e-06,2.6546629822085153e-06
24276,TAGCCTGTTAAACAGCCCCCCCACCATGTTGAGCAAGGCCCAGGAGGTGT,0.0,0.0,0.0,0.0,1.0,4.812134277794888e-06,0.0,0.0,1.0,5.440489208789655e-06,0.0,0.0,2.0,1.7087705810974236e-06,2.6546629822085153e-06
25151,TAGCCTGTTAACAGGCGCGCAACCATAGTGAGCAAGCGCGACTAGGAGTG,0.0,0.0,0.0,0.0,1.0,4.812134277794888e-06,0.0,0.0,1.0,5.440489208789655e-06,0.0,0.0,2.0,1.7087705810974236e-06,2.6546629822085153e-06
25200,TAGCCTGTTAACAGGCGCGCCACAATGGAGAGAAAGCGCGAAGATCTGAT,0.0,0.0,0.0,0.0,1.0,4.812134277794888e-06,1.0,9.237704615157226e-06,0.0,0.0,0.0,0.0,2.0,2.341639815492019e-06,3.888242809070459e-06
30718,TAGCCTGTTCCACCCTCCTGACCACACTGGCCTACGGCGTGCAGTCGTTG,0.0,0.0,0.0,0.0,1.0,4.812134277794888e-06,0.0,0.0,1.0,5.440489208789655e-06,0.0,0.0,2.0,1.7087705810974236e-06,2.6546629822085153e-06
32326,TAGCCTGTTGAACAGGCACGTGCGGACCGAGCGGCCGCAGGAACCCCTAG,0.0,0.0,0.0,0.0,0.0,0.0,5487.0,0.0506872852233677,168.0,0.0009140021870766619,0.0,0.0,5655.0,0.008600214568407394,0.020621610701286795
32327,TAGCCTGTTCCCACCCTCGTGACCACCCTGACCTACGGCGTGCAGTGCTT,0.0,0.0,0.0,0.0,0.0,0.0,4781.0,0.0441654657650667,0.0,0.0,0.0,0.0,4781.0,0.00736091096084445,0.018030475896128745
32328,TAGCCAACAGGCGCGCCACCATGGTGAGCAAGGGCGAGGAGCTGTTCAC,0.0,0.0,0.0,0.0,0.0,0.0,2359.0,0.021791745187155896,0.0,0.0,0.0,0.0,2359.0,0.0036319575311926492,0.008896442718880508
32329,TAGCCTGTTGAACAGGCGCGCCACCATGGTGAGCAAGGGCGAGGAG,0.0,0.0,0.0,0.0,0.0,0.0,1451.0,0.013403909396593135,0.0,0.0,0.0,0.0,1451.0,0.0022339848994321894,0.005472123096691657
32330,TAGCCTGTTCGAACAGGCGCGCCACCATGGTGAGCAAGGGCGAGGAG,0.0,0.0,0.0,0.0,0.0,0.0,1293.0,0.011944352067398294,3170.0,0.017246350791863204,0.0,0.0,4463.0,0.00486511714321025,0.0077212430740524265
32331,CAGGCGCGCCACCATGGTGAGCAAGGGCGAGGAGCTGTTCACCGGGGTGG,0.0,0.0,0.0,0.0,0.0,0.0,885.0,0.008175368584414144,0.0,0.0,0.0,0.0,885.0,0.0013625614307356908,0.003337580248499046
32332,TAGCCTGTTGCGCCACCATGGTGAGCAAGGGCGAGGAGCTGTTCACCGGG,0.0,0.0,0.0,0.0,0.0,0.0,722.0,0.006669622732143517,12.0,6.528587050547586e-05,0.0,0.0,734.0,0.0011224847671081654,0.0027176569805504877
32333,TAGCCTGTTAAACAGGCGCGCCACCATGGTGAGCAAGGGCGAGGAG,0.0,0.0,0.0,0.0,0.0,0.0,691.0,0.006383253889073643,0.0,0.0,0.0,0.0,691.0,0.0010638756481789406,0.0026059524878111195
32334,TAGCCTGTGGCGCGCCACCATGGTGAGCAAGGGCGAGGAGCTGTTCACCG,0.0,0.0,0.0,0.0,0.0,0.0,516.0,0.004766655581421128,0.0,0.0,0.0,0.0,516.0,0.0007944425969035213,0.0019459789923452066
32335,TAGCCTGTTCAGGCGCGCCACCATGGTGAGCAAGGGCGAGGAGCTGTTCA,0.0,0.0,0.0,0.0,0.0,0.0,463.0,0.004277057236817795,3138.0,0.017072255137181934,0.0,0.0,3601.0,0.0035582187289999547,0.006837976176261718
32336,TAGAACAGGCGCGCCACCATGGTGAGCAAGGGCGAGGAGCTGTTCACCGG,0.0,0.0,0.0,0.0,0.0,0.0,443.0,0.004092303144514651,0.0,0.0,0.0,0.0,443.0,0.0006820505240857752,0.0016706757628079975
32337,TAGCCTGTTCAGGCACGTGCGGACCGAGCGGCCGCAGGAACCCCTAGTGA,0.0,0.0,0.0,0.0,0.0,0.0,83.0,0.0007667294830580498,0.0,0.0,0.0,0.0,83.0,0.00012778824717634164,0.00031301600070669024
32338,TAGCCTGTAACAGGCACGTGCGGACCGAGCGGCCGCAGGAACCCCTAGTG,0.0,0.0,0.0,0.0,0.0,0.0,46.0,0.0004249344122972324,0.0,0.0,0.0,0.0,46.0,7.082240204953873e-05,0.00017347874737961145
32339,AGGGCCTGTTGAACAGGCACGTGCGGACCGAGCGGCCGCAGGAACCCCTA,0.0,0.0,0.0,0.0,0.0,0.0,10.0,9.237704615157226e-05,0.0,0.0,0.0,0.0,10.0,1.5396174358595375e-05,3.7712771169480745e-05
32340,AGGGCCTGTTCCCACCCTCGTGACCACCCTGACCTACGGCGTGCAGTG,0.0,0.0,0.0,0.0,0.0,0.0,6.0,5.542622769094336e-05,0.0,0.0,0.0,0.0,6.0,9.237704615157226e-06,2.262766270168845e-05
32341,TAGAACAGGCGCGCCACCATGGTGATCAAGGGCGAGGAGCTGTTCAG,0.0,0.0,0.0,0.0,0.0,0.0,4.0,3.6950818460628905e-05,0.0,0.0,0.0,0.0,4.0,6.158469743438151e-06,1.50851084677923e-05
32342,TAGCCTGTTAATTGGCCACTCCCTCTCTGCGCGCTCGCTCGCTCACTGAG,0.0,0.0,0.0,0.0,0.0,0.0,3.0,2.771311384547168e-05,0.0,0.0,0.0,0.0,3.0,4.618852307578613e-06,1.1313831350844225e-05
32343,TAGCCTGTTGAACAGGCACGTGCGGACCGAGCGGCCGCAGGAACCCCTAGTGATG,0.0,0.0,0.0,0.0,0.0,0.0,3.0,2.771311384547168e-05,0.0,0.0,0.0,0.0,3.0,4.618852307578613e-06,1.1313831350844225e-05
32344,TAGCCTGTTTGGTCGCCCGGCCTCAGTGAGCGAGCGAGCGCGCAGAGAGG,0.0,0.0,0.0,0.0,0.0,0.0,3.0,2.771311384547168e-05,0.0,0.0,0.0,0.0,3.0,4.618852307578613e-06,1.1313831350844225e-05
32345,AAGCCCGTTAACAGGCGCGCCACGAAGGTCACCAAGGGCGAGGAGCTGTT,0.0,0.0,0.0,0.0,0.0,0.0,2.0,1.8475409230314452e-05,0.0,0.0,0.0,0.0,2.0,3.0792348717190756e-06,7.54255423389615e-06
32346,TAGCCAACAGGCGCGCCACCATGGTGAGCAAGGGCGAGCAGCTCTAGAG,0.0,0.0,0.0,0.0,0.0,0.0,2.0,1.8475409230314452e-05,0.0,0.0,0.0,0.0,2.0,3.0792348717190756e-06,7.54255423389615e-06
32347,TAGCCTGTTAACACCCTCGACACCAACCTGACCTACGGCGAGCAGATCTT,0.0,0.0,0.0,0.0,0.0,0.0,2.0,1.8475409230314452e-05,0.0,0.0,0.0,0.0,2.0,3.0792348717190756e-06,7.54255423389615e-06
32348,TAGCCTGTTAACACCCTCGTCACCAACCTGACCTACGGCGTGCAGGTCTT,0.0,0.0,0.0,0.0,0.0,0.0,2.0,1.8475409230314452e-05,0.0,0.0,0.0,0.0,2.0,3.0792348717190756e-06,7.54255423389615e-06
32349,TAGCCTGTTAACAGCCTCGACACCAACCTGACCAACGGCGAGCAGATCTT,0.0,0.0,0.0,0.0,0.0,0.0,2.0,1.8475409230314452e-05,0.0,0.0,0.0,0.0,2.0,3.0792348717190756e-06,7.54255423389615e-06
32350,TAGCCTGTTAACAGCCTCGACACCAACCTGACCTACGGCGAGCAGATCTT,0.0,0.0,0.0,0.0,0.0,0.0,2.0,1.8475409230314452e-05,0.0,0.0,0.0,0.0,2.0,3.0792348717190756e-06,7.54255423389615e-06
32351,TAGCCTGTTAACAGGCGCGCCCACATTGAGCGAAAGGGCGAGGAGCTGTT,0.0,0.0,0.0,0.0,0.0,0.0,2.0,1.8475409230314452e-05,0.0,0.0,0.0,0.0,2.0,3.0792348717190756e-06,7.54255423389615e-06
32352,TAGCCTGTTAGGCGCCCCACCATGGTGAGCAAGGGCGACGAGCTGTT,0.0,0.0,0.0,0.0,0.0,0.0,2.0,1.8475409230314452e-05,0.0,0.0,0.0,0.0,2.0,3.0792348717190756e-06,7.54255423389615e-06
32353,TAGCCTGTTCGAACAGGCGCGCCACAATGGTGAGCAAGGGCGAGGAGCTT,0.0,0.0,0.0,0.0,0.0,0.0,2.0,1.8475409230314452e-05,0.0,0.0,0.0,0.0,2.0,3.0792348717190756e-06,7.54255423389615e-06
32354,TAGCCTGTTCGAACAGGCGCGCCACCATGGTGAGAAAGGGCGAGGAGCTT,0.0,0.0,0.0,0.0,0.0,0.0,2.0,1.8475409230314452e-05,0.0,0.0,0.0,0.0,2.0,3.0792348717190756e-06,7.54255423389615e-06
32355,TAGCCTGTTGCGCCACCATGGTGAGAAAGGGCGAGGAGCTCTTCACGGTG,0.0,0.0,0.0,0.0,0.0,0.0,2.0,1.8475409230314452e-05,0.0,0.0,0.0,0.0,2.0,3.0792348717190756e-06,7.54255423389615e-06
32356,TAGCCTGTTGCGCCACCATGGTGAGGAATGGCGAGGAGCTCTTCACAGTG,0.0,0.0,0.0,0.0,0.0,0.0,2.0,1.8475409230314452e-05,0.0,0.0,0.0,0.0,2.0,3.0792348717190756e-06,7.54255423389615e-06
39301,TAGCCTGTTAACAGGCGCGCCACGATTGTGAGAAAGGGAGAGGATCTTTT,0.0,0.0,0.0,0.0,0.0,0.0,1.0,9.237704615157226e-06,1.0,5.440489208789655e-06,0.0,0.0,2.0,2.44636563732448e-06,3.975572421651044e-06
40523,TAGCCTGTTACAGGCGCCCCACCATTGTTGGCAAGGGCGACGAGCTGTTG,0.0,0.0,0.0,0.0,0.0,0.0,1.0,9.237704615157226e-06,1.0,5.440489208789655e-06,0.0,0.0,2.0,2.44636563732448e-06,3.975572421651044e-06
40851,TAGCCTGTTAGAAGACGCGCGCCACAATTGAGAGAAAGCGAGAGGATCTT,0.0,0.0,0.0,0.0,0.0,0.0,1.0,9.237704615157226e-06,1.0,5.440489208789655e-06,0.0,0.0,2.0,2.44636563732448e-06,3.975572421651044e-06
40858,TAGCCTGTTAGAAGAGGCGCGCCACAATGGTGAGAAAGCGCGAGGAGCTT,0.0,0.0,0.0,0.0,0.0,0.0,1.0,9.237704615157226e-06,1.0,5.440489208789655e-06,0.0,0.0,2.0,2.44636563732448e-06,3.975572421651044e-06
41565,TAGCCTGTTCAAAAGGCCCGCCACCATGGTGAGCAAGGCCCAGGAGGTGT,0.0,0.0,0.0,0.0,0.0,0.0,1.0,9.237704615157226e-06,1.0,5.440489208789655e-06,0.0,0.0,2.0,2.44636563732448e-06,3.975572421651044e-06
44908,TAGCCTATGGTGAGCAAGGGCGAGGAGCTGTTCACCGGGGTGGTGCCCAT,0.0,0.0,0.0,0.0,0.0,0.0,0.0,0.0,2353.0,0.012801471108282057,0.0,0.0,2353.0,0.0021335785180470095,0.005226178695378683
44909,TAGCCTGTTTGAACAGGCGCGCCACCATGGTGAGCAAGGGCGAGGAG,0.0,0.0,0.0,0.0,0.0,0.0,0.0,0.0,2032.0,0.011055074072260578,0.0,0.0,2032.0,0.001842512345376763,0.004513215090951757
44910,CTCTCTGCGCGCTCGCTCGCTCACTGAGGCCGCCCGGGCAACAGGCGCG,0.0,0.0,0.0,0.0,0.0,0.0,0.0,0.0,455.0,0.0024754225899992926,0.0,0.0,455.0,0.00041257043166654877,0.0010105870405428393
44911,TAGCCTGTTGTCTGCGCGCTCGCTCGCTCACTGAGGCCGGGCGACCAAAG,0.0,0.0,0.0,0.0,0.0,0.0,0.0,0.0,272.0,0.001479813064790786,0.0,0.0,272.0,0.00024663551079846433,0.0006041311539069282
44912,CCCTTTTTTGCGGCATTTTGCCTTCCTGTTTTTGCTCAAGGGCGAGGAG,0.0,0.0,0.0,0.0,0.0,0.0,0.0,0.0,240.0,0.001305717410109517,0.0,0.0,240.0,0.00021761956835158615,0.000533056900506113
44913,TAGCCTGTTCCTTGTCGGTGCTGTCCACCAGTTTCTTTCTCAACAGGCG,0.0,0.0,0.0,0.0,0.0,0.0,0.0,0.0,239.0,0.0013002769209007274,0.0,0.0,239.0,0.00021671282015012122,0.0005308358300873375
44914,TAGCCTGTTGGAGTGGCCAACTCCATCACTAGGGGTTCCTGCGGCCG,0.0,0.0,0.0,0.0,0.0,0.0,0.0,0.0,108.0,0.0005875728345492827,0.0,0.0,108.0,9.792880575821379e-05,0.00023987560522775094
44915,TAGCCTGTCGCCCGGCCTCAGTGAGCGAGCGAGCGCGCAGAGAGGGAGTG,0.0,0.0,0.0,0.0,0.0,0.0,0.0,0.0,32.0,0.00017409565468126895,0.0,0.0,32.0,2.9015942446878157e-05,7.107425340081508e-05
44916,AGGGCCTGTTCTGACCTACGGCGTGCAGTGCTTCAGCCGCTACCCCGAC,0.0,0.0,0.0,0.0,0.0,0.0,0.0,0.0,7.0,3.808342446152758e-05,0.0,0.0,7.0,6.347237410254597e-06,1.55474929314283e-05
44917,TAGCCTGTTCTGACCTACGGCGTGCAGTGCTTCAGCCGCTACCCCGACCACATG,0.0,0.0,0.0,0.0,0.0,0.0,0.0,0.0,7.0,3.808342446152758e-05,0.0,0.0,7.0,6.347237410254597e-06,1.55474929314283e-05
44918,TAGCCTGTTCCACCCTCGTGACCACCCTGACCTACGGCGTGCAGTGCTTCAGCCG,0.0,0.0,0.0,0.0,0.0,0.0,0.0,0.0,3.0,1.6321467626368965e-05,0.0,0.0,3.0,2.7202446043948273e-06,6.6632112563264145e-06
44919,TAGCCTGTTTGAACAGGCGCGCCACAATGGTGAGAAAGGGCGAGGAGCTT,0.0,0.0,0.0,0.0,0.0,0.0,0.0,0.0,3.0,1.6321467626368965e-05,0.0,0.0,3.0,2.7202446043948273e-06,6.6632112563264145e-06
44920,TAGCCTGTTTGAACAGGCGCGCCACCATGGAGAGCAAGGGCGAGGAGCTT,0.0,0.0,0.0,0.0,0.0,0.0,0.0,0.0,3.0,1.6321467626368965e-05,0.0,0.0,3.0,2.7202446043948273e-06,6.6632112563264145e-06
44921,AAGCCTGTTCTGACCTACGGAGAGCAGAGCTTCAGACGCTACCCCGACCA,0.0,0.0,0.0,0.0,0.0,0.0,0.0,0.0,2.0,1.088097841757931e-05,0.0,0.0,2.0,1.8134964029298848e-06,4.4421408375509424e-06
44922,CTCTCTGCGCGCTCGCTCGCTCACTGAGGCCGCCCTGAAGCAGCACGA,0.0,0.0,0.0,0.0,0.0,0.0,0.0,0.0,2.0,1.088097841757931e-05,0.0,0.0,2.0,1.8134964029298848e-06,4.4421408375509424e-06
44923,CTCTCTGCGCGCTCGCTCGCTCACTGAGGCCGGGCGACCAAAGAACAGG,0.0,0.0,0.0,0.0,0.0,0.0,0.0,0.0,2.0,1.088097841757931e-05,0.0,0.0,2.0,1.8134964029298848e-06,4.4421408375509424e-06
44924,TAGCCTATGGTGAGCAACGCCGAGGAGCTGATCAACGGCGAGGAGCGCAT,0.0,0.0,0.0,0.0,0.0,0.0,0.0,0.0,2.0,1.088097841757931e-05,0.0,0.0,2.0,1.8134964029298848e-06,4.4421408375509424e-06
44925,TAGCCTATGGTGAGCAACGCCGAGGAGCTGATCACCGGCGTGGAGCACAT,0.0,0.0,0.0,0.0,0.0,0.0,0.0,0.0,2.0,1.088097841757931e-05,0.0,0.0,2.0,1.8134964029298848e-06,4.4421408375509424e-06
44926,TAGCCTGAACAGCCGCGCCACCAAGTTGAGCAAGGGCGAGCAGCTCTTGA,0.0,0.0,0.0,0.0,0.0,0.0,0.0,0.0,2.0,1.088097841757931e-05,0.0,0.0,2.0,1.8134964029298848e-06,4.4421408375509424e-06
44927,TAGCCTGTTAACAGGCGCGACAAAATTGAGAGCAAGGGCGAGGAGCTGTT,0.0,0.0,0.0,0.0,0.0,0.0,0.0,0.0,2.0,1.088097841757931e-05,0.0,0.0,2.0,1.8134964029298848e-06,4.4421408375509424e-06
44928,TAGCCTGTTAACAGGCGCGACAACATTGTGAGCAAGCGCGAGGATCTGTT,0.0,0.0,0.0,0.0,0.0,0.0,0.0,0.0,2.0,1.088097841757931e-05,0.0,0.0,2.0,1.8134964029298848e-06,4.4421408375509424e-06
44929,TAGCCTGTTAACAGGCGCGCCACCATTGTGACCAAGGGCGACGAACGGTT,0.0,0.0,0.0,0.0,0.0,0.0,0.0,0.0,2.0,1.088097841757931e-05,0.0,0.0,2.0,1.8134964029298848e-06,4.4421408375509424e-06
44930,TAGCCTGTTAACAGGCGCGCCAGGATCGTGAGCAAGCGCGAGGATGTGTT,0.0,0.0,0.0,0.0,0.0,0.0,0.0,0.0,2.0,1.088097841757931e-05,0.0,0.0,2.0,1.8134964029298848e-06,4.4421408375509424e-06
44931,TAGCCTGTTAAGAGGCGCGCCGAGGAGGTGATCAGGGGCGAGGAGCTGAT,0.0,0.0,0.0,0.0,0.0,0.0,0.0,0.0,2.0,1.088097841757931e-05,0.0,0.0,2.0,1.8134964029298848e-06,4.4421408375509424e-06
44932,TAGCCTGTTAGAACAGGCGCGCCACAATGGTGAGAAAGCGCGAGGATCTT,0.0,0.0,0.0,0.0,0.0,0.0,0.0,0.0,2.0,1.088097841757931e-05,0.0,0.0,2.0,1.8134964029298848e-06,4.4421408375509424e-06
44933,TAGCCTGTTAGCAGGCGCGCCACCATCTTGAGAAAGCGCGAGGAGATGTT,0.0,0.0,0.0,0.0,0.0,0.0,0.0,0.0,2.0,1.088097841757931e-05,0.0,0.0,2.0,1.8134964029298848e-06,4.4421408375509424e-06
44934,TAGCCTGTTCAGGCGCGCCACCATGGTGAGCAAGGGCGAGGAGCTGTTCACCGGGG,0.0,0.0,0.0,0.0,0.0,0.0,0.0,0.0,2.0,1.088097841757931e-05,0.0,0.0,2.0,1.8134964029298848e-06,4.4421408375509424e-06
44935,TAGCCTGTTCGAACAGCCGCGCCACCATGGTGAGCAAGGCCGAGGAGATG,0.0,0.0,0.0,0.0,0.0,0.0,0.0,0.0,2.0,1.088097841757931e-05,0.0,0.0,2.0,1.8134964029298848e-06,4.4421408375509424e-06
44936,TAGCCTGTTCGAACAGGCGCGCCCCCATGTTGAGCAAGGGCGAGGAGATG,0.0,0.0,0.0,0.0,0.0,0.0,0.0,0.0,2.0,1.088097841757931e-05,0.0,0.0,2.0,1.8134964029298848e-06,4.4421408375509424e-06
44937,TAGCCTGTTTGAACAGGCGCGCCAAAATGGTGAGCAAGCGCGAGGAGCTT,0.0,0.0,0.0,0.0,0.0,0.0,0.0,0.0,2.0,1.088097841757931e-05,0.0,0.0,2.0,1.8134964029298848e-06,4.4421408375509424e-06
44938,TAGGCTGTTAACAGGCTCGCCACCATCGTGCGCAAGGGCGACGAGCTCTT,0.0,0.0,0.0,0.0,0.0,0.0,0.0,0.0,2.0,1.088097841757931e-05,0.0,0.0,2.0,1.8134964029298848e-06,4.4421408375509424e-06
