,sequence,20_count,20_percent,21_count,21_percent,22_count,22_percent,23_count,23_percent,24_count,24_percent,total_reads_seq,percent_mean,sd
1,GTGGTCATATGGTCCAGCTCCCCTCTCCCAGCCCTGGTACCTTCCTATCTGGGCTAAATCATTTCTAAATCATTT,36772.0,0.16739807345630678,14968.0,0.08376002372678384,19153.0,0.12831713150613347,22570.0,0.1483628810138897,13869.0,0.11165587865906676,107332.0,0.12789879767243612,0.032369778656769155
2,GTGGTCATATGGTCCAGCTCCCATTGCTGGGGACTCACTGGTCTGCTTACTGGAACGTTGCTGGCCATGCTGGAA,28856.0,0.131361873372544,9408.0,0.05264659962731042,23305.0,0.15613380409076597,22379.0,0.14710735109480894,9251.0,0.07447750619907899,93199.0,0.11234542687690166,0.04605802857025915
3,GTGGTCATATGGTCCAGCTCCCTTGTAGTTGCCGTCGTCC,28078.0,0.12782016497623686,8299.0,0.046440702626174446,5939.0,0.03978882911371204,14390.0,0.09459201851084949,9143.0,0.07360802498953402,65849.0,0.07644994804330137,0.03612721580368709
4,GTGGTCATATGGTCCAGCTCTGGAGCAGGCACGCAGTTGATGCTTAATTGTTGCCAACCTCTCCTTGTAGTTGC,22957.0,0.10450771163756215,8232.0,0.04606577467389662,12073.0,0.08088407709881217,15403.0,0.10125092850052916,5850.0,0.04709689885035262,64515.0,0.07596107815223055,0.02830897715145269
5,GTGGTCATATGGTCCAGCTCCCTCTCTCAGCTCTGGGATCTTATTTGGCTTGAACCTGTGTTGTCCCTGTTTATG,14105.0,0.06421053589963036,2997.0,0.01677103093994997,19311.0,0.1293756657711556,8914.0,0.05859577852715166,5843.0,0.047040543586771004,51170.0,0.06319871094493172,0.04128624459088339
6,GTGGTCATATGGTCCAGCTCCTGGGTCTCCCCGTGCCTTGCCCTGGCTCAGGGGTCAGGAGAGCTCAGGAGAG,12389.0,0.05639874720032048,148.0,0.0008281990587629616,19.0,0.00012729209516089052,0.0,0.0,676.0,0.005442308311596303,13232.0,0.012559309333168126,0.02460923743155979
7,GTGGTCATATGGTCCAGCTCCGACGATCTTGTAGTTGCCGTCGTCC,8965.0,0.040811588397035525,0.0,0.0,0.0,0.0,0.0,0.0,0.0,0.0,8965.0,0.008162317679407106,0.018251497185102623
8,GTGGTCATATGGTCCAGCTCCTGCATGTTCCCTGGTTGGTAGCCTAGGCTCTGTGAGCTCCTGTGGTCCCAAGTT,5450.0,0.02481016807181747,1334.0,0.0074649834080391265,6462.0,0.04329271152261444,3300.0,0.021692401743280285,317.0,0.002552088365053296,16863.0,0.019962470622160923,0.016047597715282528
9,GTGGTCATATGGTCCAGCTCCTTGCTCTGTCCCACCATGATAAACCAGGATGTAGTTGCCGTCGTCC,5186.0,0.0236083544257698,2305.0,0.012898640746274503,2482.0,0.016628367378385803,2222.0,0.014606217173808726,2485.0,0.020006118571474576,14680.0,0.01754953965914268,0.004297865244805793
10,GTGGTCATATGGTCCAGCTCCGTCTCGTAGTTGCCGTCGTCC,4986.0,0.02269788954240035,0.0,0.0,0.0,0.0,0.0,0.0,0.0,0.0,4986.0,0.00453957790848007,0.010150804792517756
11,GTGGTCATATGGTCCAGCTCCTTGATTAGGGCTCAGACCTACTACCAAGGAATTCTCCATTGCCTTTTGCTCTA,4132.0,0.018810204490412805,93.0,0.0005204223815199691,0.0,0.0,0.0,0.0,0.0,0.0,4225.0,0.0038661253743865545,0.008357033046691198
12,GTGGTCATATGGTCCAGCTCCTGCGCGGGGCACTACGGGAGTTGTGGTCGAAAGGGCCAGCCGCTTGCAACAGTA,4098.0,0.01865542546024,341.0,0.0019082153989065534,237.0,0.0015878013975332132,492.0,0.003234139896270879,1707.0,0.013742633561974688,6875.0,0.007825643142985067,0.007862942888477276
13,GTGGTCATATGGTCCAGCTCCCTGCCTCATGCCACACGCTCCTGCTCCACCTCCGAGCCTGGGTTTTCCACAGAG,4086.0,0.018600797567237832,257.0,0.0014381564736627103,24.0,0.00016079001494007222,0.0,0.0,280.0,0.002254210543264741,4647.0,0.004490790919821071,0.007942437713867075
14,GTGGTCATATGGTCCAGCTCCTCCTGTGTCCCATAGTCCTCCGGGGCCTCATCGAGGTGCGCTCCCCGCACTTGG,3787.0,0.017239652566600507,0.0,0.0,0.0,0.0,0.0,0.0,0.0,0.0,3787.0,0.0034479305133201014,0.007709807009479491
15,GTGGTCATATGGTCCAGCTCCACCCCCATATGCCTCAGAGAAAAGCCTTCCCCCTACATTTACCTGGAGCCTGAG,3388.0,0.015423275124278456,0.0,0.0,409.0,0.002740129837937064,13321.0,0.08756499503704142,5014.0,0.04036647022831932,22132.0,0.029218974045515256,0.03631020442057697
16,GTGGTCATATGGTCCAGCTCCTGCATTGAGCTGAACATTTTGAGGCCAATGTGGCTGCTAATTTCTGTTCAATG,3199.0,0.014562885809494329,1277.0,0.007146014851623662,0.0,0.0,0.0,0.0,161.0,0.001296171062377226,4637.0,0.004601014344699043,0.006304295475751226
17,GTGGTCATATGGTCCAGCTCCTCTCGTGGGCTTGTAGTTGCCGTCGTCC,2940.0,0.013383833785530892,810.0,0.004532711064851344,0.0,0.0,0.0,0.0,0.0,0.0,3750.0,0.0035833089700764474,0.0058196211328786765
18,GTGGTCATATGGTCCAGCTCCTTCGTGCTCTTCCATTGGTGGCTCAGTCTTTTGAGCCCCCACGGGACAAGGTTA,2445.0,0.011130433199191507,83.0,0.0004644629856576068,0.0,0.0,0.0,0.0,493.0,0.00396902070653399,3021.0,0.0031127833782766206,0.004780384206191746
19,GTGGTCATATGGTCCAGCTCCTGCGCGGGGCACTACGGGAGTTGTGGTCGAAAGGGCCAGCCGCTTGCAACAGTT,1577.0,0.007179015605368101,115.0,0.0006435330524171662,70.0,0.00046897087690854397,158.0,0.0010386059016479652,593.0,0.004774095900557112,2513.0,0.002820844267379778,0.0030106982378539644
20,GTGGTCATATGGTCCAGCTCCTTGTAAGCAATGCCATCACTCGGTTGGTGGTCTTGTAGTTGCCGTCGTCC,1533.0,0.006978713331026822,181.0,0.001012865065108757,0.0,0.0,0.0,0.0,0.0,0.0,1714.0,0.001598315679227116,0.0030395423316863456
21,GTGGTCATATGGTCCAGCCTCCGGCCGCATGGACTGCGGAGCACGGGTCCGCGCGCCAGAGGCCGTACAGGCCTT,1158.0,0.005271591674709106,0.0,0.0,0.0,0.0,0.0,0.0,0.0,0.0,1158.0,0.0010543183349418213,0.0023575274668543042
22,GTGGTCATATGGTCCAGCTGCCTCACGGTATACAACTCCTTCTTCTGCTGGCAGTGTTAGTAAGTTTGGGTGGCA,1097.0,0.004993899885281425,27.0,0.00015109036882837812,350.0,0.00234485438454272,101.0,0.0006639189624458512,0.0,0.0,1575.0,0.0016307527202196748,0.0020978693157970765
23,GTGGTCATATGGTCCAGCTCCAGGGCCTTCTTGTAGTTGCCGTCGTCC,1065.0,0.004848225503942313,69.0,0.00038611983145029965,0.0,0.0,0.0,0.0,0.0,0.0,1134.0,0.0010468690670785226,0.0021315900663170803
24,GTGGTCATATGGTCCAGCTCCATGCTGAACTAAGCATATATTATCCATCCTTTTACCTTGTAGTTGCCGTCGTC,1055.0,0.00480270225977384,41.0,0.00022943352303568532,0.0,0.0,0.0,0.0,0.0,0.0,1096.0,0.0010064271565619052,0.0021245064503434036
25,GTGGTCATATGGTCCAGCTCCCCTTTCCTTGTCTGGCTTGAGCTTATAAAAGTCTTGTAGTTGCCGTCGTCC,1010.0,0.004597847661015715,67.0,0.00037492795227782723,0.0,0.0,90.0,0.0005916109566349169,1501.0,0.012084178662287058,2668.0,0.003529713046443103,0.005132343046753547
26,GTGGTCATATGGTCCAGCTCCATTTGTATATATACATAGTCACATTCAGTTTTCCCAGCACCATTTGTTGAAGAT,996.0,0.0045341151191798535,35.0,0.00019585788551826794,0.0,0.0,0.0,0.0,0.0,0.0,1031.0,0.0009459946009396243,0.002007612468845795
27,GTGGTCATATGGTCCAGCTCCTGCATGCTCCCTGCTCATCCAGTCTTTGTGAGGTCCCTGGCCCCCAGTGAGTTG,938.0,0.004270080303002713,139.0,0.0007778356024868355,27.0,0.00018088876680758125,594.0,0.0039046323137904514,493.0,0.00396902070653399,2191.0,0.0026204915385243145,0.0019707697811990545
28,GTGGTCATATGGTCCAGCTCCTGGGCTTCCCTCCCTGCAGCTAGCTATTCATTCTCTTTATAACCCTGCTATT,920.0,0.004188138463499463,31.0,0.00017347412717332305,0.0,0.0,0.0,0.0,0.0,0.0,951.0,0.0008723225181345572,0.0018551188765156747
29,GTGGTCATATGGTCCAGCTCCATCATTTGGAAGGTTTCCTGGCCATCTGGACCTAGTTAGTTCTTCTCTATGCGT,892.0,0.00406067337982774,24.0,0.00013430255006966944,0.0,0.0,0.0,0.0,0.0,0.0,916.0,0.000838995185979482,0.0018019115448679169
30,GTGGTCATATGGTCCAGCTCCGTCTCGTGGTCTTGTAGTTGCCGTCGTCC,849.0,0.003864923429903309,0.0,0.0,0.0,0.0,0.0,0.0,0.0,0.0,849.0,0.0007729846859806618,0.0017284463034190885
31,GTGGTCATATGGTCCAGCTCCGAGCGTTAGTCCATAGGTCAGTCTTTTGCAGCCTGCTATTGACTCGTAGCATAG,828.0,0.0037693246171495165,0.0,0.0,0.0,0.0,0.0,0.0,0.0,0.0,828.0,0.0007538649234299033,0.0016856932146419375
32,GTGGTCATATGGTCCAGCTCCTGCATGCTCCCTGGTCCAGTCTCTGTGAGCCCCCATGGTCCCAGGTTAGTTGA,605.0,0.0027541562721925816,22.0,0.000123110670897197,0.0,0.0,0.0,0.0,0.0,0.0,627.0,0.0005754533886179557,0.001219098026881663
33,GTGGTCATATGGTCCAGCTCCCCCCCCATATGCCTCAGAGAAAAGCCTTCCCCCTACATTTACCTGGAGCCTGAG,597.0,0.0027177376768578038,0.0,0.0,83.0,0.0005560654683344164,2442.0,0.01605237729002741,0.0,0.0,3122.0,0.0038652360870439265,0.006904235538851151
34,GTGGTCATATGGTCCAGCTCCGAGCCCACGAGACCTTGTAGTTGCCGTCGTCC,550.0,0.0025037784292659833,30.0,0.0001678781875870868,0.0,0.0,0.0,0.0,0.0,0.0,580.0,0.000534331323370614,0.001103351677056119
35,GTGGTCATATGGTCCAGCTCCTTGCTCTGTCCCACCATGATAAACCAGGATGTAGTTGCCGTCGTCCCTGTCTCG,533.0,0.00242638891417958,323.0,0.0018074884863543013,206.0,0.0013801142949022866,194.0,0.001275250284301932,196.0,0.0015779473802853185,1452.0,0.0016934378720046834,0.00045733339835760437
36,GTGGTCATATGGTCCAGCTCCACACTGAAGTCCCCACTGGCAGTTGCCGTCGTCC,456.0,0.0020758599340823425,25.0,0.00013989848965590567,274.0,0.001835686003899158,197.0,0.0012949706495230958,45.0,0.0003622838373104048,997.0,0.0011417397828941815,0.0008644158520258015
37,GTGGTCATATGGTCCAGCTCCTCGAGAAAGCTGCGTGGACACAGCTCGTCTCGCACCAGCAACACCCCGGATGTG,453.0,0.002062202960831801,0.0,0.0,746.0,0.0049978896310539115,125.0,0.0008216818842151623,3961.0,0.03188902843525585,5285.0,0.007954160582271346,0.013513636859081156
38,GTGGTCATATGGTCCAGCTCCGAGTTTGCCGCACTGTTCCCAGCGGGTGCCAACTCTGAATGCCTGCTTAAGTCA,390.0,0.0017754065225704244,0.0,0.0,0.0,0.0,0.0,0.0,0.0,0.0,390.0,0.0003550813045140849,0.0007939859344327967
39,GTGGTCATATGGTCCAGCTCCGAAGCCCAGTCCCTTCCCTCCACCTTTGGAAGTGGACACTAGGACTGGTTATGG,357.0,0.0016251798168144655,192.0,0.0010744204005573555,0.0,0.0,0.0,0.0,0.0,0.0,549.0,0.0005399200434743642,0.0007645293270025897
40,GTGGTCATATGGTCCAGCTCCGACGATCTTGTAGTTGCCGTCGTCCCTGTGTGTTATACACATCTCCGAGCCCA,306.0,0.0013930112715552561,0.0,0.0,0.0,0.0,0.0,0.0,0.0,0.0,306.0,0.00027860225431105125,0.0006229735793241944
41,GTGGTCATATGGTCCAGCTCCACCTTAACCATCGACGACTCTTCGATGTCTTTGCGCAGCGCGCGAATGGCAGC,286.0,0.0013019647832183112,0.0,0.0,18.0,0.00012059251120505417,0.0,0.0,1053.0,0.008477441793063471,1357.0,0.001979999817497367,0.0036733730350602366
42,GTGGTCATATGGTCCAGCTCCCAACAATGGTCAGCAGCAGCTGTGAATGGAAGTCCAAGGATCTTGTAGTTGCCG,284.0,0.0012928601343846168,0.0,0.0,0.0,0.0,0.0,0.0,0.0,0.0,284.0,0.00025857202687692337,0.0005781846291767033
43,GTGGTCATATGGTCCAGCTCCTGGTCTAGAAAAAGTGATTAGCACACAGCCGCACTCACTGCTTCTTGTAGTTG,280.0,0.0012746508367172278,0.0,0.0,414.0,0.002773627757716246,178.0,0.0011700750031223913,868.0,0.0069880526841206965,1740.0,0.002441281256335312,0.0027258223832554514
44,GTGGTCATATGGTCCAGCTCCTCCTCCAGCTCCTCGGCCCTAGCCTAAGGAGATGGTACCGACTCCATGAGCCC,245.0,0.0011153194821275744,0.0,0.0,0.0,0.0,3726.0,0.024492693604685558,74.0,0.0005957556435771101,4045.0,0.005240753746078049,0.010772225898252372
45,GTGGTCATATGGTCCAGCTCCCTTGTAGTTGCCGTCGTCCCTGTGTCTTTTACACATCTCCGAGCCCACGAGAC,238.0,0.0010834532112096436,0.0,0.0,0.0,0.0,0.0,0.0,0.0,0.0,238.0,0.0002166906422419287,0.00048453500614103996
46,GTGGTCATATGGTCCAGCTCCGGTCTTGTAGTTGCCGTCGTCCCTGTGTGTTATACACATCTCCGAGCCCACGAG,216.0,0.0009833020740390042,270.0,0.0015109036882837814,0.0,0.0,290.0,0.0019063019713791765,849.0,0.006835088397256304,1625.0,0.002247119226191653,0.002662442931072418
47,GTGGTCATATGGTCCAGCTCCTTGCTCTGTCCCACCATGATAAACCAGGATGTAGTTGCCGTCGTCCCTGTGT,201.0,0.0009150172077862957,145.0,0.000811411240004253,140.0,0.0009379417538170879,78.0,0.0005127294957502613,108.0,0.0008694812095449715,672.0,0.000809316181380574,0.0001727028711730622
48,GTGGTCATATGGTCCAGCTCCAGTCTGCTGAGTGTTAGGATTATAGTCCTGTGCCACCATCTTCCTGCCCTCTCG,188.0,0.0008558369903672816,0.0,0.0,0.0,0.0,0.0,0.0,0.0,0.0,188.0,0.00017116739807345631,0.0003827419376240149
49,GTGGTCATATGGTCCAGCTCCTGCATGCTCCCTAGTTGGTGGCCCAGGCTCTGGAATTCCCCCATGGTCCTATGT,180.0,0.0008194183950325036,0.0,0.0,0.0,0.0,0.0,0.0,0.0,0.0,180.0,0.00016388367900650071,0.0003664550466612908
50,GTGGTCATATGGTCCAGCTCGACCAGGATGGGCACCACCCCGGTGAACAGCTCCTCGCCCTTGCTCACCATGGTG,172.0,0.0007829997996977256,0.0,0.0,381.0,0.0025525414871736467,536.0,0.003523371919514616,422.0,0.003397417318777574,1511.0,0.002051266105032712,0.0015848255174421304
51,GTGGTCATATGGTCCAGCTCCCTTGTAGTTGCCGTCGTCCCTGTCTGTTATACACCTCTCCGAGCCCACGAGAC,169.0,0.0007693428264471839,0.0,0.0,0.0,0.0,0.0,0.0,0.0,0.0,169.0,0.00015386856528943677,0.00034406057158754524
52,GTGGTCATATGGTCCAGCTCCGTCTCGTAGTTGCCGTCGTCCCAGTCTCTTATACACAACTCCGAGCCCACGAGA,169.0,0.0007693428264471839,0.0,0.0,0.0,0.0,0.0,0.0,0.0,0.0,169.0,0.00015386856528943677,0.00034406057158754524
53,GTGGTCATATGGTCCAGCTCCAGCCCCAGCATCCCGCATATTAAAAGGAAGTATAACTGGTGTTGAGTACTACT,161.0,0.000732924231112406,0.0,0.0,94.0,0.0006297608918486162,409.0,0.002688543125152011,19.0,0.00015296428686439314,683.0,0.0008408385069954852,0.0010782383716135971
54,GTGGTCATATGGTCCAGCTCCCTTGTAGTTGCCGTCGTCCCAGTCTCTTATACACAACTCCGAGCCCACGAGAC,152.0,0.0006919533113607808,0.0,0.0,0.0,0.0,0.0,0.0,0.0,0.0,152.0,0.00013839066227215618,0.00030945092829175674
55,GTGGTCATATGGTCCAGCTCCTGTTGTGGCTCTGTCTGCTCTGAGGAGGGCTGTGGCCAAGGCTGCTGCCAGCC,148.0,0.0006737440136933919,0.0,0.0,0.0,0.0,0.0,0.0,0.0,0.0,148.0,0.0001347488027386784,0.0003013074828103947
56,GTGGTCATATGGTCCAGCTCCTTGCTCTGTCCCCCCATGATAAACCAGGATGTAGTTGCCGTCGTCCCTGTCTCG,128.0,0.000582697525356447,0.0,0.0,56.0,0.00037517670152683517,62.0,0.00040755421457072053,65.0,0.0005232988761150291,311.0,0.0003777454635138064,0.00022736421164971774
57,GTGGTCATATGGTCCAGCTCCCTTGTAGTTGCCGTCGTCCCTGTCTCTTAAACACAACTCCGAGCCCACGAGAC,114.0,0.0005189649835205856,0.0,0.0,0.0,0.0,0.0,0.0,0.0,0.0,114.0,0.00010379299670411712,0.0002320881962188175
58,GTGGTCATATGGTCCAGCTCCAGCCTATGGGATGGCGCTGCCTGAATTCACATGCCTCCCTTAATGGGAACAAC,109.0,0.0004962033614363493,14883.0,0.08328436886195377,1317.0,0.008823352069836463,117.0,0.0007690942436253919,19.0,0.00015296428686439314,16445.0,0.018705196564743277,0.036282147358096026
59,GTGGTCATATGGTCCAGCTCCTGCATGTTCCCTTATGTGATAGCCAAAGCTCAGTGAGCCCCCACACTACCATGT,108.0,0.0004916510370195021,1389.0,0.007772760085282119,557.0,0.003731668263400843,389.0,0.0025570740236775854,18.0,0.00014491353492416192,2461.0,0.0029396133888608426,0.0030796047323054126
60,GTGGTCATATGGTCCAGCTCCGACGATCTTGTAGTTGCCGTCGTCCCTGTGTCTTATAAACATCTCCGAGCCCA,104.0,0.0004734417393521132,0.0,0.0,0.0,0.0,0.0,0.0,0.0,0.0,104.0,9.468834787042264e-05,0.00021172958251541244
61,GTGGTCATATGGTCCAGCTCCATGTTGCAGGTGTGGTACCTCCAGGAAAATGGAGGCAATAGCCGCTATTTACT,100.0,0.00045523244168472424,0.0,0.0,0.0,0.0,0.0,0.0,0.0,0.0,100.0,9.104648833694485e-05,0.00020358613703405046
62,GTGGTCATATGGTCCAGCTCCGACGATCTTGTAGTTGCCGTCGTCCCTGTGTCTTATACACCTCTCCGAGCCCA,99.0,0.00045068011726787696,0.0,0.0,0.0,0.0,0.0,0.0,0.0,0.0,99.0,9.013602345357539e-05,0.0002015502756637099
63,GTGGTCATATGGTCCAGCTCCTCTGAGGAGACGCGCACATAGGTGAAGTCGATGAAGTCACAGTCTACATCCTGG,98.0,0.0004461277928510297,454.0,0.002540556572151247,409.0,0.002740129837937064,1207.0,0.007934160273981607,413.0,0.003324960551315493,2581.0,0.0033971870056472885,0.002759693524512559
64,GTGGTCATATGGTCCAGCTCCGACGATCTTGTAGTTGCCGTCGTCCCTGTGTCTTATAGACATCTCCGAGCCCA,96.0,0.00043702314401733525,0.0,0.0,0.0,0.0,0.0,0.0,0.0,0.0,96.0,8.740462880346705e-05,0.00019544269155268842
65,GTGGTCATATGGTCCAGCTCCTTGCTCTGTCCCACCATGATAAACCAGGATGTAGTTGCCGTCGTCCCAGTCT,92.0,0.00041881384634994627,46.0,0.00025741322096686645,39.0,0.00026128377427761735,32.0,0.00021035056235908155,37.0,0.00029787782178855506,246.0,0.00028914784514841335,7.887012893382393e-05
66,GTGGTCATATGGTCCAGCTCCCTTGTAGTTGCCGTCGTCCCTGTCTCTATACACATCTCCGAGCCCACGAGACCG,91.0,0.00041426152193309903,0.0,0.0,0.0,0.0,0.0,0.0,0.0,0.0,91.0,8.28523043866198e-05,0.0001852633847009859
67,GTGGTCATATGGTCCAGCTCTGACCTGTCCTCTTGGCTGGTGCCCCAGCTCATGGGCCAGCCTCTGACCTTTG,91.0,0.00041426152193309903,0.0,0.0,0.0,0.0,0.0,0.0,0.0,0.0,91.0,8.28523043866198e-05,0.0001852633847009859
68,GTGGTCATATGGTCCAGCTCCCTTGTAGTTGCCGTCGTGCCTGTCTGTTATACACCTCTCCGAGCCCACGAGAC,87.0,0.0003960522242657101,0.0,0.0,0.0,0.0,0.0,0.0,0.0,0.0,87.0,7.921044485314202e-05,0.0001771199392196239
69,GTGGTCATATGGTCCAGCTCCACCTGCCAAGCCAAAGCACAGAGGTCATCATCCCTGAGAAAGCACAAGAAACT,85.0,0.0003869475754320156,0.0,0.0,114.0,0.0007637525709653431,1342.0,0.008821576708933982,46.0,0.000370334589250636,1587.0,0.0020685222889163953,0.0037847221647259394
70,GTGGTCATATGGTCCAGCTCCCTTGTAGTTGCCGTCGTCCCTGTCTCTTATACCCCTCTCCGAGCCCACGAGAC,76.0,0.0003459766556803904,0.0,0.0,0.0,0.0,0.0,0.0,0.0,0.0,76.0,6.919533113607809e-05,0.00015472546414587837
71,GTGGTCATATGGTCCAGCTCCGTCTCGTAGTTGCCGTCGTCCCTGTGTCTTATACACAACTCCGAGCCCACGAGA,69.0,0.0003141103847624597,0.0,0.0,0.0,0.0,0.0,0.0,0.0,0.0,69.0,6.282207695249195e-05,0.00014047443455349483
72,GTGGTCATATGGTCCAGCTCCATCCCCACCCGCACGGAGCCTTCTGTCTTCATAGCCCATGCTTGTCCAACGC,66.0,0.00030045341151191797,1344.0,0.007520942803901489,21.0,0.0001406912630725632,0.0,0.0,0.0,0.0,1431.0,0.0015924174956971943,0.0033164619529153006
73,GTGGTCATATGGTCCAGCTCCATCTGGTCGTCGGTGCTGCGGCTCCGCAGGACCATGTGATCGCGCTTCTCGTTG,65.0,0.00029590108709507074,0.0,0.0,0.0,0.0,41.0,0.0002695116580225732,14890.0,0.11987569639004284,14996.0,0.024088221827032096,0.053547013513928474
74,GTGGTCATATGGTCCAGCTCCCTTGTAGTTGCCGTCGTCCCTGTGTCTTATACAGATCTCCGAGCCCACGAGAC,62.0,0.00028224411384452904,0.0,0.0,0.0,0.0,0.0,0.0,0.0,0.0,62.0,5.644882276890581e-05,0.0001262234049611113
75,GTGGTCATATGGTCCAGCTCCCTTGTAGTTGCCGTCGTCCCAGTCTCTTATACACATCACCGAGCCCACGAGAC,59.0,0.0002685871405939873,0.0,0.0,0.0,0.0,0.0,0.0,0.0,0.0,59.0,5.371742811879745e-05,0.00012011582085008976
76,GTGGTCATATGGTCCAGCTCCTTGCTCTGTCCCACCATGATAAACCAGGATGTAGTTGCCGTCGTCCCGGTCT,59.0,0.0002685871405939873,0.0,0.0,0.0,0.0,28.0,0.00018405674206419637,20.0,0.00016101503880462434,107.0,0.0001227317842925616,0.00011898143209637348
77,GTGGTCATATGGTCCAGCTCCCACCCTAACCGAGACCCCTTGCCTTGGTGTCCTACATGCTGGGATTGTGGGTGT,50.0,0.00022761622084236212,0.0,0.0,0.0,0.0,0.0,0.0,0.0,0.0,50.0,4.5523244168472426e-05,0.00010179306851702523
78,GTGGTCATATGGTCCAGCTCCAGCCCCAGCATCCCGCATATTAAAAGGAAGTATAACTGGTGTTGAGTACTA,44.0,0.00020030227434127867,0.0,0.0,0.0,0.0,107.0,0.000703359692888179,0.0,0.0,151.0,0.00018073239344589153,0.0003047600976516774
79,GTGGTCATATGGTCCAGCTCCGACGATCTTGTAGTTGCCGTCGTCCCTGTCTCTATACACATCTCCGAGCCCACG,44.0,0.00020030227434127867,0.0,0.0,0.0,0.0,0.0,0.0,0.0,0.0,44.0,4.006045486825573e-05,8.95779002949822e-05
80,GTGGTCATATGGTCCAGCTCCGCCCGCCTTGACTTCTGAACCACTGTGGCTGTAGTTGCCGTCGTCC,44.0,0.00020030227434127867,0.0,0.0,0.0,0.0,0.0,0.0,0.0,0.0,44.0,4.006045486825573e-05,8.95779002949822e-05
81,GTGGTCATATGGTCCAGCTCCAAGTGGGGGCACCCGATACGTACTCTGGGGAGAGCAAGGGTCAGCAAATCAGAT,42.0,0.00019119762550758417,970.0,0.00542806139864914,0.0,0.0,0.0,0.0,0.0,0.0,1012.0,0.0011238518048313447,0.0024075502426424687
82,GTGGTCATATGGTCCAGCTCCACCTCGCCCAGATCCAGGTTATCATCGTCCGGCTCGTCCTCGTCGTCGTCCTC,42.0,0.00019119762550758417,847.0,0.004739760829542084,0.0,0.0,0.0,0.0,0.0,0.0,889.0,0.0009861916910099337,0.002099941606103372
83,GTGGTCATATGGTCCAGCTCCATCTGGTCGTCGGTGCTGCGGCTCCGTCGCGCTTCTCGTTGGGGTCTTTGCTCA,41.0,0.00018664530109073694,0.0,0.0,0.0,0.0,0.0,0.0,5424.0,0.04366727852381412,5465.0,0.008770784764980971,0.01950790047119798
84,GTGGTCATATGGTCCAGCTCCATGCACAGGACTGGGCCACGCTGCCTGCCACAGAGCTTTGGCCTCAGCTCTTTT,41.0,0.00018664530109073694,525.0,0.002937868282774019,52.0,0.00034837836570348983,535.0,0.003516798464440895,415.0,0.003341062055195955,1568.0,0.0020661504938410194,0.0016562723040917568
85,GTGGTCATATGGTCCAGCTCCGGTCTTGTAGTTGCCGTCGTCCCTGTGTCTTATAGACATCTCCGAGCCCACGAG,41.0,0.00018664530109073694,51.0,0.0002853929188980476,0.0,0.0,51.0,0.00033524620875978624,93.0,0.0007487199304415033,236.0,0.00031120087183801484,0.00027614635075482916
86,GTGGTCATATGGTCCAGCTCCCTTGTAGTTGCCGTCGTCCCTGTCTCTTATACACCACTCCGAGCCCACGAGAC,34.0,0.00015477903017280625,0.0,0.0,0.0,0.0,0.0,0.0,0.0,0.0,34.0,3.095580603456125e-05,6.921928659157715e-05
87,GTGGTCATATGGTCCAGCTCCTGTGGTTGTGGAGTTGCCGTCGTCC,33.0,0.00015022670575595899,0.0,0.0,0.0,0.0,0.0,0.0,0.0,0.0,33.0,3.0045341151191797e-05,6.718342522123665e-05
88,GTGGTCATATGGTCCAGCTCCCGTCGTAGTTCCGCACCTTCGGATAGCCCAGCAGATGGGTGAGCACGAACCAGG,30.0,0.00013656973250541726,0.0,0.0,0.0,0.0,0.0,0.0,321.0,0.0025842913728142207,351.0,0.0005441722210639277,0.0011419934501290243
89,GTGGTCATATGGTCCAGCTCCCTTGTAGTTGCCGTCGTCCCTGTCTCTTACACATCTCCGAGCCCACGAGACCGT,30.0,0.00013656973250541726,0.0,0.0,0.0,0.0,0.0,0.0,0.0,0.0,30.0,2.731394650108345e-05,6.107584111021514e-05
90,GTGGTCATATGGTCCAGCTCCCTTGTAGTTGCCGTCGTCCCTGTGTCTTATACACCTCTCCGAGCCCACGAGAC,30.0,0.00013656973250541726,0.0,0.0,0.0,0.0,0.0,0.0,0.0,0.0,30.0,2.731394650108345e-05,6.107584111021514e-05
91,GTGGTCATATGGTCCAGCTCCATCTGGTCGTCGGTGCTGCGGCCTCAGGAGGTGCACGTTGGACTCAGGCAGCAG,29.0,0.00013201740808857002,0.0,0.0,0.0,0.0,0.0,0.0,0.0,0.0,29.0,2.6403481617714003e-05,5.9039979739874626e-05
92,GTGGTCATATGGTCCAGCTCCTGTGGTTGTGGCGTTGCCGTCGTCC,29.0,0.00013201740808857002,0.0,0.0,0.0,0.0,30.0,0.00019720365221163896,0.0,0.0,59.0,6.58442120600418e-05,9.305989358337231e-05
93,GTGGTCATATGGTCCAGCTTGTGCCCCAGGATGTTGCCGTCCTCCTTGAAGTCGATGCCCTTCAGCTCGATGCGG,29.0,0.00013201740808857002,0.0,0.0,0.0,0.0,0.0,0.0,4364.0,0.035133481467169034,4393.0,0.0070530997750515205,0.015697514663281807
94,GTGGTCATATGGTCCAGCTCCTGCATGCTCTTTGGTTAACGGTTCAGCCCCTATGAGTGCCCAGATTCTATACAT,28.0,0.0001274650836717228,0.0,0.0,0.0,0.0,0.0,0.0,0.0,0.0,28.0,2.5493016734344557e-05,5.700411836953413e-05
95,GTGGTCATATGGTCCAGCTCCAGGAAGTGCTAACCTTACTGCTTCCTTGGACTCAGATTTCTGGCTCTCAGAATT,26.0,0.0001183604348380283,398.0,0.0022271839553220183,0.0,0.0,0.0,0.0,0.0,0.0,424.0,0.0004691088780320093,0.0009841292936063615
96,GCCCTCGAACTTCACCTCGGCGCGGGTCTTGTAGTTGCCGTCGTCC,25.0,0.00011380811042118106,0.0,0.0,0.0,0.0,0.0,0.0,0.0,0.0,25.0,2.2761622084236213e-05,5.0896534258512615e-05
97,GTGGTCATATGGTCCAGCTCCGACGATCTTGTAGTTGCCGTCGTCCCTGTGTCTTATTCACATCTCCGAGCCCA,25.0,0.00011380811042118106,0.0,0.0,0.0,0.0,0.0,0.0,0.0,0.0,25.0,2.2761622084236213e-05,5.0896534258512615e-05
98,GTGGTCATATGGTCCAGCTCCATCTGGTCGTCGGTCCCGGCCTTGTACAGCTCGTCCATGCCGAGAGTGATCCCG,0.0,0.0,90185.0,0.5046698115847141,36.0,0.00024118502241010834,22.0,0.00014461601162186856,0.0,0.0,90243.0,0.10101112252374922,0.22565209030796576
99,GTGGTCATATGGTCCAGCTCCGGTCTTGTAGTTGCCGTCGTCC,0.0,0.0,4401.0,0.024627730119025634,0.0,0.0,5877.0,0.03863219546826007,12339.0,0.099338228190513,22617.0,0.032519630755559734,0.040863869356541946
100,GTGGTCATATGGTCCAGCTCCATGATCTTGTAGTTGCCGTCGTCC,0.0,0.0,3044.0,0.017034040100503075,0.0,0.0,0.0,0.0,0.0,0.0,3044.0,0.003406808020100615,0.007617854319236445
101,GTGGTCATATGGTCCAGTCCGGTCTTGTAGTTGCCGTCGTCC,0.0,0.0,1820.0,0.010184610046949934,0.0,0.0,0.0,0.0,0.0,0.0,1820.0,0.0020369220093899867,0.0045546960778614755
102,GTGGTCATATGGTCCAGCTCCGTCGTGGGCTTGTAGTTGCCGTCGTCC,0.0,0.0,1552.0,0.008684898237838624,0.0,0.0,0.0,0.0,0.0,0.0,1552.0,0.0017369796475677247,0.00388400456749506
103,GTGGTCATATGGTCCAGCTCCGTCTCGTGGGGCTTGTAGTTGCCGTCGTCC,0.0,0.0,885.0,0.0049524065338190605,0.0,0.0,0.0,0.0,0.0,0.0,885.0,0.0009904813067638121,0.0022147835323667064
104,GTGGTCATATGGTCCAGCTCCGTCTCGTGGGCTTGTAGTTGCCGTCGTCC,0.0,0.0,704.0,0.003939541468710304,239.0,0.001601200565444886,304.0,0.0019983303424112747,0.0,0.0,1247.0,0.001507814475313293,0.001636278699675671
105,GTGGTCATATGGTCCAGCTCCCGCCAACACCACTGCATCCCACGGTCTCTCGAGTCTGATCCTGCTTGCTACTC,0.0,0.0,672.0,0.0037604714019507444,0.0,0.0,0.0,0.0,0.0,0.0,672.0,0.0007520942803901488,0.0016817339364411598
106,GTGGTCATATGGTCCAGCTCCACCTCGCCCAGATCCAGGTTATCATCGTCCGGCTCGTCCTCGTCGTCGTGCTC,0.0,0.0,390.0,0.0021824164386321284,0.0,0.0,0.0,0.0,0.0,0.0,390.0,0.0004364832877264257,0.0009760063023988876
107,GTGGTCATATGGTCCAGCTCCGTCTAGTTGCCGTCGTCCCTGTGTGTTATACACATCTCCGAGCCCACGAGACAG,0.0,0.0,217.0,0.0012143188902132612,0.0,0.0,0.0,0.0,0.0,0.0,217.0,0.00024286377804265223,0.0005430599169757912
108,GTGGTCATATGGTCCAGCTCCGTCGTGGGCTTGTAGTTGCCGTCGTCCCTGTGTGTTATACACATCTCCGAGCC,0.0,0.0,198.0,0.001107996038074773,0.0,0.0,0.0,0.0,0.0,0.0,198.0,0.00022159920761495458,0.0004955108919871275
109,GTGGTCATATGGTCCAGCTCCGTCTCGTGGGCTTGTAGTTGCCGTCGTCCCTGTGTGTTATACACATCTCCGAG,0.0,0.0,183.0,0.0010240569442812296,0.0,0.0,0.0,0.0,0.0,0.0,183.0,0.00020481138885624592,0.00045797218804870883
110,GTGGTCATATGGTCCAGCTCCCTTGTAGTTGCCGTCGTCCCAGTCTCTTATACACAACTCCGAGCCCACGAGACA,0.0,0.0,157.0,0.0008785625150390876,0.0,0.0,0.0,0.0,0.0,0.0,157.0,0.00017571250300781751,0.0003929051012221162
111,GTGGTCATATGGTCCAGCTCCATCTGGTCGTCGGTGCTGCGGCTCCGGCCCTCGAACTTCACCTCGGCGCGGGTG,0.0,0.0,120.0,0.0006715127503483472,25076.0,0.16799876727655214,1764.0,0.011595574750044371,140.0,0.0011271052716323704,27100.0,0.03627859200971544,0.07378869030016603
112,GTGGTCATATGGTCCAGCTCCCTTGTAGTTGCCGTCGTCCCTGTCTCTTATACCCCTCTCCGAGCCCACGAGACA,0.0,0.0,120.0,0.0006715127503483472,0.0,0.0,0.0,0.0,0.0,0.0,120.0,0.00013430255006966944,0.00030030963150735
113,GTGGTCATATGGTCCAGCTCCCCAACATGGTTAGCTGTGAATGGGAAGTCCAAGGATCTTGTAGTTGCCGTCGT,0.0,0.0,111.0,0.0006211492940722212,0.0,0.0,0.0,0.0,0.0,0.0,111.0,0.00012422985881444424,0.0002777864091442987
114,GTGGTCATATGGTCCAGCTCCGTCTCGTGGGGCTTGTAGTTGCCGTCGTCCCTGTGTGTTATACACATCTCCGAG,0.0,0.0,108.0,0.0006043614753135125,0.0,0.0,0.0,0.0,0.0,0.0,108.0,0.00012087229506270249,0.000270278668356615
115,GTGGTCATATGGTCCAGCTCCGTCGTGGGCTTGTAGTTGCCGTCGTCCCTGTGTGTTATACACATCTGCGAGCC,0.0,0.0,77.0,0.0004308873481401895,0.0,0.0,0.0,0.0,0.0,0.0,77.0,8.61774696280379e-05,0.00019269868021721628
116,GTGGTCATATGGTCCAGCTCCGTCTCGTGGGCTTGTAGTTGCCGTCGTCCCTGTGTCTTATACACATGTCCGAG,0.0,0.0,76.0,0.00042529140855395326,0.0,0.0,0.0,0.0,0.0,0.0,76.0,8.505828171079065e-05,0.000190196099954655
117,GTGGTCATATGGTCCAGCTCCAGGGAGCAGCCAGCAGGTTGCAGTGGTCCTGCCCATAGACCTGGAGCCTAGGGA,0.0,0.0,66.0,0.000369332012691591,0.0,0.0,0.0,0.0,0.0,0.0,66.0,7.38664025383182e-05,0.0001651702973290425
118,GTGGTCATATGGTCCAGCTCCGTCTAGTTGCCGTCGTCCCTGTGTGTTATACACATCTGCGAGCCCACGAGACAG,0.0,0.0,63.0,0.0003525441939328823,0.0,0.0,0.0,0.0,0.0,0.0,63.0,7.050883878657646e-05,0.00015766255654135877
119,GTGGTCATATGGTCCAGCTCCCTTGTAGTTGCCGTCGTCCCAGTCTCATATACACATCTCCGAGCCCACGAGACA,0.0,0.0,53.0,0.00029658479807052,0.0,0.0,0.0,0.0,0.0,0.0,53.0,5.9316959614104e-05,0.00013263675391574623
120,GTGGTCATATGGTCCAGCTCCGTCGTGGGCTTGTAGTTGCCGTCGTCCCTGTGTCTTATACACCTCTCCGAGCC,0.0,0.0,52.0,0.0002909888584842838,0.0,0.0,0.0,0.0,0.0,0.0,52.0,5.8197771696856765e-05,0.00013013417365318502
121,GTGGTCATATGGTCCAGCTCCGGTCTTGTAGTTGCCGTCGTCCCTGTGTGTTATACACATCTCCGAGCCCGCGAG,0.0,0.0,38.0,0.00021264570427697663,0.0,0.0,0.0,0.0,0.0,0.0,38.0,4.2529140855395326e-05,9.50980499773275e-05
122,GTGGTCATATGGTCCAGCTCCTGCCTCCTCTGGTACTGGGAAGAGGCCGCTGCCAATCAGTGAGCAGTGCGTG,0.0,0.0,38.0,0.00021264570427697663,0.0,0.0,0.0,0.0,0.0,0.0,38.0,4.2529140855395326e-05,9.50980499773275e-05
123,GTGGTCATATGGTCCAGCTCCGTCTCGTGGGGCTTGTAGTTGCCGTCGTCCCTGTGTCTTATAGACATCTCCGAG,0.0,0.0,29.0,0.00016228224800085057,0.0,0.0,0.0,0.0,0.0,0.0,29.0,3.245644960017011e-05,7.257482761427624e-05
124,GTGGTCATATGGTCCAGCTCCGAGCCCACAGACTTGTAGTTGCCGTCGTCC,0.0,0.0,26.0,0.0001454944292421419,2311.0,0.015482738521937787,0.0,0.0,0.0,0.0,2337.0,0.0031256465902359857,0.006908111676362209
125,GTGGTCATATGGTCCAGCTCCTGCTGCTAGGAGTCCTGCATGAGAACCAAGCGGCATATGTGTTACATATGTGTA,0.0,0.0,26.0,0.0001454944292421419,872.0,0.005842037209489291,1920.0,0.012621033741544893,186.0,0.0014974398608830065,3004.0,0.004021201048231867,0.005358010285466719
126,GTGGTCATATGGTCCAGCTCCCCAACATGGTTAGCTGTGAATGGGAAGTCCAAGGATCTTGTAGTTGCCGTCGTG,0.0,0.0,25.0,0.00013989848965590567,0.0,0.0,0.0,0.0,0.0,0.0,25.0,2.7979697931181135e-05,6.256450656403125e-05
127,GTGGTCATATGGTCCAGCTCCCTTGTAGTTGCCGTCGTCCCTGTCTCTTTACACATCTCCGAGCCCACGAGACAG,0.0,0.0,25.0,0.00013989848965590567,0.0,0.0,0.0,0.0,0.0,0.0,25.0,2.7979697931181135e-05,6.256450656403125e-05
128,GTGGTCATATGGTCCAGCTCCAACACTTGGGGTTTTACTGGCTCTCAGCTTAGTAATCCATCTGATGGTCCCAAG,0.0,0.0,23.0,0.00012870661048343323,0.0,0.0,0.0,0.0,0.0,0.0,23.0,2.5741322096686646e-05,5.7559346038908745e-05
129,GTGGTCATATGGTCCAGCTCCGCCGGAGGCTAGGGATGGAGATGGTCGGTGAACAACGTAATGCCCGCGTTGTAG,0.0,0.0,22.0,0.000123110670897197,0.0,0.0,0.0,0.0,0.0,0.0,22.0,2.46221341794394e-05,5.50567657763475e-05
130,GTGGTCATATGGTCCAGCTCCATCTGGTCGTCGGTGCTGCGGCTCCGACAGCTCGTCCATGCCGAGAGTGATCC,0.0,0.0,0.0,0.0,9089.0,0.060892518574596516,76.0,0.0004995825856028187,0.0,0.0,9165.0,0.012278420232039868,0.027176968117068306
131,GTGGTCATATGGTCCAGCTCCATCTGGTCGTCGGTGCTGCGGCTCCGGCCCTCGAACTTCACCTCGGCGCGGGT,0.0,0.0,0.0,0.0,5490.0,0.03678071591754152,415.0,0.002727983855594339,27.0,0.00021737030238624288,5932.0,0.00794521401510442,0.016160740085486312
132,GTGGTCATATGGTCCAGCTCCATCTGGTCGTCGGTGCTGCGGCTCCGGGCTTTGCCCGGGCGGCCTCAGTGAGCG,0.0,0.0,0.0,0.0,3084.0,0.02066151691979928,0.0,0.0,0.0,0.0,3084.0,0.004132303383959856,0.009240111270186651
133,GTGGTCATATGGTCCAGCTCGGTCTTGTAGTTGCCGTCGTCC,0.0,0.0,0.0,0.0,2031.0,0.013606855014303611,0.0,0.0,0.0,0.0,2031.0,0.0027213710028607223,0.00608517055439335
134,GTGGTCATATGGTCCAGCTCCTGATGGGACCCTGCCAGCCTGAGGCCCAGACAGAGATTCAGTCTAGAAAAGGGT,0.0,0.0,0.0,0.0,1536.0,0.010290560956164622,385.0,0.0025307802033827,36.0,0.00028982706984832384,1957.0,0.002622233645879129,0.004415992144832451
135,GTGGTCATATGGTCCAGCTCCAGAGTGCTAAGATTAGGAGTGAGCTAAGCACTAGGCGATCTCCTGGTGCTAT,0.0,0.0,0.0,0.0,824.0,0.0055204571796091464,222.0,0.0014593070263661282,19.0,0.00015296428686439314,1065.0,0.0014265456985679335,0.0023692435180687043
136,GTGGTCATATGGTCCAGCTCCCAGACCCCCACTCCTCTCCAGGCAGGTAGAAGAAGCCCTTGCCACATCC,0.0,0.0,0.0,0.0,528.0,0.003537380328681589,0.0,0.0,0.0,0.0,528.0,0.0007074760657363178,0.0015819645754405166
137,GTGGTCATATGGTCCAGCTCCGAGCCCACAAGACGGCTTGTAGTTGCCGTCGTCC,0.0,0.0,0.0,0.0,493.0,0.003302894890227317,0.0,0.0,0.0,0.0,493.0,0.0006605789780454634,0.0014770994994169973
138,GTGGTCATATGGTCCAGCTCCCAGACCCCCACTCCTCTCCAGGCAGGTAGAAGAAGCCCTTGCCACATCCCTGTG,0.0,0.0,0.0,0.0,441.0,0.002954516524523827,0.0,0.0,0.0,0.0,441.0,0.0005909033049047654,0.0013212999578963403
139,GTGGTCATATGGTCCAGCTCCAGCCCAGTCTTGCTGAGTTAGAATTCACCCACCAATCTGCCCAGTTCTTAGTTG,0.0,0.0,0.0,0.0,410.0,0.0027468294218929005,126.0,0.0008282553392888836,0.0,0.0,536.0,0.0007150169522363569,0.0011910953540869625
140,GTGGTCATATGGTCCAGCTCCGACGCCCAGGCCAAGGCTGATCCTTCAGATCATTTAAGTACCAGTTTCTTCTG,0.0,0.0,0.0,0.0,311.0,0.0020835706102651026,85.0,0.0005587436812663104,0.0,0.0,396.0,0.0005284628583062825,0.0009023713241051726
141,GTGGTCATATGGTCCAGCTCCCACGGCTCAACAACCTGCCCCTACCCATTGTGGGCAGTGATCCTGTGCTCACCA,0.0,0.0,0.0,0.0,224.0,0.0015007068061073407,71.0,0.0004667153102342122,174.0,0.0014008308376002318,469.0,0.000673650590788357,0.0007353987935005345
142,GTGGTCATATGGTCCAGCTCCCACCCGCTCCCTGCATACATGCAATTCTCACGTGTCATGTCTGTACAAAGTTTG,0.0,0.0,0.0,0.0,179.0,0.0011992255280947053,35.0,0.00023007092758024544,0.0,0.0,214.0,0.00028585929113499015,0.0005202155388179654
143,GTGGTCATATGGTCCAGCTCCCCCATCAATGATCAGCTATGAATGGGAAGTCTAAGGATCTTGTAGTTGCCGTCG,0.0,0.0,0.0,0.0,147.0,0.0009848388415079424,123.0,0.0008085349740677198,0.0,0.0,270.0,0.0003586747631151324,0.0004950753527380738
144,GTGGTCATATGGTCCAGCTCCTGCATACACTCTGCCACCTGTGGGAAGGGTGCCATGAAAGCCTGGGCAGAGCT,0.0,0.0,0.0,0.0,144.0,0.0009647400896404334,32.0,0.00021035056235908155,0.0,0.0,176.0,0.00023501813039990298,0.0004179722453587332
145,GTGGTCATATGGTCCAGCTCCTGCATGTACCCTGTGTGAGCCGCCATGGACCCAGGTTACTTAACTCTTTGGGT,0.0,0.0,0.0,0.0,109.0,0.0007302546511861614,0.0,0.0,0.0,0.0,109.0,0.00014605093023723227,0.0003265798081875308
146,GTGGTCATATGGTCCAGCTCCGAGCCCACAGACTTGTAGTTGCCGTCGTCCCTGTGTGTTATACACATCTCCGAG,0.0,0.0,0.0,0.0,96.0,0.0006431600597602889,0.0,0.0,0.0,0.0,96.0,0.00012863201195205778,0.0002876299228073666
147,GTGGTCATATGGTCCAGCTCCCTTGTAGTTGCCGTCGTCCCTGTCTCTATACACATCTCCGAGCCCACGAGACT,0.0,0.0,0.0,0.0,83.0,0.0005560654683344164,0.0,0.0,0.0,0.0,83.0,0.00011121309366688328,0.0002486800374272024
148,GTGGTCATATGGTCCAGCCCATGCTTGATCTTTGGTTTGTAGTTGCCGTCGTCC,0.0,0.0,0.0,0.0,82.0,0.0005493658843785801,0.0,0.0,0.0,0.0,82.0,0.00010987317687571603,0.000245683892397959
149,GTGGTCATATGGTCCAGCTCCCTTGCAAAGCCCCTCAGACCGCTCTCTTCTTCTCCCTCTTCTGGCTGGCTGTTG,0.0,0.0,0.0,0.0,73.0,0.000489069628776053,0.0,0.0,0.0,0.0,73.0,9.78139257552106e-05,0.00021871858713476836
150,GTGGTCATATGGTCCAGCTCCGACGCCCAGGCCAAGGCTGATCCTTCAGATCATTTAAGTACCAGTTTCTTCTGG,0.0,0.0,0.0,0.0,72.0,0.0004823700448202167,0.0,0.0,0.0,0.0,72.0,9.647400896404333e-05,0.00021572244210552497
151,GTGGTCATATGGTCCAGCTCCTAGAGTCCACGTAGAATAGCTTAGACTGCCTATAACTCCAGGTCCAGGGAAT,0.0,0.0,0.0,0.0,61.0,0.00040867462130601687,0.0,0.0,0.0,0.0,61.0,8.173492426120338e-05,0.00018276484678384755
152,GTGGTCATATGGTCCAGCTCCATCACTAGGGGTTCCTGCGGCCGCTCGGTCCGCACGTGCCTGTTGAGCCGCAG,0.0,0.0,0.0,0.0,58.0,0.0003885758694385079,0.0,0.0,0.0,0.0,58.0,7.771517388770158e-05,0.00017377641169611733
153,GTGGTCATATGGTCCAGCTCCTGCATGTACCCTGTGTGAGCCGCCATGGACCCAGGTTACTTAACTCTTTGGGTG,0.0,0.0,0.0,0.0,58.0,0.0003885758694385079,0.0,0.0,0.0,0.0,58.0,7.771517388770158e-05,0.00017377641169611733
154,GTGGTCATATGGTCCAGCTCCACTCACTCCAGCCCCACTTGCTCCAGCCATATTCATTTTATATATGTGGGTACA,0.0,0.0,0.0,0.0,52.0,0.00034837836570348983,0.0,0.0,0.0,0.0,52.0,6.967567314069797e-05,0.00015579954152065693
155,GTGGTCATATGGTCCAGCTCCGAGCCCACAGACTTGTAGTTGCCGTCGTGCCTGTGTGTTATACACATCTCCGAG,0.0,0.0,0.0,0.0,50.0,0.0003349791977918171,0.0,0.0,0.0,0.0,50.0,6.699583955836343e-05,0.0001498072514621701
156,GTGGTCATATGGTCCAGCTCCTTGATTCTTAAGAAACAGCAAGCACATTTATTTTTAACATTGCAAAAGAATTTA,0.0,0.0,0.0,0.0,48.0,0.00032158002988014444,0.0,0.0,0.0,0.0,48.0,6.431600597602889e-05,0.0001438149614036833
157,GTGGTCATATGGTCCAGCTCCTGCTCATTGAGCAGATCCTACCTCCCCCAGGCCTCTCTCTCCATCTATAGGATG,0.0,0.0,0.0,0.0,37.0,0.0002478846063659447,2279.0,0.01498090411301084,70.0,0.0005635526358161852,2386.0,0.003158468271038594,0.006612997000204333
158,GTGGTCATATGGTCCAGCTCCTGACGCCTCAGCTGCTCTTCCTCACGCTGCTGGCGGCGCTCTTGTTCACGAGAT,0.0,0.0,0.0,0.0,34.0,0.00022778585449843565,3045.0,0.020016170699481355,0.0,0.0,3079.0,0.004048791310795958,0.008926581379150717
159,GTGGTCATATGGTCCAGCTCCCGTTCTCCAGAGTCCTGGAAGAAAGAAGGCAGTGGTGCTAGGGTTAGGATGC,0.0,0.0,0.0,0.0,31.0,0.00020768710263092662,0.0,0.0,0.0,0.0,31.0,4.1537420526185325e-05,9.288049590654547e-05
160,GTGGTCATATGGTCCAGCTCCGCTTACCAGTAGGGATTGCCATAGTAGTAGCATGATTTGGTCCTTGAGTGCAGA,0.0,0.0,0.0,0.0,25.0,0.00016748959889590856,636.0,0.004180717426886746,0.0,0.0,661.0,0.0008696414051565309,0.0018523680858160804
161,GTGGTCATATGGTCCAGCTCCGGGTCATGCTGGGGCCCTGGGGCTGCTCTCTCTCCATATCTGTTCCAGACAGAG,0.0,0.0,0.0,0.0,25.0,0.00016748959889590856,221.0,0.001452733571292407,0.0,0.0,246.0,0.0003240446340376631,0.0006351108113265134
162,GTGGTCATATGGTCCAGCTCCGCCAGGTCCTCGGCACCTCCAGCCGGTCCCCCGCCCCCTCCGGGTCGGTCCTCA,0.0,0.0,0.0,0.0,22.0,0.00014739084702839952,523.0,0.003437917003556239,0.0,0.0,545.0,0.0007170615701169277,0.0015223428415140337
163,GTGGTCATATGGTCCAGCTCGTCCATGCCGAGAGTGATCCCGGCGGCGGTCACGAACTCCAGCAGGACCATGTGG,0.0,0.0,0.0,0.0,0.0,0.0,3155.0,0.020739250757590696,0.0,0.0,3155.0,0.004147850151518139,0.009274874899277362
164,GTGGTCATATGGTCCAGCTCCGAGCCCACGAGAGTTGTAGTTGCCGTCGTCC,0.0,0.0,0.0,0.0,0.0,0.0,2787.0,0.018320219290461258,0.0,0.0,2787.0,0.0036640438580922514,0.008193051139234866
165,GTGGTCATATGGTCCAGCTCCCTCTCGTGCTCTCTTGTAGTTGCCGTCGTCC,0.0,0.0,0.0,0.0,0.0,0.0,1812.0,0.011911100593582993,17.0,0.0001368627829839307,1829.0,0.0024095926753133845,0.005311835004666459
166,GTGGTCATATGGTCCAGCTCGTCCATGCCGAGAGTGATCCCGGCGGCGGTCACGAACTCCAGCAGGACCATGTGA,0.0,0.0,0.0,0.0,0.0,0.0,1666.0,0.010951376152819683,0.0,0.0,1666.0,0.0021902752305639366,0.004897604304974988
167,GTGGTCATATGGTCCAGCTCCATCTGGTCGTCGGTGCGCACCGACCTTGTACAGCTCGTCCATGCCGAGAGTGAT,0.0,0.0,0.0,0.0,0.0,0.0,1438.0,0.009452628396011227,0.0,0.0,1438.0,0.0018905256792022453,0.00422734393190518
168,GTGGTCATATGGTCCAGCTCCATCACTAGGGGTTCCTGCGGCCGCTCGGTCCGCACGTGCCTGTTGCGGAGCCG,0.0,0.0,0.0,0.0,0.0,0.0,1208.0,0.007940733729055328,0.0,0.0,1208.0,0.0015881467458110656,0.003551204081878622
169,GTGGTCATATGGTCCAGCTCGTCCATGCCGAGAGTGATCCCGGCGGCGGTCACGAACTCCAGCAGGACCATGTGT,0.0,0.0,0.0,0.0,0.0,0.0,877.0,0.0057649200996535786,0.0,0.0,877.0,0.0011529840199307156,0.0025781506455360525
170,GTGGTCATATGGTCCAGCTCCATCACTAGGGGTTCCTGCGGCCGCTCGGTCCGCACGTGCCTGTTCGGAGCCGCG,0.0,0.0,0.0,0.0,0.0,0.0,599.0,0.003937499589159058,473.0,0.003808005667729366,1072.0,0.0015491010513776847,0.002121687997985889
171,GTGGTCATATGGTCCAGCTCCACTACCTCGCTTTTTGTGTTTTTAATCAATTGAGTGTGGTCCAATAATATCAAT,0.0,0.0,0.0,0.0,0.0,0.0,578.0,0.0037994570326109105,0.0,0.0,578.0,0.0007598914065221821,0.0016991688405015263
172,GTGGTCATATGGTCCAGCTCCATCTGGTCGTCGGTGCGCACCGACCTTGTACAGCTCGTGCATGCCGAGAGTGAT,0.0,0.0,0.0,0.0,0.0,0.0,564.0,0.0037074286615788126,0.0,0.0,564.0,0.0007414857323157626,0.0016580125018042576
173,GTGGTCATATGGTCCAGCTCCATCACTAGGGGTTCCTGCGGCCGCTCGGTCCGCACGTGCCTGTTCGGAGCCGCA,0.0,0.0,0.0,0.0,0.0,0.0,483.0,0.0031749788006073874,333.0,0.0026809003960969954,816.0,0.0011711758393408767,0.0016131842025029503
174,GTGGTCATATGGTCCAGCTCCTGCTCATTGAGCAGATCCTACCTCCCCCAGGCCTCTCTCTCCATCTATAGGAT,0.0,0.0,0.0,0.0,0.0,0.0,427.0,0.0028068653164789945,0.0,0.0,427.0,0.0005613730632957989,0.0012552683302666985
175,GTGGTCATATGGTCCAGCTCCATCTGGTCGTCGGTGGGCACCGACCTTGTACAGCTCGTGCATGCCGAGAGTGGT,0.0,0.0,0.0,0.0,0.0,0.0,265.0,0.001741965594536144,0.0,0.0,265.0,0.0003483931189072288,0.0007790306967697309
176,GTGGTCATATGGTCCAGCTCCATCTGGTCGTCGGTGGGCACCGACCTTGTACAGCTCGTCCATGCCGAGAGTGAT,0.0,0.0,0.0,0.0,0.0,0.0,196.0,0.0012883971944493745,0.0,0.0,196.0,0.0002576794388898749,0.0005761887417617632
177,GTGGTCATATGGTCCAGCTCCCGACCCCCTGTGTGAGGGGCTGTTCTCAGAGAGTCTCATCCTAACTTGGATATG,0.0,0.0,0.0,0.0,0.0,0.0,179.0,0.0011766484581961125,0.0,0.0,179.0,0.0002353296916392225,0.0005262131876293655
178,GTGGTCATATGGTCCAGCTCCCTGAGACTGCTGGCTATGACAAACGCTATCCCAAACCTGGGTACATTTCCTCC,0.0,0.0,0.0,0.0,0.0,0.0,177.0,0.0011635015480486698,0.0,0.0,177.0,0.00023270030960973395,0.0005203337106726127
179,GTGGTCATATGGTCCAGCTCCATCTGGTCGTCGGTGGGCACCGACCTTGTACAGCTCGTGCATGCCGAGAGTGAT,0.0,0.0,0.0,0.0,0.0,0.0,172.0,0.0011306342726800634,0.0,0.0,172.0,0.00022612685453601267,0.000505635018280731
180,GTGGTCATATGGTCCAGCTCCTCATTGATGGGACTGAAGAAAGCTGCCCACCATCACCTCCTTTCAAAATTCAG,0.0,0.0,0.0,0.0,0.0,0.0,172.0,0.0011306342726800634,0.0,0.0,172.0,0.00022612685453601267,0.000505635018280731
181,GTGGTCATATGGTCCAGCTCCATCTGGTCGTCGGTGCGCACCGACCTTGTACAGCTCGTCCATGCCGAGAGTGGT,0.0,0.0,0.0,0.0,0.0,0.0,155.0,0.0010188855364268014,0.0,0.0,155.0,0.00020377710728536027,0.0004556594641483332
182,GTGGTCATATGGTCCAGCTCCGTTCGTGGGCTTGTAGTTGCCGTCGTCC,0.0,0.0,0.0,0.0,0.0,0.0,146.0,0.0009597244407633097,0.0,0.0,146.0,0.00019194488815266192,0.0004292018178429461
183,GTGGTCATATGGTCCAGCTCCCTTGTAGTTGCCGTCGTCCCTGTGTCTTTTACACATCTCCGAGCCCACGAGACG,0.0,0.0,0.0,0.0,0.0,0.0,138.0,0.0009071368001735392,0.0,0.0,138.0,0.00018142736003470784,0.0004056839100159353
184,GTGGTCATATGGTCCAGCTCCACCCGGAGGATCCCGCTCTGAGGCTCATCAGAGTCAGAGAGACCCCTCTGCAGA,0.0,0.0,0.0,0.0,0.0,0.0,127.0,0.0008348287943626049,0.0,0.0,127.0,0.000166965758872521,0.0003733467867537956
185,GTGGTCATATGGTCCAGCTCCCTTGTAGTTGCCGTCGTCCCTGTCTCTTAAACACAACTCCGAGCCCACGAGACG,0.0,0.0,0.0,0.0,0.0,0.0,106.0,0.0006967862378144577,0.0,0.0,106.0,0.00013935724756289155,0.0003116122787078924
186,GTGGTCATATGGTCCAGCTCCCTTGTAGTTGCCGTCGTCCCTGTCTCTTATACCCCTCTCCGAGCCCACGAGACG,0.0,0.0,0.0,0.0,0.0,0.0,103.0,0.0006770658725932938,0.0,0.0,103.0,0.00013541317451865875,0.0003027930632727633
187,GTGGTCATATGGTCCAGCTCCCTTGTAGTTGCCGTCGTCCCTGTCTCTATACACATCTCCGAGCCCACGAGACGG,0.0,0.0,0.0,0.0,0.0,0.0,91.0,0.0005981844117086382,0.0,0.0,91.0,0.00011963688234172764,0.00026751620153224725
188,GTGGTCATATGGTCCAGCTCCCTCGTGGGCTTGTAGTTGCCGTCGTCC,0.0,0.0,0.0,0.0,0.0,0.0,53.0,0.00034839311890722885,3344.0,0.026921714488133193,3397.0,0.005454021521408085,0.01200175336113384
189,GTGGTCATATGGTCCAGCTCCCTTGTAGTTGCCGTCGTCCCTGTCTGTTATACACAACTCCGAGCCCACGAGACG,0.0,0.0,0.0,0.0,0.0,0.0,47.0,0.000308952388464901,0.0,0.0,47.0,6.17904776929802e-05,0.0001381677084836881
190,GTGGTCATATGGTCCAGCTCCCGTGTCGTTTTTCCTGAGGGAAGGGAACTAGGACACTGAACCTTCATGCAATCA,0.0,0.0,0.0,0.0,0.0,0.0,46.0,0.00030237893339117973,0.0,0.0,46.0,6.047578667823595e-05,0.00013522797000531178
191,GTGGTCATATGGTCCAGCTCCCACTGTGGCACACAAGCCAGCAGTAGGTGATCCGAGCACCTTAAGTCCTGA,0.0,0.0,0.0,0.0,0.0,0.0,44.0,0.0002892320232437371,710.0,0.005716033877564164,754.0,0.0012010531801615802,0.002527056328262671
192,GTGGTCATATGGTCCAGCTCCATCTGGTCGTCGGTGCTCACCGACCTTGTACAGCTCGTCCATGCCGAGAGTGAT,0.0,0.0,0.0,0.0,0.0,0.0,43.0,0.00028265856817001584,0.0,0.0,43.0,5.653171363400317e-05,0.00012640875457018276
193,GTGGTCATATGGTCCAGCTCCAAGCTGTAAGTTGCCACCCAATTCTTGTGGCTTCCAGTCACCAACGTAGCTT,0.0,0.0,0.0,0.0,0.0,0.0,39.0,0.00025636474787513067,0.0,0.0,39.0,5.1272949575026133e-05,0.0001146498006566774
194,GTGGTCATATGGTCCAGCTCCTTGCTCTGTCCCCCCATGATAAACCAGGATGTAGTTGCCGTCGTCCCTGTGT,0.0,0.0,0.0,0.0,0.0,0.0,23.0,0.00015118946669558987,0.0,0.0,23.0,3.0237893339117973e-05,6.761398500265589e-05
195,GTGGTCATATGGTCCAGCTCCCAGCCCACAAGAGTCTTGTAGTTGCCGTCGTCC,0.0,0.0,0.0,0.0,0.0,0.0,0.0,0.0,3101.0,0.024965381766657007,3101.0,0.004993076353331401,0.011164858142895771
196,GTGGTCATATGGTCCAGCTCCATCTGGTCGTCGGTGCTGCGGCTCCGTCGCGCTTCTCGTTGGGGTCTTTGCTCG,0.0,0.0,0.0,0.0,0.0,0.0,0.0,0.0,2707.0,0.021793385502205907,2707.0,0.0043586771004411815,0.00974629828855816
197,GTGGTCATATGGTCCAGCTCCGAGCCACGAGACTCTTGTAGTTGCCGTCGTCC,0.0,0.0,0.0,0.0,0.0,0.0,0.0,0.0,2484.0,0.019998067819534344,2484.0,0.003999613563906869,0.008943407812625958
198,GTGGTCATATGGTCCAGCAGGACCATGTGATCGCGCTTCTCGTTGGGGTCTTTGCTCAGGGCGGACTGGGTG,0.0,0.0,0.0,0.0,0.0,0.0,0.0,0.0,1156.0,0.009306669242907288,1156.0,0.0018613338485814577,0.00416206901424944
199,GTGGTCATATGGTCCAGCAGGACCATGTGATCGCGCTTCTCGTTGGGGTCTTTGCTCAGGGCGGACTGGGTGCT,0.0,0.0,0.0,0.0,0.0,0.0,0.0,0.0,1036.0,0.008340579010079542,1036.0,0.0016681158020159085,0.0037300203276491523
200,GTGGTCATATGGTCCAGCTCCATCACTAGGGGTTCCTGCGGCCGCTCGGTCCGCACGTGCCTGTTGGAGCCGCAG,0.0,0.0,0.0,0.0,0.0,0.0,0.0,0.0,738.0,0.005941454931890639,738.0,0.0011882909863781279,0.0026570994225917706
201,GTGGTCATATGGTCCAGCTCCCGACCATAAGGATGCTGTATGGGTCATGTTTCATGGGTAAGAGCTTCAGATTCA,0.0,0.0,0.0,0.0,0.0,0.0,0.0,0.0,574.0,0.004621131613692719,574.0,0.0009242263227385438,0.0020666328842380436
202,GTGGTCATATGGTCCAGCTCCCGATGGACAGGCATGTTGGAAGGTACAGGATGAGCAGCTAGTGTGCGCCTGTTG,0.0,0.0,0.0,0.0,0.0,0.0,0.0,0.0,368.0,0.002962676714005088,368.0,0.0005925353428010177,0.001324949305574216
203,GTGGTCATATGGTCCAGCTCCCGATGGACAGGCATGTTGGAAGGTACAGGATGAGCAGCTAGTGTGCGCCTGTT,0.0,0.0,0.0,0.0,0.0,0.0,0.0,0.0,358.0,0.0028821691946027757,358.0,0.0005764338389205551,0.0012889452483575252
204,GTGGTCATATGGTCCAGCTCCGGTCTCGTGGTCTCGTGGTCTTGTAGTTGCCGTCGTCC,0.0,0.0,0.0,0.0,0.0,0.0,0.0,0.0,324.0,0.0026084436286349143,324.0,0.0005216887257269828,0.001166531453820777
205,GTGGTCATATGGTCCAGCTCCTGTGTTAAGTGGTGACAGAGACCTCGTGGGTCCTGGAACTAGGAGCAATTAGGA,0.0,0.0,0.0,0.0,0.0,0.0,0.0,0.0,234.0,0.0018838759540141048,234.0,0.00037677519080282095,0.0008424949388705612
206,GTGGTCATATGGTCCAGCTCCATCTCCTACTTGTAGTTGCCGTCGTCC,0.0,0.0,0.0,0.0,0.0,0.0,0.0,0.0,230.0,0.0018516729462531801,230.0,0.000370334589250636,0.0008280933159838851
207,GTGGTCATATGGTCCAGCTCCCGACCATAAGGATGCTGTATGGGTCATGTTTCATGGGTAAGAGCTTCAGATTCG,0.0,0.0,0.0,0.0,0.0,0.0,0.0,0.0,148.0,0.0011915112871542202,148.0,0.00023830225743084405,0.0005328600468070217
208,GGGGTCATATGGTCCAGCTCCATCACTAGGGGTTCCTGCGGCCGCTCGGTCCGCACGTGCCTGTTGGAGCCGCAG,0.0,0.0,0.0,0.0,0.0,0.0,0.0,0.0,131.0,0.0010546485041702895,131.0,0.00021092970083405791,0.00047165314953864757
209,GTGGTCATATGGTCCAGCTCCCAGCCCACAAGAGTCTTGTAGTTGCCGTCGTCCCAGTCTCTTATACACATCAC,0.0,0.0,0.0,0.0,0.0,0.0,0.0,0.0,130.0,0.0010465977522300582,130.0,0.00020931955044601165,0.0004680527438169785
210,GTGGTCATATGGTCCAGCTCCTGTACTGTGCAGCACCTCTGCAGTCGTGATCCTCGGCAGTGTGGTGCTCATTC,0.0,0.0,0.0,0.0,0.0,0.0,0.0,0.0,115.0,0.0009258364731265901,115.0,0.000185167294625318,0.00041404665799194256
211,GTGGTCATATGGTCCAGCTCCCAGCCCACAAGAGTCTTGTAGTTGCCGTCGTCCCTGTGTCTTTTACACATCTC,0.0,0.0,0.0,0.0,0.0,0.0,0.0,0.0,110.0,0.000885582713425434,110.0,0.00017711654268508679,0.0003960446293835972
212,GTGGTCATATGGTCCAGCTCCGCAGCCAGAATACCAACGCGCCCTTGCCACCCACCCTGGACATTCAGAGCCAAG,0.0,0.0,0.0,0.0,0.0,0.0,0.0,0.0,105.0,0.0008453289537242778,105.0,0.00016906579074485556,0.00037804260077525185
213,GTGGTCATATGGTCCAGCTCCACCTGGCTCCTGGGCCTGAGTTCTTGCTACTGAGTCTGAGAGCACTGGCCTTCA,0.0,0.0,0.0,0.0,0.0,0.0,0.0,0.0,86.0,0.0006923646668598847,86.0,0.00013847293337197693,0.0003096348920635396
214,GTGGTCATATGGTCCAGTCCTTGTAGTTGCCGTCGTCCCTGTCTCTTATACACAACACCGAGCCCACGAGACTAG,0.0,0.0,0.0,0.0,0.0,0.0,0.0,0.0,86.0,0.0006923646668598847,86.0,0.00013847293337197693,0.0003096348920635396
215,GTGGTCATATGGTCCAGCCTCCACTCCGAGGCGGAGAGGACCGACCTCGAGCCTGCGCCGTGTCCGAACGGTCCA,0.0,0.0,0.0,0.0,0.0,0.0,0.0,0.0,85.0,0.0006843139149196535,85.0,0.0001368627829839307,0.00030603448634187053
216,GTGGTCATATGGTCCAGCTCCGGTCTTGTAGTTGCCGTCGTCGCTGTGTGTTATACACATCTCCGAGCCCACGAG,0.0,0.0,0.0,0.0,0.0,0.0,0.0,0.0,83.0,0.000668212411039191,83.0,0.0001336424822078382,0.0002988336748985324
217,GTGGTCATATGGTCCAGCTCCATGATGGGAGCTGTAGTTGCCGTCGTCC,0.0,0.0,0.0,0.0,0.0,0.0,0.0,0.0,73.0,0.0005877048916368789,73.0,0.00011754097832737578,0.0002628296176818418
218,GTGGTCATATGGTCCAGCTCCAGTGTCCCAGCGAAGTCATTAGCATCAATGGGATGTAGTTGCCGTCGTCC,0.0,0.0,0.0,0.0,0.0,0.0,0.0,0.0,62.0,0.0004991466202943355,62.0,9.982932405886711e-05,0.00022322515474348207
219,GTGGTCATATGGTCCAGCTCCATCTGGTCGTCGGTGCTGCGGCTCCAACAGGCACGTGCGGACCGAGCGGCCGCA,0.0,0.0,0.0,0.0,0.0,0.0,0.0,0.0,61.0,0.0004910958683541043,61.0,9.821917367082086e-05,0.00021962474902181302
220,GTGGTCATATGGTCCAGCTCCTGTGTTAAGTGGTGACAGAGACCTCGTGGGTCCTGGAACTAGGAGCAATTAGGT,0.0,0.0,0.0,0.0,0.0,0.0,0.0,0.0,44.0,0.00035423308537017357,44.0,7.084661707403471e-05,0.00015841785175343886
221,GTGGTCATATGGTCCAGCTCCCTTGTAGTTGCCGTCGTCCCTGTCTCTTATACACACTCCGAGCCCACGAGACTA,0.0,0.0,0.0,0.0,0.0,0.0,0.0,0.0,43.0,0.00034618233342994235,43.0,6.923646668598846e-05,0.0001548174460317698
222,GTGGTCATATGGTCCAGCTCCTGCAAGGCAGTTTTGGTCATGTGGCTCTGGCTTTAGAGCCAAAAATAGAAGGGA,0.0,0.0,0.0,0.0,0.0,0.0,0.0,0.0,42.0,0.0003381315814897111,42.0,6.762631629794223e-05,0.00015121704031010076
223,GTGGTCATATGGTCCAGGCTCCGCAGCCAGAATACCAACGCGCCCTTGCCACCCACCCTGGACATTCAGAGCCAA,0.0,0.0,0.0,0.0,0.0,0.0,0.0,0.0,40.0,0.0003220300776092487,40.0,6.440601552184974e-05,0.0001440162288667626
224,GTGGTCATATGGTCCAGCTCCCAGCCCACAAGAGTCTTGTAGTTGCCGTCGTCCCTGTGTCTTATACACATCAC,0.0,0.0,0.0,0.0,0.0,0.0,0.0,0.0,32.0,0.00025762406208739894,32.0,5.152481241747979e-05,0.00011521298309341007
225,GTGGTCATATGGTCCAGCTCCCCTGTCATTGTTTTCCCTGAGAACAGAGTCTCAGACAGACAGTGGCTGCTCCAT,0.0,0.0,0.0,0.0,0.0,0.0,0.0,0.0,28.0,0.0002254210543264741,28.0,4.508421086529482e-05,0.00010081136020673383
226,GTGGTCATATGGTCCAGCTCCATCTGGTCGTCGGTGCTGCGGCGCCCGGGAATCGAACCCGGGTCGCAAGAATGG,0.0,0.0,0.0,0.0,0.0,0.0,0.0,0.0,27.0,0.00021737030238624288,27.0,4.347406047724857e-05,9.721095448506476e-05
227,GTGGTCATATGGTCCAGCTCCCTTGTAGTTGCCGTCGTCCCTGTCTCTATACACATCTCCGAGCCCACGAGACTA,0.0,0.0,0.0,0.0,0.0,0.0,0.0,0.0,26.0,0.00020931955044601165,26.0,4.186391008920233e-05,9.36105487633957e-05
228,GTGGTCATATGGTCCAGCTCCTTGCTCTGTCCCACCATGATAAACCAGGATGTAGTTGCCGTCGTCCCTGGCT,0.0,0.0,0.0,0.0,0.0,0.0,0.0,0.0,24.0,0.00019321804656554923,24.0,3.8643609313109844e-05,8.640973732005757e-05
229,GTGGTCATATGGTCCAGCTCCCTCTTTCAATTCTTTGAGACTGAATTTTTATTTCATGCGATGAGTTCTTGCTTG,0.0,0.0,0.0,0.0,0.0,0.0,0.0,0.0,23.0,0.000185167294625318,23.0,3.70334589250636e-05,8.28093315983885e-05
230,GTGGTCATATGGTCCAGCTCCTGCAAGGCAGTTTTGGTCATGTGGCTCTGGCTTTAGAGCCAAAAATAGAAGGGG,0.0,0.0,0.0,0.0,0.0,0.0,0.0,0.0,18.0,0.00014491353492416192,18.0,2.8982706984832383e-05,6.480730299004318e-05
231,GTGGTCATATGGTCCAGCTCCAAAAGCCCATGAAATTTTCATTACTCTAGTTCTGTATTATAACCTGAAGTTGGG,0.0,0.0,0.0,0.0,0.0,0.0,0.0,0.0,16.0,0.00012881203104369947,16.0,2.5762406208739895e-05,5.7606491546705036e-05
