,sequence,7_count,7_percent,8_count,8_percent,9_count,9_percent,10_count,10_percent,11_count,11_percent,12_count,12_percent,percent_sum_unit,percent_sum,total_reads_seq,variance,sd
1,CGGCGGCATGGACGAGCTGTACAAGGTCGGTGCTGCGGCTCCGACCAGATGGAGCTGGACCATATGACCACCGG,345902.0,0.649076586466109,601054.0,0.8761873385540272,115624.0,0.20620924824152148,530482.0,0.8067676491164035,406484.0,0.6711976354419511,509642.0,0.8522840534339401,4.061722511253953,0.6769537518756588,2509188.0,0.06193940831029911,0.24887629117756296
23,CGGCGGCATGGACGAGCTGTACAAGGTCGGTGCTGCGGCACCAGATGGAGCTGGACCATATGACCACCGGCGGC,69.0,0.00012947680113489232,0.0,0.0,166556.0,0.29704375864971677,0.0,0.0,0.0,0.0,0.0,0.0,0.29717323545085167,0.04952887257514194,166625.0,0.014703271201121068,0.12125704598546456
2,CGGCGGCATGGACGAGCTGTACAAGGTCGGTCGGAGCCGCAGCACCGACGACCAGATGGAGCTGGACCATATGA,122986.0,0.23078020093298357,180.0,0.00026239526055849374,301.0,0.0005368174749247385,0.0,0.0,0.0,0.0,0.0,0.0,0.2315794136684668,0.03859656894474447,123467.0,0.008864337472220787,0.0941506105780562
29,CGGCGGCATGGACGAGCTGTACAAGGTGGAGCTGGACCATATGACCACCGGCGGCCTCCACGCCTACCCTGCCC,0.0,0.0,0.0,0.0,100026.0,0.17839104567050465,166.0,0.00025245612434224535,0.0,0.0,0.0,0.0,0.1786435017948469,0.029773916965807817,100192.0,0.005300902424117977,0.07280729650328996
18,CGGCGGCATGGACGAGCTGTACAAGGTCGGTGCTGCGCAACCAGATGGAGCTGGACCATATGACCACCGGCGGC,103.0,0.0001932769640129552,0.0,0.0,0.0,0.0,0.0,0.0,90241.0,0.14900843777348458,0.0,0.0,0.14920171473749752,0.024866952456249588,90344.0,0.0036986719873821953,0.06081670812681492
30,CGGCGGCATGGACGAGCTGTACAAGGTCGGTGCTGATGGAGCTGGACCATATGACCACCGGCGGCCTCCACGC,0.0,0.0,0.0,0.0,73625.0,0.13130626774529527,0.0,0.0,0.0,0.0,0.0,0.0,0.13130626774529527,0.021884377957549214,73625.0,0.002873555991533195,0.05360555933420707
17,CGGCGGCATGGACGAGCTGTACAAGGTCGGTGCTGCGGCTCCCAGATGGAGCTGGACCATATGACCACCGGCGG,117.0,0.00021954761931568695,0.0,0.0,0.0,0.0,27862.0,0.04237308756881711,52416.0,0.08655075048298409,0.0,0.0,0.12914338567111688,0.021523897611852815,80395.0,0.0013013780300012842,0.036074617530907856
31,CGGCGGCATGGACCGGAGCCGCAGCACCGACGACCAGATGGAGCTGGACCATATGACCACCGGCGGCCTCCACG,0.0,0.0,0.0,0.0,66146.0,0.11796786942316198,0.0,0.0,0.0,0.0,0.0,0.0,0.11796786942316198,0.019661311570526998,66146.0,0.0023194030360400323,0.04816018102167009
50,CGGCGGCATGGACGAGCTGTACAAGGTCGGTGCTGCACGGAGCCGCAGCACCGACGACCAGATGGAGCTGGACCA,0.0,0.0,0.0,0.0,0.0,0.0,0.0,0.0,52183.0,0.08616601443173,119.0,0.00019900597352384393,0.08636502040525385,0.014394170067542308,52302.0,0.0012362937709653231,0.03516096942584665
16,CGGCGGCATGGACGAGCTGTACAGATGGAGCTGGACCATATGACCACCGGCGGCCTCCACGCCTACCCTGCCCCG,120.0,0.00022517704545198662,47955.0,0.06990647066712537,0.0,0.0,0.0,0.0,0.0,0.0,0.0,0.0,0.07013164771257735,0.011688607952096225,48075.0,0.0008134448021377231,0.02852095373822066
32,CGGCGGCATGGACGAGCTGTACAAGGTCGGTGCTGCGGCTCCGTACCAGATGGAGCTGGACCATATGACCACCGG,0.0,0.0,0.0,0.0,33844.0,0.06035897216396296,0.0,0.0,0.0,0.0,0.0,0.0,0.06035897216396296,0.010059828693993826,33844.0,0.0006072009201150092,0.024641447200093772
3,CGGCGGCATGGACGAGCTGTACAAGGTCGGTGCTGCGGCTCCGGCACGTGCGGACCGAGCGGCCGCAGGAACCC,31031.0,0.058228907478504975,0.0,0.0,0.0,0.0,0.0,0.0,0.0,0.0,0.0,0.0,0.058228907478504975,0.009704817913084163,31031.0,0.0005651009443567156,0.023771851933678107
24,CGGCGGCATGGACGAGCTGTACAAGGTCGGTGCTGCGGCTCACCAGATGGAGCTGGACCATATGACCACCGGCGG,0.0,0.0,25993.0,0.037891333376094044,0.0,0.0,9256.0,0.014076710162119414,0.0,0.0,0.0,0.0,0.05196804353821346,0.008661340589702244,35249.0,0.00023675879782833462,0.015386968441780032
52,CGGCGGCATGGACGAGCTGTACAAGGTCGGTGCTGCGGCTACCAGATGGAGCTGGACCATATGACCACCGGCGG,0.0,0.0,0.0,0.0,0.0,0.0,0.0,0.0,0.0,0.0,26965.0,0.04509408467286093,0.04509408467286093,0.0075156807788101555,26965.0,0.0003389127454138585,0.018409582977728163
35,CGGCGGCATGGACGAGCTGTACAAGGTCGCGGAGCCGCAGCACCGACGACCAGATGGAGCTGGACCATATGACCA,0.0,0.0,0.0,0.0,0.0,0.0,28964.0,0.04404903123764334,0.0,0.0,0.0,0.0,0.04404903123764334,0.007341505206273889,28964.0,0.00032338619216247966,0.01798294169935719
53,CGGCGGCATGGACGAGCTGTACAAGGTCGGTGCTGGAGCCGCAGCACCGACGACCAGATGGAGCTGGACCATATG,0.0,0.0,0.0,0.0,0.0,0.0,0.0,0.0,0.0,0.0,25028.0,0.04185480256600643,0.04185480256600643,0.006975800427667739,25028.0,0.0002919707496398964,0.017087151595274633
7,CGGCGGCCTCCACGCCTACCCTGCCCCGCGGGGTGGGCCGGCCGCCAAACCCAATGTGATCCTGCAGATTGGTAA,4040.0,0.007580960530216883,4332.0,0.006314979270774416,3388.0,0.006042317624734266,3560.0,0.005414119293122852,2637.0,0.004354287412691336,2301.0,0.00384800626116273,0.03355467039270248,0.005592445065450414,20258.0,1.8573071894283862e-06,0.001362830579869848
36,CGGCGGCATGGACGAGCTGTACAAGGTCGGTGCTGCGGCTCCGGATGGAGCTGGACCATATGACCACCGGCGGC,0.0,0.0,0.0,0.0,0.0,0.0,20477.0,0.031141831675639504,0.0,0.0,0.0,0.0,0.031141831675639504,0.0051903052792732505,20477.0,0.00016163561335231065,0.012713599543493206
54,CGGCGGCATGGACGAGCTGTACAAGGTCGGTGCTGCACCAGATGGAGCTGGACCATATGACCACCGGCGGCCTC,0.0,0.0,0.0,0.0,0.0,0.0,0.0,0.0,0.0,0.0,18067.0,0.030213789274414187,0.030213789274414187,0.0050356315457356976,18067.0,0.00015214551038645094,0.01233472781971499
20,CGGCGGCATGGACGAGCTGTACAAGGTCGGTGCTGCGGCTCCGCCGCGGGGTGGGCCGGCCGCCAAACCCAATGT,83.0,0.00015574745643762408,0.0,0.0,0.0,0.0,0.0,0.0,0.0,0.0,14218.0,0.023777033038336243,0.02393278049477387,0.003988796749128978,14301.0,9.398171206822975e-05,0.009694416540887324
37,CGGCGGCATGGACGAGCTGTACAAGGTCGGTGCACCAGATGGAGCTGGACCATATGACCACCGGCGGCCTCCACG,0.0,0.0,0.0,0.0,0.0,0.0,15085.0,0.022941570094595007,0.0,0.0,0.0,0.0,0.022941570094595007,0.0038235950157658343,15085.0,8.7719273067536e-05,0.009365856771675295
4,CGGCGGCATGGACGAGCTGTACAAGGTCGGTGCTGCGGCTCAAAGGTCGCCCGGCCTCAGTGAGCGAGCGAGCG,10623.0,0.019933797948637116,0.0,0.0,0.0,0.0,0.0,0.0,0.0,0.0,0.0,0.0,0.019933797948637116,0.003322299658106186,10623.0,6.62260501095149e-05,0.008137938934983163
5,CGGCGGCATGGACGAGCTGTACAAGGTCGGTGCTGCGGCTCCGAACAGGCACGTGCGGACCGAGCGGCCGCAGGA,7826.0,0.014685296314227061,0.0,0.0,0.0,0.0,0.0,0.0,0.0,0.0,0.0,0.0,0.014685296314227061,0.0024475493857045102,7826.0,3.594298797277517e-05,0.005995247115238468
6,CGGCGGCATGGACGAGCTGTACAAGGTCGGTGCTGCGGCTCCGAACAGGCACGTGCGGACCGAGCGGCCGCAGGG,6172.0,0.011581606037747178,0.0,0.0,76.0,0.00013554195380159511,0.0,0.0,0.0,0.0,218.0,0.00036456556494284014,0.012081713556491612,0.0020136189260819355,6466.0,2.199138220182243e-05,0.004689497009469398
38,CGGCGGCATGGACGAGCTGTACAAGGTCGGTGCTGCGGCTCCGCCGGGCTTTGCCCGGGCGGCCTCCACGCCTA,0.0,0.0,0.0,0.0,0.0,0.0,7038.0,0.01070353134410074,0.0,0.0,0.0,0.0,0.01070353134410074,0.0017839218906834566,7038.0,1.9094263872357826e-05,0.0043696983731555
39,CGGCGGCATGGACGAGCTGTACAAGGTCGGTGCTGCGGCTCCGCAGCACCGACGAGATGGAGCTGGACCATATGG,0.0,0.0,0.0,0.0,0.0,0.0,6491.0,0.009871642789792256,0.0,0.0,0.0,0.0,0.009871642789792256,0.0016452737982987093,6491.0,1.6241555228209572e-05,0.004030081293002608
40,CGGCGGCATGGACGGAGCCGCAGCACCGACGACCAGATGGAGCTGGACCATATGACCACCGGCGGCCTCCACGC,0.0,0.0,0.0,0.0,0.0,0.0,6018.0,0.009152294917419472,0.0,0.0,0.0,0.0,0.009152294917419472,0.0015253824862365786,6018.0,1.3960750375903718e-05,0.003736408753857602
25,CGGCGGCATGGACGAGCTGTACAAGGTCGGTGCTGCGGCTGGCGGCCTCAGTGAGCGAGCGAGCGCGCAGAGAGG,0.0,0.0,5140.0,0.007492842440392543,0.0,0.0,0.0,0.0,0.0,0.0,0.0,0.0,0.007492842440392543,0.0012488070733987571,5140.0,9.357114639424613e-06,0.003058940117005335
8,GGGCGGCATGGACGAGCTGTACAAGGTCGGTGCTGCGGCTCCGAACAGGCACGTGCGGACCGAGCGGCCGCAGGG,1819.0,0.003413308713976364,0.0,0.0,0.0,0.0,0.0,0.0,0.0,0.0,0.0,0.0,0.003413308713976364,0.0005688847856627273,1819.0,1.9417793961511628e-06,0.001393477447306257
10,CGGCGGCATGGACGAGCTGTACAAGGTCGGAGCCGCAGCACCGACGACCAGATGGAGCTGGACCATATGACCAC,460.0,0.0008631786742326154,355.0,0.0005175017638792515,99.0,0.0001765612292941831,0.0,0.0,135.0,0.00022291573785109228,272.0,0.000454870796625929,0.002235028201883071,0.0003725047003138452,1321.0,9.361994484546871e-08,0.00030597376496273125
13,CGGCGGCATGGACGAGCTGTACAAGGTCGGTGCTGTGGCTCCGCGGAGCCGCAGCACCGACGACCAGATGGAG,157.0,0.0002946066344663492,110.0,0.00016035265923019062,0.0,0.0,178.0,0.0002707059646561426,662.0,0.001093112729314245,147.0,0.00024583090847063075,0.002064608896137558,0.000344101482689593,1254.0,1.4613621118149426e-07,0.00038227766241502294
9,CGGCGGCATGGACGAGCCTGCCACACTCGCTAAGCTCCTCCGGCACCGCACACCTGCCACTGCCGCTGCAGCCG,484.0,0.0009082140833230127,0.0,0.0,448.0,0.0007989841487251923,0.0,0.0,0.0,0.0,98.0,0.00016388727231375383,0.0018710855043619586,0.00031184758406032644,1030.0,1.8131880699624976e-07,0.0004258154611991558
11,CGGCGGCATGGACGAGCTGTACAAGGTCGGTGGGCAAGCTGGAGAACAACTTGGACGGCTACGTGCCCACCGGCG,216.0,0.0004053186818135759,266.0,0.0003877618850475519,124.0,0.0002211473983078657,169.0,0.00025701858442071963,161.0,0.00026584765773352486,109.0,0.00018228278247142007,0.001719376989794658,0.000286562831632443,1045.0,8.159937781479032e-09,9.033237393913122e-05
27,CGGCGGCATGGACGAGCTGTACAAGGTCGGTGCTGTGGCTCCGGAGCCGCAGCACCGACGACCAGATGGAGCTGG,0.0,0.0,97.0,0.00014140189041207717,0.0,0.0,95.0,0.00014447790248501994,261.0,0.00043097042651211174,264.0,0.0004414922437839899,0.0011583424631931988,0.00019305707719886647,717.0,3.957861168572379e-08,0.0001989437400013476
28,CGGCGGCATGGACGAGCTGTACAAGGTCGGTGCTGTGGCTCCGCGGAGCCGCAGCACCGACGACCAGATGGAGCG,0.0,0.0,82.0,0.00011953561869886937,75.0,0.0001337585070410478,131.0,0.00019922742342671167,183.0,0.00030217466686481396,0.0,0.0,0.0007546962160314427,0.00012578270267190713,471.0,1.3650693626996544e-08,0.00011683618286728021
26,CGGCGGCATGGACGAGCTGTACAAGGTCGGTGCTGCGGCTCCGCCGGGCTTTGCCCGGGCGGCCTCAGTGAGCGG,0.0,0.0,424.0,0.0006180866137600074,0.0,0.0,0.0,0.0,0.0,0.0,0.0,0.0,0.0006180866137600074,0.0001030144356266679,424.0,6.367184368488546e-08,0.00025233280342612107
55,CGGCGGCATGGACGAGCTGTACAAGGTCGGTGCTGCGGCTCCGTTGCCCGGGCGGCCTCAGTGAGCGAGCGAGCG,0.0,0.0,0.0,0.0,0.0,0.0,0.0,0.0,0.0,0.0,359.0,0.0006003625587820165,0.0006003625587820165,0.00010006042646366942,359.0,6.007253366454838e-08,0.0002450969882812687
12,CGGCGGCGAGCCTGCCACACTCGCTAAGCTCCTCCGGCACCGCACACCTGCCACTGCCGCTGCAGCCGCCGGCT,205.0,0.0003846774526471438,0.0,0.0,111.0,0.00019796259042075077,0.0,0.0,0.0,0.0,0.0,0.0,0.0005826400430678946,9.71066738446491e-05,316.0,2.6117538630032633e-08,0.00016160921579548806
41,CGGCGGCATGGACGAGCTGTACAAGGTCGGTGCTGCGCGGCGCCGCAGCACCGACGACCAGATGGAGCTGGGCCG,0.0,0.0,0.0,0.0,0.0,0.0,324.0,0.0004927456884752259,0.0,0.0,0.0,0.0,0.0004927456884752259,8.212428141253764e-05,324.0,4.046638558515405e-08,0.00020116258495345016
42,CGGCGGCATGGACGAGCTGTACAAGGTCGGTGCTGCGCGGAGCCGCAGCACCGACGACCAGATGGAGCTGGACCA,0.0,0.0,0.0,0.0,0.0,0.0,261.0,0.0003969340268272653,0.0,0.0,0.0,0.0,0.0003969340268272653,6.615567113787755e-05,261.0,2.625943694221802e-08,0.00016204763787916818
33,CGGCGGCATGGACGAGCTGTACAAGGTCGGTGCTGCGGCTCCGCGGAGCCGCGGCACCGACGACCAGATGGAG,0.0,0.0,0.0,0.0,108.0,0.00019261225013910885,0.0,0.0,79.0,0.00013044698733508364,0.0,0.0,0.0003230592374741925,5.384320624569875e-05,187.0,7.344270051109799e-09,8.569871674132466e-05
43,CGGCGGCATGGACGAGCTGGACCATATGACCACCGGCGGCCTCCACGCCTACCCTGCCCCGCGGGGTGGGCCGG,0.0,0.0,0.0,0.0,0.0,0.0,186.0,0.0002828725248654074,0.0,0.0,0.0,0.0,0.0002828725248654074,4.714542081090124e-05,186.0,1.3336144220621752e-08,0.00011548222469549915
44,CGGCGGCATGGACGAGCTGTACAAGGTCGGTGCTGCGGCCGCAGCACCGACGACCAGATGGAGCTGGGCCATATG,0.0,0.0,0.0,0.0,0.0,0.0,184.0,0.00027983088481309124,0.0,0.0,0.0,0.0,0.00027983088481309124,4.663848080218187e-05,184.0,1.3050887349212923e-08,0.00011424048034393466
51,CGGCGGCATGGACGAGCTGTACAAGGTCGGTGCTGCGGCTCCGCCCGGCCTCAGTGAGCGAGCGAGCGCGCAGAG,0.0,0.0,0.0,0.0,0.0,0.0,0.0,0.0,168.0,0.00027740625154802596,0.0,0.0,0.00027740625154802596,4.623437525800433e-05,168.0,1.2825704732987776e-08,0.00011325062795846995
22,CGGCGGCGACGAGCCTGCCACACTCGCTAAGCTCCTCCGGCACCGCACACCTGCCACTGCCGCTGCAGCCGCCGG,79.0,0.00014824155492255785,0.0,0.0,71.0,0.0001266247199988586,0.0,0.0,0.0,0.0,0.0,0.0,0.00027486627492141644,4.581104582023607e-05,150.0,5.083493361156892e-09,7.129862103264615e-05
45,CGGCGGCATGGACGAGCTGTACAAGGTCGGTGCTGCGGCCGCAGCACCGACGACCAGATGGAGCTGGACCATATG,0.0,0.0,0.0,0.0,0.0,0.0,164.0,0.0002494144842899291,0.0,0.0,0.0,0.0,0.0002494144842899291,4.156908071498819e-05,164.0,1.0367930828935215e-08,0.00010182303682828957
14,CGGCGGCATGGACGAGCTGTACAAGGTCGGTGCTGCGGCTCCGTTGGCCGGGCGGCCTCAGTGAGCGAGCGAGCG,127.0,0.0002383123731033525,0.0,0.0,0.0,0.0,0.0,0.0,0.0,0.0,0.0,0.0,0.0002383123731033525,3.971872885055875e-05,127.0,9.465464529025251e-09,9.729061891582996e-05
15,CGGCGGCGCGCCTGCCACACTCGCTAAGCTCCTCCGGCACCGCACACCTGCCACTGCCGCTGCAGCCGCCGGCT,121.0,0.00022705352083075318,0.0,0.0,0.0,0.0,0.0,0.0,0.0,0.0,0.0,0.0,0.00022705352083075318,3.7842253471792195e-05,121.0,8.592216886940213e-09,9.26942117229561e-05
46,CGGCGGCATGGACGAGCTGTACAAGGTCGGTGCTGCGCGGAGCCGCAGCACCGACGACCAGATGGAGCTGGGCCA,0.0,0.0,0.0,0.0,0.0,0.0,148.0,0.00022508136387139945,0.0,0.0,0.0,0.0,0.00022508136387139945,3.751356064523324e-05,148.0,8.443603393701556e-09,9.188908201577354e-05
47,CGGCGGCATGGACGAGCTGTACAAGGTCGGTGCTGCGGCCGCAGCACCGGCGACCAGATGGAGCTGGGCCATATG,0.0,0.0,0.0,0.0,0.0,0.0,115.0,0.000174894303008182,0.0,0.0,0.0,0.0,0.000174894303008182,2.914905050136367e-05,115.0,5.098002870786297e-09,7.140030021495916e-05
19,CGGCGGCATGGACGAGCTGTACAAGGTCGGTGCTGTGGCGCCGGAGCCGCAGCACCGACGACCAGATGGAGCTGG,92.0,0.00017263573484652307,0.0,0.0,0.0,0.0,0.0,0.0,0.0,0.0,0.0,0.0,0.00017263573484652307,2.877262247442051e-05,92.0,4.967182824333171e-09,7.04782436240658e-05
34,CGGCATGGACGAGCTGTACAAGGTCGGTGCTGCGGCACCAGATGGAGCTGGACCATATGACCACCGGCGGCCTC,0.0,0.0,0.0,0.0,90.0,0.00016051020844925736,0.0,0.0,0.0,0.0,0.0,0.0,0.00016051020844925736,2.675170140820956e-05,90.0,4.293921169404009e-09,6.552801820140763e-05
21,CGGCCGCAGGAACCCCTAGTGATGGAGTTGGCCACTCCCTCTCTGCGCGCTCGCTCGCTCACCAGATGGAGCTGG,82.0,0.0001538709810588575,0.0,0.0,0.0,0.0,0.0,0.0,0.0,0.0,0.0,0.0,0.0001538709810588575,2.5645163509809587e-05,82.0,3.9460464686692135e-09,6.281756496927601e-05
48,CGGCGGCATGGACGAGCTGTACAAGGTCGGTGCTGCGGCTCCGCGCGGCCTCAGTGAGCGAGCGAGCGCGCAGAG,0.0,0.0,0.0,0.0,0.0,0.0,101.0,0.00015360282264196854,0.0,0.0,0.0,0.0,0.00015360282264196854,2.560047044032809e-05,101.0,3.932304520596674e-09,6.270808975400761e-05
56,CGGCGGCATGGACGAGCTGTACAAGGTCGGTGCCGCAGCACCGACGACCAGATGGAGCTGGACCATATGACCAC,0.0,0.0,0.0,0.0,0.0,0.0,0.0,0.0,0.0,0.0,84.0,0.00014047480484036042,0.00014047480484036042,2.3412467473393405e-05,84.0,3.288861799156225e-09,5.734859892932193e-05
57,CGGCGGCATGGACGAGCTGTACAAGGTCGGTGCTGCGGCTCCGAGATGGAGCTGGTCGAGATGAGCACCGCCGG,0.0,0.0,0.0,0.0,0.0,0.0,0.0,0.0,0.0,0.0,81.0,0.00013545784752463325,0.00013545784752463325,2.257630792077221e-05,81.0,3.058138076001132e-09,5.5300434681846143e-05
49,CGGCGGCATGGACGAGCTGTACAAGGTCGGTGCTGCGCGGCGCCGCAGCACCGACGACCAGATGGAGCTGGACCA,0.0,0.0,0.0,0.0,0.0,0.0,85.0,0.00012926970222343887,0.0,0.0,0.0,0.0,0.00012926970222343887,2.1544950370573145e-05,85.0,2.78510931882276e-09,5.2774134941491554e-05
