,sequence,7_count,7_percent,8_count,8_percent,9_count,9_percent,10_count,10_percent,11_count,11_percent,12_count,12_percent,total_reads_seq,percent_mean,sd
1,CGGCGGCATGGACGAGCTGTACAAGGTCGGTGCTGCGGCTCCGACCAGATGGAGCTGGACCATATGACCACCGG,345902.0,0.649076586466109,601054.0,0.8761873385540272,115624.0,0.20620924824152148,530482.0,0.8067676491164035,406484.0,0.6711976354419511,509642.0,0.8522840534339401,2509188.0,0.6769537518756588,0.24887629117756296
2,CGGCGGCATGGACGAGCTGTACAAGGTCGGTCGGAGCCGCAGCACCGACGACCAGATGGAGCTGGACCATATGA,122986.0,0.23078020093298357,180.0,0.00026239526055849374,301.0,0.0005368174749247385,0.0,0.0,0.0,0.0,0.0,0.0,123467.0,0.03859656894474447,0.0941506105780562
3,CGGCGGCATGGACGAGCTGTACAAGGTCGGTGCTGCGGCTCCGGCACGTGCGGACCGAGCGGCCGCAGGAACCC,31031.0,0.058228907478504975,0.0,0.0,0.0,0.0,0.0,0.0,0.0,0.0,0.0,0.0,31031.0,0.009704817913084163,0.023771851933678107
4,CGGCGGCATGGACGAGCTGTACAAGGTCGGTGCTGCGGCTCAAAGGTCGCCCGGCCTCAGTGAGCGAGCGAGCG,10623.0,0.019933797948637116,0.0,0.0,0.0,0.0,0.0,0.0,0.0,0.0,0.0,0.0,10623.0,0.003322299658106186,0.008137938934983163
5,CGGCGGCATGGACGAGCTGTACAAGGTCGGTGCTGCGGCTCCGAACAGGCACGTGCGGACCGAGCGGCCGCAGGA,7826.0,0.014685296314227061,0.0,0.0,0.0,0.0,0.0,0.0,0.0,0.0,0.0,0.0,7826.0,0.0024475493857045102,0.005995247115238468
6,CGGCGGCATGGACGAGCTGTACAAGGTCGGTGCTGCGGCTCCGAACAGGCACGTGCGGACCGAGCGGCCGCAGGG,6172.0,0.011581606037747178,0.0,0.0,76.0,0.00013554195380159511,0.0,0.0,0.0,0.0,218.0,0.00036456556494284014,6466.0,0.0020136189260819355,0.004689497009469398
7,CGGCGGCCTCCACGCCTACCCTGCCCCGCGGGGTGGGCCGGCCGCCAAACCCAATGTGATCCTGCAGATTGGTAA,4040.0,0.007580960530216883,4332.0,0.006314979270774416,3388.0,0.006042317624734266,3560.0,0.005414119293122852,2637.0,0.004354287412691336,2301.0,0.00384800626116273,20258.0,0.005592445065450414,0.001362830579869848
8,GGGCGGCATGGACGAGCTGTACAAGGTCGGTGCTGCGGCTCCGAACAGGCACGTGCGGACCGAGCGGCCGCAGGG,1819.0,0.003413308713976364,0.0,0.0,0.0,0.0,0.0,0.0,0.0,0.0,0.0,0.0,1819.0,0.0005688847856627273,0.001393477447306257
9,CGGCGGCATGGACGAGCCTGCCACACTCGCTAAGCTCCTCCGGCACCGCACACCTGCCACTGCCGCTGCAGCCG,484.0,0.0009082140833230127,0.0,0.0,448.0,0.0007989841487251923,0.0,0.0,0.0,0.0,98.0,0.00016388727231375383,1030.0,0.00031184758406032644,0.0004258154611991558
10,CGGCGGCATGGACGAGCTGTACAAGGTCGGAGCCGCAGCACCGACGACCAGATGGAGCTGGACCATATGACCAC,460.0,0.0008631786742326154,355.0,0.0005175017638792515,99.0,0.0001765612292941831,0.0,0.0,135.0,0.00022291573785109228,272.0,0.000454870796625929,1321.0,0.0003725047003138452,0.00030597376496273125
11,CGGCGGCATGGACGAGCTGTACAAGGTCGGTGGGCAAGCTGGAGAACAACTTGGACGGCTACGTGCCCACCGGCG,216.0,0.0004053186818135759,266.0,0.0003877618850475519,124.0,0.0002211473983078657,169.0,0.00025701858442071963,161.0,0.00026584765773352486,109.0,0.00018228278247142007,1045.0,0.000286562831632443,9.033237393913122e-05
12,CGGCGGCGAGCCTGCCACACTCGCTAAGCTCCTCCGGCACCGCACACCTGCCACTGCCGCTGCAGCCGCCGGCT,205.0,0.0003846774526471438,0.0,0.0,111.0,0.00019796259042075077,0.0,0.0,0.0,0.0,0.0,0.0,316.0,9.71066738446491e-05,0.00016160921579548806
13,CGGCGGCATGGACGAGCTGTACAAGGTCGGTGCTGTGGCTCCGCGGAGCCGCAGCACCGACGACCAGATGGAG,157.0,0.0002946066344663492,110.0,0.00016035265923019062,0.0,0.0,178.0,0.0002707059646561426,662.0,0.001093112729314245,147.0,0.00024583090847063075,1254.0,0.000344101482689593,0.00038227766241502294
14,CGGCGGCATGGACGAGCTGTACAAGGTCGGTGCTGCGGCTCCGTTGGCCGGGCGGCCTCAGTGAGCGAGCGAGCG,127.0,0.0002383123731033525,0.0,0.0,0.0,0.0,0.0,0.0,0.0,0.0,0.0,0.0,127.0,3.971872885055875e-05,9.729061891582996e-05
15,CGGCGGCGCGCCTGCCACACTCGCTAAGCTCCTCCGGCACCGCACACCTGCCACTGCCGCTGCAGCCGCCGGCT,121.0,0.00022705352083075318,0.0,0.0,0.0,0.0,0.0,0.0,0.0,0.0,0.0,0.0,121.0,3.7842253471792195e-05,9.26942117229561e-05
16,CGGCGGCATGGACGAGCTGTACAGATGGAGCTGGACCATATGACCACCGGCGGCCTCCACGCCTACCCTGCCCCG,120.0,0.00022517704545198662,47955.0,0.06990647066712537,0.0,0.0,0.0,0.0,0.0,0.0,0.0,0.0,48075.0,0.011688607952096225,0.02852095373822066
17,CGGCGGCATGGACGAGCTGTACAAGGTCGGTGCTGCGGCTCCCAGATGGAGCTGGACCATATGACCACCGGCGG,117.0,0.00021954761931568695,0.0,0.0,0.0,0.0,27862.0,0.04237308756881711,52416.0,0.08655075048298409,0.0,0.0,80395.0,0.021523897611852815,0.036074617530907856
18,CGGCGGCATGGACGAGCTGTACAAGGTCGGTGCTGCGCAACCAGATGGAGCTGGACCATATGACCACCGGCGGC,103.0,0.0001932769640129552,0.0,0.0,0.0,0.0,0.0,0.0,90241.0,0.14900843777348458,0.0,0.0,90344.0,0.024866952456249588,0.06081670812681492
19,CGGCGGCATGGACGAGCTGTACAAGGTCGGTGCTGTGGCGCCGGAGCCGCAGCACCGACGACCAGATGGAGCTGG,92.0,0.00017263573484652307,0.0,0.0,0.0,0.0,0.0,0.0,0.0,0.0,0.0,0.0,92.0,2.877262247442051e-05,7.04782436240658e-05
20,CGGCGGCATGGACGAGCTGTACAAGGTCGGTGCTGCGGCTCCGCCGCGGGGTGGGCCGGCCGCCAAACCCAATGT,83.0,0.00015574745643762408,0.0,0.0,0.0,0.0,0.0,0.0,0.0,0.0,14218.0,0.023777033038336243,14301.0,0.003988796749128978,0.009694416540887324
21,CGGCCGCAGGAACCCCTAGTGATGGAGTTGGCCACTCCCTCTCTGCGCGCTCGCTCGCTCACCAGATGGAGCTGG,82.0,0.0001538709810588575,0.0,0.0,0.0,0.0,0.0,0.0,0.0,0.0,0.0,0.0,82.0,2.5645163509809587e-05,6.281756496927601e-05
22,CGGCGGCGACGAGCCTGCCACACTCGCTAAGCTCCTCCGGCACCGCACACCTGCCACTGCCGCTGCAGCCGCCGG,79.0,0.00014824155492255785,0.0,0.0,71.0,0.0001266247199988586,0.0,0.0,0.0,0.0,0.0,0.0,150.0,4.581104582023607e-05,7.129862103264615e-05
23,CGGCGGCATGGACGAGCTGTACAAGGTCGGTGCTGCGGCACCAGATGGAGCTGGACCATATGACCACCGGCGGC,69.0,0.00012947680113489232,0.0,0.0,166556.0,0.29704375864971677,0.0,0.0,0.0,0.0,0.0,0.0,166625.0,0.04952887257514194,0.12125704598546456
24,CGGCGGCATGGACGAGCTGTACAAGGTCGGTGCTGCGGCTCACCAGATGGAGCTGGACCATATGACCACCGGCGG,0.0,0.0,25993.0,0.037891333376094044,0.0,0.0,9256.0,0.014076710162119414,0.0,0.0,0.0,0.0,35249.0,0.008661340589702244,0.015386968441780032
25,CGGCGGCATGGACGAGCTGTACAAGGTCGGTGCTGCGGCTGGCGGCCTCAGTGAGCGAGCGAGCGCGCAGAGAGG,0.0,0.0,5140.0,0.007492842440392543,0.0,0.0,0.0,0.0,0.0,0.0,0.0,0.0,5140.0,0.0012488070733987571,0.003058940117005335
26,CGGCGGCATGGACGAGCTGTACAAGGTCGGTGCTGCGGCTCCGCCGGGCTTTGCCCGGGCGGCCTCAGTGAGCGG,0.0,0.0,424.0,0.0006180866137600074,0.0,0.0,0.0,0.0,0.0,0.0,0.0,0.0,424.0,0.0001030144356266679,0.00025233280342612107
27,CGGCGGCATGGACGAGCTGTACAAGGTCGGTGCTGTGGCTCCGGAGCCGCAGCACCGACGACCAGATGGAGCTGG,0.0,0.0,97.0,0.00014140189041207717,0.0,0.0,95.0,0.00014447790248501994,261.0,0.00043097042651211174,264.0,0.0004414922437839899,717.0,0.00019305707719886647,0.0001989437400013476
28,CGGCGGCATGGACGAGCTGTACAAGGTCGGTGCTGTGGCTCCGCGGAGCCGCAGCACCGACGACCAGATGGAGCG,0.0,0.0,82.0,0.00011953561869886937,75.0,0.0001337585070410478,131.0,0.00019922742342671167,183.0,0.00030217466686481396,0.0,0.0,471.0,0.00012578270267190713,0.00011683618286728021
29,CGGCGGCATGGACGAGCTGTACAAGGTGGAGCTGGACCATATGACCACCGGCGGCCTCCACGCCTACCCTGCCC,0.0,0.0,0.0,0.0,100026.0,0.17839104567050465,166.0,0.00025245612434224535,0.0,0.0,0.0,0.0,100192.0,0.029773916965807817,0.07280729650328996
30,CGGCGGCATGGACGAGCTGTACAAGGTCGGTGCTGATGGAGCTGGACCATATGACCACCGGCGGCCTCCACGC,0.0,0.0,0.0,0.0,73625.0,0.13130626774529527,0.0,0.0,0.0,0.0,0.0,0.0,73625.0,0.021884377957549214,0.05360555933420707
31,CGGCGGCATGGACCGGAGCCGCAGCACCGACGACCAGATGGAGCTGGACCATATGACCACCGGCGGCCTCCACG,0.0,0.0,0.0,0.0,66146.0,0.11796786942316198,0.0,0.0,0.0,0.0,0.0,0.0,66146.0,0.019661311570526998,0.04816018102167009
32,CGGCGGCATGGACGAGCTGTACAAGGTCGGTGCTGCGGCTCCGTACCAGATGGAGCTGGACCATATGACCACCGG,0.0,0.0,0.0,0.0,33844.0,0.06035897216396296,0.0,0.0,0.0,0.0,0.0,0.0,33844.0,0.010059828693993826,0.024641447200093772
33,CGGCGGCATGGACGAGCTGTACAAGGTCGGTGCTGCGGCTCCGCGGAGCCGCGGCACCGACGACCAGATGGAG,0.0,0.0,0.0,0.0,108.0,0.00019261225013910885,0.0,0.0,79.0,0.00013044698733508364,0.0,0.0,187.0,5.384320624569875e-05,8.569871674132466e-05
34,CGGCATGGACGAGCTGTACAAGGTCGGTGCTGCGGCACCAGATGGAGCTGGACCATATGACCACCGGCGGCCTC,0.0,0.0,0.0,0.0,90.0,0.00016051020844925736,0.0,0.0,0.0,0.0,0.0,0.0,90.0,2.675170140820956e-05,6.552801820140763e-05
35,CGGCGGCATGGACGAGCTGTACAAGGTCGCGGAGCCGCAGCACCGACGACCAGATGGAGCTGGACCATATGACCA,0.0,0.0,0.0,0.0,0.0,0.0,28964.0,0.04404903123764334,0.0,0.0,0.0,0.0,28964.0,0.007341505206273889,0.01798294169935719
36,CGGCGGCATGGACGAGCTGTACAAGGTCGGTGCTGCGGCTCCGGATGGAGCTGGACCATATGACCACCGGCGGC,0.0,0.0,0.0,0.0,0.0,0.0,20477.0,0.031141831675639504,0.0,0.0,0.0,0.0,20477.0,0.0051903052792732505,0.012713599543493206
37,CGGCGGCATGGACGAGCTGTACAAGGTCGGTGCACCAGATGGAGCTGGACCATATGACCACCGGCGGCCTCCACG,0.0,0.0,0.0,0.0,0.0,0.0,15085.0,0.022941570094595007,0.0,0.0,0.0,0.0,15085.0,0.0038235950157658343,0.009365856771675295
38,CGGCGGCATGGACGAGCTGTACAAGGTCGGTGCTGCGGCTCCGCCGGGCTTTGCCCGGGCGGCCTCCACGCCTA,0.0,0.0,0.0,0.0,0.0,0.0,7038.0,0.01070353134410074,0.0,0.0,0.0,0.0,7038.0,0.0017839218906834566,0.0043696983731555
39,CGGCGGCATGGACGAGCTGTACAAGGTCGGTGCTGCGGCTCCGCAGCACCGACGAGATGGAGCTGGACCATATGG,0.0,0.0,0.0,0.0,0.0,0.0,6491.0,0.009871642789792256,0.0,0.0,0.0,0.0,6491.0,0.0016452737982987093,0.004030081293002608
40,CGGCGGCATGGACGGAGCCGCAGCACCGACGACCAGATGGAGCTGGACCATATGACCACCGGCGGCCTCCACGC,0.0,0.0,0.0,0.0,0.0,0.0,6018.0,0.009152294917419472,0.0,0.0,0.0,0.0,6018.0,0.0015253824862365786,0.003736408753857602
41,CGGCGGCATGGACGAGCTGTACAAGGTCGGTGCTGCGCGGCGCCGCAGCACCGACGACCAGATGGAGCTGGGCCG,0.0,0.0,0.0,0.0,0.0,0.0,324.0,0.0004927456884752259,0.0,0.0,0.0,0.0,324.0,8.212428141253764e-05,0.00020116258495345016
42,CGGCGGCATGGACGAGCTGTACAAGGTCGGTGCTGCGCGGAGCCGCAGCACCGACGACCAGATGGAGCTGGACCA,0.0,0.0,0.0,0.0,0.0,0.0,261.0,0.0003969340268272653,0.0,0.0,0.0,0.0,261.0,6.615567113787755e-05,0.00016204763787916818
43,CGGCGGCATGGACGAGCTGGACCATATGACCACCGGCGGCCTCCACGCCTACCCTGCCCCGCGGGGTGGGCCGG,0.0,0.0,0.0,0.0,0.0,0.0,186.0,0.0002828725248654074,0.0,0.0,0.0,0.0,186.0,4.714542081090124e-05,0.00011548222469549915
44,CGGCGGCATGGACGAGCTGTACAAGGTCGGTGCTGCGGCCGCAGCACCGACGACCAGATGGAGCTGGGCCATATG,0.0,0.0,0.0,0.0,0.0,0.0,184.0,0.00027983088481309124,0.0,0.0,0.0,0.0,184.0,4.663848080218187e-05,0.00011424048034393466
45,CGGCGGCATGGACGAGCTGTACAAGGTCGGTGCTGCGGCCGCAGCACCGACGACCAGATGGAGCTGGACCATATG,0.0,0.0,0.0,0.0,0.0,0.0,164.0,0.0002494144842899291,0.0,0.0,0.0,0.0,164.0,4.156908071498819e-05,0.00010182303682828957
46,CGGCGGCATGGACGAGCTGTACAAGGTCGGTGCTGCGCGGAGCCGCAGCACCGACGACCAGATGGAGCTGGGCCA,0.0,0.0,0.0,0.0,0.0,0.0,148.0,0.00022508136387139945,0.0,0.0,0.0,0.0,148.0,3.751356064523324e-05,9.188908201577354e-05
47,CGGCGGCATGGACGAGCTGTACAAGGTCGGTGCTGCGGCCGCAGCACCGGCGACCAGATGGAGCTGGGCCATATG,0.0,0.0,0.0,0.0,0.0,0.0,115.0,0.000174894303008182,0.0,0.0,0.0,0.0,115.0,2.914905050136367e-05,7.140030021495916e-05
48,CGGCGGCATGGACGAGCTGTACAAGGTCGGTGCTGCGGCTCCGCGCGGCCTCAGTGAGCGAGCGAGCGCGCAGAG,0.0,0.0,0.0,0.0,0.0,0.0,101.0,0.00015360282264196854,0.0,0.0,0.0,0.0,101.0,2.560047044032809e-05,6.270808975400761e-05
49,CGGCGGCATGGACGAGCTGTACAAGGTCGGTGCTGCGCGGCGCCGCAGCACCGACGACCAGATGGAGCTGGACCA,0.0,0.0,0.0,0.0,0.0,0.0,85.0,0.00012926970222343887,0.0,0.0,0.0,0.0,85.0,2.1544950370573145e-05,5.2774134941491554e-05
50,CGGCGGCATGGACGAGCTGTACAAGGTCGGTGCTGCACGGAGCCGCAGCACCGACGACCAGATGGAGCTGGACCA,0.0,0.0,0.0,0.0,0.0,0.0,0.0,0.0,52183.0,0.08616601443173,119.0,0.00019900597352384393,52302.0,0.014394170067542308,0.03516096942584665
51,CGGCGGCATGGACGAGCTGTACAAGGTCGGTGCTGCGGCTCCGCCCGGCCTCAGTGAGCGAGCGAGCGCGCAGAG,0.0,0.0,0.0,0.0,0.0,0.0,0.0,0.0,168.0,0.00027740625154802596,0.0,0.0,168.0,4.623437525800433e-05,0.00011325062795846995
52,CGGCGGCATGGACGAGCTGTACAAGGTCGGTGCTGCGGCTACCAGATGGAGCTGGACCATATGACCACCGGCGG,0.0,0.0,0.0,0.0,0.0,0.0,0.0,0.0,0.0,0.0,26965.0,0.04509408467286093,26965.0,0.0075156807788101555,0.018409582977728163
53,CGGCGGCATGGACGAGCTGTACAAGGTCGGTGCTGGAGCCGCAGCACCGACGACCAGATGGAGCTGGACCATATG,0.0,0.0,0.0,0.0,0.0,0.0,0.0,0.0,0.0,0.0,25028.0,0.04185480256600643,25028.0,0.006975800427667739,0.017087151595274633
54,CGGCGGCATGGACGAGCTGTACAAGGTCGGTGCTGCACCAGATGGAGCTGGACCATATGACCACCGGCGGCCTC,0.0,0.0,0.0,0.0,0.0,0.0,0.0,0.0,0.0,0.0,18067.0,0.030213789274414187,18067.0,0.0050356315457356976,0.01233472781971499
55,CGGCGGCATGGACGAGCTGTACAAGGTCGGTGCTGCGGCTCCGTTGCCCGGGCGGCCTCAGTGAGCGAGCGAGCG,0.0,0.0,0.0,0.0,0.0,0.0,0.0,0.0,0.0,0.0,359.0,0.0006003625587820165,359.0,0.00010006042646366942,0.0002450969882812687
56,CGGCGGCATGGACGAGCTGTACAAGGTCGGTGCCGCAGCACCGACGACCAGATGGAGCTGGACCATATGACCAC,0.0,0.0,0.0,0.0,0.0,0.0,0.0,0.0,0.0,0.0,84.0,0.00014047480484036042,84.0,2.3412467473393405e-05,5.734859892932193e-05
57,CGGCGGCATGGACGAGCTGTACAAGGTCGGTGCTGCGGCTCCGAGATGGAGCTGGTCGAGATGAGCACCGCCGG,0.0,0.0,0.0,0.0,0.0,0.0,0.0,0.0,0.0,0.0,81.0,0.00013545784752463325,81.0,2.257630792077221e-05,5.5300434681846143e-05
