,sequence,20_count,21_count,22_count,23_count,24_count,total_reads_seq,20_percent,21_percent,22_percent,23_percent,24_percent,percent_mean,sd
7,CATCTGGTCGTCGGTCCCGGCCTTGTACAGCTCGTCCATGCCGAGAGTGATCCCG,18.0,87944.0,34.0,17.0,1.0,88014.0,0.045454545454545456,0.9979347752082246,0.0008042388116188855,0.0013149752475247526,3.268187463232891e-05,0.20910824331930922,0.4413929715061185
6,CATCTGGTCGTCGGTGCTGCGGCTCCGGCCCTCGAACTTCACCTCGGCGCGGGTG,22.0,116.0,24601.0,1731.0,135.0,26605.0,0.05555555555555555,0.0013162971200326805,0.5819140883716529,0.1338954207920792,0.004412053075364403,0.15541868298293696,0.2443791999420578
2,CATCTGGTCGTCGGTGCTGCGGCTCCGCAGGACCATGTGATCGCGCTTCTCGTTG,60.0,3.0,0.0,40.0,14485.0,14588.0,0.15151515151515152,3.404216689739691e-05,0.0,0.003094059405940594,0.4733969540492843,0.12560804142745477,0.2050513297006814
1,GACCAGGATGGGCACCACCCCGGTGAACAGCTCCTCGCCCTTGCTCACCATGGTG,165.0,0.0,363.0,518.0,411.0,1457.0,0.4166666666666667,0.0,0.008586432018166336,0.040068069306930694,0.013432250473887183,0.09575068369313018,0.1800206559802115
4,CATCTGGTCGTCGGTGCTGCGGCTCCGTCGCGCTTCTCGTTGGGGTCTTTGCTCA,39.0,1.0,1.0,16.0,5272.0,5329.0,0.09848484848484848,1.134738896579897e-05,2.36540826946731e-05,0.0012376237623762376,0.172298843061638,0.05441126335610465,0.0783976421875711
49791,GTCCATGCCGAGAGTGATCCCGGCGGCGGTCACGAACTCCAGCAGGACCATGTGG,0.0,0.0,1.0,3036.0,4.0,3041.0,0.0,0.0,2.36540826946731e-05,0.23483910891089108,0.00013072749852931565,0.04699869809842301,0.10500599579133839
3276,CATCTGGTCGTCGGTGCTGCGGCTCCGACAGCTCGTCCATGCCGAGAGTGATCC,1.0,3.0,8782.0,70.0,1.0,8857.0,0.0025252525252525255,3.404216689739691e-05,0.20773015422461916,0.005414603960396039,3.268187463232891e-05,0.04314734695035948,0.09203130757145753
5,GTGCCCCAGGATGTTGCCGTCCTCCTTGAAGTCGATGCCCTTCAGCTCGATGCGG,29.0,7.0,2.0,7.0,4257.0,4302.0,0.07323232323232323,7.943172276059278e-05,4.73081653893462e-05,0.000541460396039604,0.13912674030982417,0.042605452765267386,0.06253679264120271
8,CATCTGGTCGTCGGTGCTGCGGCTCCGGCCCTCGAACTTCACCTCGGCGCGGGT,4.0,0.0,5501.0,410.0,26.0,5941.0,0.010101010101010102,0.0,0.13012110890339673,0.03171410891089109,0.0008497287404405517,0.0345571913311477,0.05492959759266124
9857,GTCCATGCCGAGAGTGATCCCGGCGGCGGTCACGAACTCCAGCAGGACCATGTGA,1.0,0.0,1.0,1633.0,4.0,1639.0,0.0025252525252525255,0.0,2.36540826946731e-05,0.12631497524752475,0.00013072749852931565,0.025798921870800257,0.05620041297182634
3,CTGTTGTGGCTCTGTCTGCTCTGAGGAGGGCTGTGGCCAAGGCTGCTGCCAGCC,42.0,0.0,0.0,0.0,0.0,42.0,0.10606060606060606,0.0,0.0,0.0,0.0,0.021212121212121213,0.04743174497726827
535,CATCACTAGGGGTTCCTGCGGCCGCTCGGTCCGCACGTGCCTGTTGCGGAGCCG,1.0,0.0,0.0,1168.0,0.0,1169.0,0.0025252525252525255,0.0,0.0,0.09034653465346534,0.0,0.018574357435743573,0.04013676448548231
22692,CATCTGGTCGTCGGTGCTGCGGCTCCGTCGCGCTTCTCGTTGGGGTCTTTGCTCG,0.0,1.0,0.0,3.0,2550.0,2554.0,0.0,1.134738896579897e-05,0.0,0.00023205445544554454,0.08333878031243871,0.01671643643137001,0.0372431538916157
49811,CATCTGGTCGTCGGTGCGCACCGACCTTGTACAGCTCGTCCATGCCGAGAGTGAT,0.0,0.0,0.0,957.0,0.0,957.0,0.0,0.0,0.0,0.07402537128712872,0.0,0.014805074257425744,0.03310515245153619
29136,CATCTGGTCGTCGGTGCTGCGGCTCCGGGCTTTGCCCGGGCGGCCTCAGTGAGCG,0.0,0.0,2910.0,2.0,1.0,2913.0,0.0,0.0,0.06883338064149873,0.0001547029702970297,3.268187463232891e-05,0.013804153097285618,0.03076233930467943
49792,GTCCATGCCGAGAGTGATCCCGGCGGCGGTCACGAACTCCAGCAGGACCATGTGT,0.0,0.0,1.0,869.0,1.0,871.0,0.0,0.0,2.36540826946731e-05,0.0672184405940594,3.268187463232891e-05,0.01345495531027728,0.030054705419908283
534,CATCACTAGGGGTTCCTGCGGCCGCTCGGTCCGCACGTGCCTGTTCGGAGCCGCG,1.0,0.0,0.0,580.0,549.0,1130.0,0.0025252525252525255,0.0,0.0,0.04486386138613861,0.01794234917314857,0.013066292616907943,0.019283612465567906
49812,CATCACTAGGGGTTCCTGCGGCCGCTCGGTCCGCACGTGCCTGTTCGGAGCCGCA,0.0,0.0,0.0,471.0,320.0,791.0,0.0,0.0,0.0,0.03643254950495049,0.010458199882345252,0.00937814987745915,0.01578730607631745
9808,GACCATGTGATCGCGCTTCTCGTTGGGGTCTTTGCTCAGGGCGGACTGGGTG,1.0,0.0,0.0,2.0,992.0,995.0,0.0025252525252525255,0.0,0.0,0.0001547029702970297,0.03242041963527028,0.0070200750261639674,0.014239708351889415
14,GACCATGTGATCGCGCTTCTCGTTGGGGTCTTTGCTCAGGGCGGACTGGGTGCT,2.0,0.0,1.0,1.0,792.0,796.0,0.005050505050505051,0.0,2.36540826946731e-05,7.735148514851485e-05,0.025884044708804496,0.006207111065430547,0.011212234117555453
49813,CATCTGGTCGTCGGTGCGCACCGACCTTGTACAGCTCGTGCATGCCGAGAGTGAT,0.0,0.0,0.0,352.0,0.0,352.0,0.0,0.0,0.0,0.027227722772277228,0.0,0.005445544554455445,0.012176607798266181
79223,CATCACTAGGGGTTCCTGCGGCCGCTCGGTCCGCACGTGCCTGTTGGAGCCGCAG,0.0,0.0,0.0,0.0,736.0,736.0,0.0,0.0,0.0,0.0,0.024053859729394077,0.0048107719458788155,0.01075721309523397
49814,CATCTGGTCGTCGGTGGGCACCGACCTTGTACAGCTCGTCCATGCCGAGAGTGAT,0.0,0.0,0.0,307.0,0.0,307.0,0.0,0.0,0.0,0.02374690594059406,0.0,0.004749381188118812,0.010619939187692379
49815,CATCTGGTCGTCGGTGGGCACCGACCTTGTACAGCTCGTGCATGCCGAGAGTGGT,0.0,0.0,0.0,193.0,0.0,193.0,0.0,0.0,0.0,0.014928836633663366,0.0,0.0029857673267326733,0.006676378707572083
49816,CATCTGGTCGTCGGTGCGCACCGACCTTGTACAGCTCGTCCATGCCGAGAGTGGT,0.0,0.0,0.0,118.0,0.0,118.0,0.0,0.0,0.0,0.009127475247524752,0.0,0.0018254950495049504,0.004081931023282413
49817,CATCTGGTCGTCGGTGGGCACCGACCTTGTACACCTCGTGCATGCCGAGAGTGGT,0.0,0.0,0.0,111.0,0.0,111.0,0.0,0.0,0.0,0.00858601485148515,0.0,0.00171720297029703,0.0038397825727487112
49818,CATCTGGTCGTCGGTGGGCACCGACCGTGTACAGCTCGTGCATGCCGGGAGTGGT,0.0,0.0,0.0,99.0,0.0,99.0,0.0,0.0,0.0,0.00765779702970297,0.0,0.0015315594059405941,0.0034246709432623635
10,TGGAGCAGGCACGCAGTTGATGCTTAATTGTTGCCAACCTCTCCTTGTAGTTGC,3.0,0.0,1.0,0.0,1.0,5.0,0.007575757575757576,0.0,2.36540826946731e-05,0.0,3.268187463232891e-05,0.0015264187066169155,0.0033817140671431553
9,CTGCGCGGGGCCGTCGCCGATGGGGGTGTTCTGCTGGTAGTGGTCGGCGAGCTG,3.0,0.0,0.0,0.0,1.0,4.0,0.007575757575757576,0.0,0.0,0.0,3.268187463232891e-05,0.001521687890077981,0.0033843574271022227
49819,CATCTGGTCGTCGGTGGGCACCGACCTTGTACAGCTCGTGCATGCCGAGAGTGAT,0.0,0.0,0.0,96.0,0.0,96.0,0.0,0.0,0.0,0.007425742574257425,0.0,0.0014851485148514852,0.0033208930358907766
12,CCCTCTCCCAGCCCTGGTACCTTCCTATCTGGGCTAAATCATTTCTAAATCATTT,2.0,0.0,1.0,1.0,1.0,5.0,0.005050505050505051,0.0,2.36540826946731e-05,7.735148514851485e-05,3.268187463232891e-05,0.0010368384985961136,0.0022438828945119944
49820,CATCTGGTCGTCGGTGCTCACCGACCTTGTACAGCTCGTCCATGCCGAGAGTGAT,0.0,0.0,0.0,40.0,0.0,40.0,0.0,0.0,0.0,0.003094059405940594,0.0,0.0006188118811881188,0.001383705431621157
253,CACCTTAACCATCGACGACTCTTCGATGTCTTTGCGCAGCGCGCGAATGGCAGC,1.0,0.0,0.0,0.0,14.0,15.0,0.0025252525252525255,0.0,0.0,0.0,0.00045754624485260474,0.000596559754021026,0.0010962243362885218
9474,CCTTGTAGTTGCCGTCCTCCTTGAAGTCGATGCCCTTCAGCTCGATGCGGTTCA,1.0,2.0,0.0,1.0,1.0,5.0,0.0025252525252525255,2.269477793159794e-05,0.0,7.735148514851485e-05,3.268187463232891e-05,0.0005315961325929934,0.0011148424199729583
49821,CATCACTAGGGGTTCCTGCGGCCGCTCGGTCCGCACGAGCCGCAGCACCGACCTT,0.0,0.0,0.0,17.0,0.0,17.0,0.0,0.0,0.0,0.0013149752475247526,0.0,0.0002629950495049505,0.0005880748084389918
29137,CATCACTAGGGGTTCCTGCGGCCGCTCGGTCCGCACGTGCCTGTTGAGCCGCAG,0.0,0.0,55.0,0.0,0.0,55.0,0.0,0.0,0.0013009745482070205,0.0,0.0,0.0002601949096414041,0.0005818135053575949
49822,CATCTGGTCGTCGGTGCTGCGGCTCCGGTCGCCCGGCCTCAGTGAGCGAGCGAG,0.0,0.0,0.0,16.0,0.0,16.0,0.0,0.0,0.0,0.0012376237623762376,0.0,0.00024752475247524753,0.0005534821726484628
49823,CATCTGGTCGTCGGTGCTGCGGCTCCGAGGTCGCCCGGCCTCAGTGAGCGAGCGA,0.0,0.0,0.0,15.0,0.0,15.0,0.0,0.0,0.0,0.0011602722772277227,0.0,0.00023205445544554454,0.0005188895368579339
49824,CATCTGGTCGTCGGTGCTGCGGCTCCGAGGTCGCCCGGCCTCAGTGAGCGAGCGG,0.0,0.0,0.0,7.0,1.0,8.0,0.0,0.0,0.0,0.000541460396039604,3.268187463232891e-05,0.00011482845413438658,0.00023891399917877533
79224,CATCTGGTCGTCGGTGCTGCTCGTCCATGCCGAGAGTGATCCCGGCGGCGGTCA,0.0,0.0,0.0,0.0,12.0,12.0,0.0,0.0,0.0,0.0,0.0003921824955879469,7.843649911758939e-05,0.00017538934394403213
79225,GTGCCCCAGGATGTTGCCGTCCTCCTTGAAGTCGATGCACTTCAGCTCGATG,0.0,0.0,0.0,0.0,10.0,10.0,0.0,0.0,0.0,0.0,0.0003268187463232891,6.536374926465782e-05,0.0001461577866200268
28521,CGGAGCCGCAGCACCGACCTTGTACAGCTCGTCCATGCCGAGAGTGATCCCGGCG,0.0,1.0,0.0,4.0,0.0,5.0,0.0,1.134738896579897e-05,0.0,0.0003094059405940594,0.0,6.415066591197167e-05,0.0001371898863131761
9864,ATATGGTCCAGCTCCATCTGGTCGTCGGTCCCGGCCTTGTACAGCTCGTCCATGCCGAGAGTGATCCCG,0.0,28.0,0.0,0.0,0.0,28.0,0.0,0.0003177268910423711,0.0,0.0,0.0,6.354537820847423e-05,0.00014209178533008217
29138,CATCTGGTCGTCGGAGCCGCAGCACCGACCTTGTACAGCTCGTCCATGCCGAGAG,0.0,0.0,12.0,0.0,0.0,12.0,0.0,0.0,0.0002838489923360772,0.0,0.0,5.676979846721544e-05,0.0001269411284416571
79226,CCGTCGTAGTTCCGCACCTTCGGATAGCCCAGCAGATGGGTGAGCACGAACCAGG,0.0,0.0,0.0,0.0,8.0,8.0,0.0,0.0,0.0,0.0,0.0002614549970586313,5.229099941172626e-05,0.00011692622929602143
49830,CATCTGGTCGTCGGTGGGCACCGACCGTGTTCACCTCGTCCATGCCGAGAGTGGT,0.0,0.0,0.0,3.0,0.0,3.0,0.0,0.0,0.0,0.00023205445544554454,0.0,4.641089108910891e-05,0.00010377790737158677
49829,CATCTGGTCGTCGGTGGGCACCGACCGTGTAAACCTCGTCCATGCCGAGAGGGGT,0.0,0.0,0.0,3.0,0.0,3.0,0.0,0.0,0.0,0.00023205445544554454,0.0,4.641089108910891e-05,0.00010377790737158677
49825,CATCTGGTCGTCGGTGATGCTCTGGTGGATCAGGGTGGAGCCGCAGCACCGAC,0.0,0.0,0.0,3.0,0.0,3.0,0.0,0.0,0.0,0.00023205445544554454,0.0,4.641089108910891e-05,0.00010377790737158677
49826,CATCTGGTCGTCGGTGCTGCGGCTCAACAGGCACGTGCGGACCGAGCGCGCAGAG,0.0,0.0,0.0,3.0,0.0,3.0,0.0,0.0,0.0,0.00023205445544554454,0.0,4.641089108910891e-05,0.00010377790737158677
49827,CATCTGGTCGTCGGTGCTGCGGCTCCAAAGCCCGGGCGGCCTCAGTGAGCGAGCG,0.0,0.0,0.0,3.0,0.0,3.0,0.0,0.0,0.0,0.00023205445544554454,0.0,4.641089108910891e-05,0.00010377790737158677
49828,CATCTGGTCGTCGGTGCTGCGGCTCCGTCAACAGGCGCGCCACCATGGTGAGCAA,0.0,0.0,0.0,3.0,0.0,3.0,0.0,0.0,0.0,0.00023205445544554454,0.0,4.641089108910891e-05,0.00010377790737158677
29145,CATCTGGTCGTCGGTGCTGCGGCTCCGAACAGGCGCGCCACCATGGTGAGCAAGG,0.0,0.0,2.0,0.0,3.0,5.0,0.0,0.0,4.73081653893462e-05,0.0,9.804562389698673e-05,2.9070757857266588e-05,4.366194586214629e-05
37158,CATCTGGTCGTCGGTGCTGCGGCTCGGAGCCGTCGCCGATGGGGGTGTTCTG,0.0,0.0,1.0,1.0,1.0,3.0,0.0,0.0,2.36540826946731e-05,7.735148514851485e-05,3.268187463232891e-05,2.6737488495103375e-05,3.176635939622955e-05
49237,CGACCTTGTACAGCTCGTCCATGCCGAGAGTGATCCCGGCGGCGGTCACGAACT,0.0,0.0,1.0,1.0,1.0,3.0,0.0,0.0,2.36540826946731e-05,7.735148514851485e-05,3.268187463232891e-05,2.6737488495103375e-05,3.176635939622955e-05
79227,CATCTGGTCGTCGGTGCTGCCCAAGCACAGCCTGCTGTACGAGTACTTCACCGCG,0.0,0.0,0.0,0.0,4.0,4.0,0.0,0.0,0.0,0.0,0.00013072749852931565,2.614549970586313e-05,5.8463114648010716e-05
29139,CATCTGGTCGTCGGTGCTGCGGTTCACCAGGGTGTCGCCCTCGAACTTCACCTCG,0.0,0.0,4.0,0.0,1.0,5.0,0.0,0.0,9.46163307786924e-05,0.0,3.268187463232891e-05,2.545964108220426e-05,4.1168520617496335e-05
9865,CATCTGGTCGTCGGTCCCGGCGGCGGTCACGAACTCCAGCAGGACCATGTGATCG,0.0,11.0,0.0,0.0,0.0,11.0,0.0,0.00012482127862378868,0.0,0.0,0.0,2.4964255724757735e-05,5.582177280824658e-05
9866,CATCACTAGGGGTTCCTGCGGCCGCTCGGTCCGCACGTGCCTGAGCCGCAGCAC,0.0,9.0,0.0,0.0,0.0,9.0,0.0,0.00010212650069219073,0.0,0.0,0.0,2.0425300138438146e-05,4.567235957038356e-05
49102,CCATTGCTGGGGACTCACTGGTCTGCTTACTGGAACGTTGCTGGCCATGCTGGAA,0.0,0.0,1.0,0.0,2.0,3.0,0.0,0.0,2.36540826946731e-05,0.0,6.536374926465782e-05,1.7803566391866187e-05,2.849166748679144e-05
