,sequence,17_S10_count,16_S9_count,18_S11_count,total_reads_seq,17_percent,16_percent,18_percent,percent_mean,sd
0,CTGTACAAGCCGAACAGTTCGGAGCCGCAGCACCGACGACCAGATGGAGCTGGACCATA,142464.0,105535.0,103561.0,351560.0,0.30080064862673556,0.19659582870725692,0.23557257048228675,0.24432301593875974,0.05265063005679775
3,CTGTACAAGCCGAACAGGTTCGGAGCCGCAGCACCGACGACCAGATGGAGCTGGACCAT,48354.0,125439.0,65733.0,239526.0,0.10209536839971622,0.2336739864235524,0.14952435545728754,0.16176457009351872,0.06663782950412928
1,CTGTACAAGCCGAACTGTTCGGAGCCGCAGCACCGACGACCAGATGGAGCTGGACCATA,63967.0,87027.0,65554.0,216548.0,0.13506089321306713,0.16211820898191545,0.14911718007160826,0.14876542742219692,0.013532087111697436
2,CTGTACAAGCCGAACATGTTCGGAGCCGCAGCACCGACGACCAGATGGAGCTGGACCAT,51983.0,66901.0,42516.0,161400.0,0.10975769399682443,0.12462649866247401,0.09671211562871064,0.11036543609600302,0.013967111651420616
5,CTGTACAAGCCGAACGTTCGGAGCCGCAGCACCGACGACCAGATGGAGCTGGACCATAT,33186.0,44879.0,21804.0,99869.0,0.0700694233302929,0.08360282557021825,0.0495980564768183,0.06775676845910981,0.017119940411367305
4,CTGTACAAGCCGAACCTGTTCGGAGCCGCAGCACCGACGACCAGATGGAGCTGGACCAT,39014.0,0.0,36092.0,75106.0,0.08237475085301173,0.0,0.08209929620075794,0.05482468235125656,0.04747976742785814
4417,CTGTACAAGCGGAGCCGCAGCACCGACGACCAGATGGAGCTGGACCATATGACCACCGG,0.0,72917.0,0.0,72917.0,0.0,0.13583340163781735,0.0,0.04527780054593911,0.0784234510005364
7,CTGTACAAGCCGAACACTGTTCGGAGCCGCAGCACCGACGACCAGATGGAGCTGGACCA,16115.0,0.0,34503.0,50618.0,0.03402545522110739,0.0,0.07848476163179517,0.03750340561763419,0.0393578017211385
8,CTGTACAAGCCGAACAGCTGTTCGGAGCCGCAGCACCGACGACCAGATGGAGCTGGACC,13982.0,0.0,5442.0,19424.0,0.02952180669571974,0.0,0.012379041613779361,0.013966949436499699,0.014824822295223408
6,CTGTACAAGCCGAACAGTGTTCGGAGCCGCAGCACCGACGACCAGATGGAGCTGGACCA,19453.0,0.0,0.0,19453.0,0.041073359008141616,0.0,0.0,0.013691119669380539,0.023713714879872703
4418,CTGTACAAGCCGAACAGAGCCGCAGCACCGACGACCAGATGGAGCTGGACCATATGACC,0.0,15995.0,0.0,15995.0,0.0,0.029796278771711513,0.0,0.009932092923903837,0.017202889569696775
4419,CTGTACAAGCCGATGTTCGGAGCCGCAGCACCGACGACCAGATGGAGCTGGACCATATG,0.0,11607.0,0.0,11607.0,0.0,0.021622094886105378,0.0,0.007207364962035126,0.01248352230293657
10916,CTGTACGCCTACCCTGCCCCGCGGGGTGGGCCGGCCGCCAAACCCAATGTGATCCTGCA,0.0,0.0,7925.0,7925.0,0.0,0.0,0.018027178388313383,0.006009059462771128,0.010407996295222136
9,CTGTACAAGCCGTTCGGAGCCGCAGCACCGACGACCAGATGGAGCTGGACCATATGACC,8395.0,0.0,0.0,8395.0,0.017725330225330224,0.0,0.0,0.005908443408443408,0.010233724177069416
10917,CTGTTCGGAGCCGCAGCACCGACGACCAGATGGAGCTGGACCATATGACCACCGGCGGC,0.0,0.0,7356.0,7356.0,0.0,0.0,0.01673286110087486,0.005577620366958286,0.009660721860902718
10,CTGGAGCCGCAGCACCGACGACCAGATGGAGCTGGACCATATGACCACCGGCGGCCTCC,6905.0,0.0,0.0,6905.0,0.014579321644539036,0.0,0.0,0.004859773881513012,0.00841737527607675
11,CTGTACAAGCCGAACAGGTGTTCGGAGCCGCAGCACCGACGACCAGATGGAGCTGGACC,6847.0,0.0,0.0,6847.0,0.014456859565555218,0.0,0.0,0.004818953188518406,0.008346671761809922
10918,CTGTACAAGCCGAACACCACCGGCGGCCTCCACGCCTACCCTGCCCCGCGGGGTGGGCC,0.0,0.0,6045.0,6045.0,0.0,0.0,0.013750699477268695,0.004583566492422898,0.007938970044746727
10919,CTGTACAAGCCGAACAGGCTAAGAACTCCTCGTGCGGACCGAGCGGCCGCAGGAACCAA,0.0,0.0,5974.0,5974.0,0.0,0.0,0.013589194156692007,0.004529731385564002,0.00784572490443622
12,CTGTACAAGCCGAACACCCGAGCCGCAGCACCGACGACCAGATGGAGCTGGACCATATG,6189.0,0.0,0.0,6189.0,0.01306754839363535,0.0,0.0,0.004355849464545117,0.007544552582713831
10920,CTCTGTTCGGAGCCGCAGCACCGACGACCAGATGGAGCTGGACCATATGACCACCGGCG,0.0,0.0,5471.0,5471.0,0.0,0.0,0.01244500857570505,0.004148336191901684,0.007185129051250511
10921,CTGTACAAGCCGAACCGGCGGCCTCCACGCCTACCCTGCCCCGCGGGGTGGGCCGGCCG,0.0,0.0,4736.0,4736.0,0.0,0.0,0.010773087299312579,0.0035910290997708595,0.006219844852261456
10922,CTGTGTTCGGAGCCGCAGCACCGACGACCAGATGGAGCTGGACCATATGACCACCGGCG,0.0,0.0,4450.0,4450.0,0.0,0.0,0.01012251657135578,0.0033741721904519267,0.005844237667348707
32,CTGTACAAGCCGAACAGAGGCTAAGAACTCCTCGTGCGGACCGAGCGGCCGCAGGAACC,58.0,3892.0,1194.0,5144.0,0.00012246207898381812,0.0072502105020007005,0.0027160190530783825,0.0033628972113543005,0.0036076360555349464
10923,CTGTACAAGCCGAACTCGGAGCCGCAGCACCGACGACCAGATGGAGCTGGACCATATGA,0.0,0.0,3519.0,3519.0,0.0,0.0,0.008004749621258649,0.002668249873752883,0.004621544348629236
10924,CGTTCGGAGCCGCAGCACCGACGACCAGATGGAGCTGGACCATATGACCACCGGCGGCC,0.0,0.0,3144.0,3144.0,0.0,0.0,0.0071517285618747355,0.0023839095206249117,0.004129052410369514
13,CCTCGCCCTGTTCGGAGCCGCAGCACCGACGACCAGATGGAGCTGGACCATATGACCAC,3124.0,0.0,0.0,3124.0,0.006596060943887031,0.0,0.0,0.002198686981295677,0.0038082375615443543
10925,CTGTACAAGCCGAACAGCGGAGCCGCAGCACCGACGACCAGATGGAGCTGGACCATATG,0.0,0.0,2765.0,2765.0,0.0,0.0,0.006289608611190726,0.002096536203730242,0.003631307224768354
10926,CTGTACAAGCCGAACTCGGAGCCGCAGCACCGACGACCAGATGGAGCTGGACCATATGC,0.0,0.0,2176.0,2176.0,0.0,0.0,0.0049497968672517255,0.0016499322890839085,0.0028577665537417502
10927,CTGTACAAGCCGAACGAGCCGCAGCACCGACGACCAGATGGAGCTGGACCATATGACCA,0.0,0.0,2139.0,2139.0,0.0,0.0,0.004865632122725846,0.0016218773742419487,0.0028091740158334576
4420,CTGTACAAGCCGAACAAAAGGTCGCCCGGCCTCAGTGAGCGAGCGAGCGCGCAGAGAGG,0.0,2563.0,0.0,2563.0,0.0,0.00477448343181598,0.0,0.0015914944772719933,0.002756549294600364
14,CTGTACAAGCGTTCGGAGCCGCAGCACCGACGACCAGATGGAGCTGGACCATATGACCA,2047.0,0.0,0.0,2047.0,0.004322066822066822,0.0,0.0,0.0014406889406889407,0.00249534644317583
15,CTGTACAAGCCGAACACCTGCGCGGGGGAGCCGCAGCACCGACGACCAGATGGAGCTGG,1954.0,0.0,0.0,1954.0,0.004125705212661734,0.0,0.0,0.0013752350708872447,0.0023819770151272943
20,CTGTACAAGCCGAACCTTTGGTCGCCCGGCCTCAGTGAGCGAGCGAGCGCGCAGAGAGG,892.0,0.0,877.0,1769.0,0.0018833823181649268,0.0,0.001994931917545847,0.0012927714119035912,0.0011209613155042037
16,CTGTACAAGGTTCGGAGCCGCAGCACCGACGACCAGATGGAGCTGGACCATATGACCAC,1595.0,0.0,0.0,1595.0,0.003367707172054998,0.0,0.0,0.001122569057351666,0.0019443466423377863
10928,CTGTACAAGCCGAACAGGCTAAGAACTCCTCGTGCGGACCGAGCGGCCGCAGGAACCCC,0.0,0.0,1401.0,1401.0,0.0,0.0,0.003186886677858303,0.001062295559286101,0.0018399498813383233
10929,CTGTACAAGCCGAACGAGCCGCAGCACCGACGACCAGATGGAGCTGGACCATATGACCC,0.0,0.0,1234.0,1234.0,0.0,0.0,0.002807007966079333,0.0009356693220264443,0.001620626804833327
17,CTGTACAAGCCGAACGGAGCCGCAGCACCGACGACCAGATGGAGCTGGACCATATGACC,1322.0,0.0,0.0,1322.0,0.0027912908347690955,0.0,0.0,0.0009304302782563652,0.0016115525148404726
10930,CTGTACAAGCCGAACATTTGCCCGGGCGGCCTCAGTGAGCGAGCGAGCGCGCAGAGAGG,0.0,0.0,1223.0,1223.0,0.0,0.0,0.002781986015004072,0.000927328671668024,0.0016061803746443752
25,CTGTACAAGCCGAACAGCTAAGAACTCCTCGTGCGGACCGAGCGGCCGCAGGAACCCCT,302.0,0.0,870.0,1172.0,0.0006376473767778115,0.0,0.001979008857770681,0.0008722187448494974,0.0010101419750822014
18,CTGTACAAGCCGAAGCCGCAGCACCGACGACCAGATGGAGCTGGACCATATGACCACCG,1121.0,0.0,0.0,1121.0,0.002366896388635519,0.0,0.0,0.0007889654628785063,0.00136652826712267
19,CTGTACGGAGCCGCAGCACCGACGACCAGATGGAGCTGGACCATATGACCACCGGCGGC,942.0,0.0,0.0,942.0,0.0019889530759095975,0.0,0.0,0.0006629843586365325,0.0011483225937819403
10931,CTGTACAAGCCGAACCCGGCCTCAGTGAGCGAGCGAGCGCGCAGCTGCCTGCAGGGGCG,0.0,0.0,846.0,846.0,0.0,0.0,0.00192441550997011,0.0006414718366567033,0.001111061812713934
21,CCTCGCCCTGTTCGGAGCCGCAGCTCCGACGACCAGATGGAGCTGGACCATATGACCAC,797.0,0.0,0.0,797.0,0.0016827978784500523,0.0,0.0,0.0005609326261500175,0.0009715638081148688
22,CTGTACAAGCCGAACAGCGACCTTTGCCCGGGCGGCCTCAGTGAGCGAGCGAGCGCGCA,681.0,0.0,0.0,681.0,0.0014378737204824162,0.0,0.0,0.00047929124016080543,0.0008301567795812117
23,CTGTACAAGCCGATGGAGTTGGCCACTCCCTCTCTGCGCGCTCGCTCGCTCACTGAGGC,600.0,0.0,0.0,600.0,0.0012668490929360495,0.0,0.0,0.0004222830309786832,0.0007314156648292614
10932,CTGCGCCCGGGCGGCCTCAGTGAGCGAGCGAGCGCGCAGAGAGGGAGTGGCCAACTCCA,0.0,0.0,476.0,476.0,0.0,0.0,0.0010827680647113149,0.00036092268823710496,0.0006251364336310078
24,CTGTACAAGCCGAACACTCTCTGCGCGCTCGCTCGCTCACTGAGGCCGGGCGACCTTTG,452.0,0.0,0.0,452.0,0.0009543596500118239,0.0,0.0,0.00031811988333727465,0.0005509998008380435
10933,CTGCGCCCGGGCGGCCTCAGTGAGCGAGCGAGCGCGCAGAGAGGGAGTGGCCAACTCCC,0.0,0.0,294.0,294.0,0.0,0.0,0.0006687685105569886,0.00022292283685232956,0.00038611367959562245
26,CTGTACAAGCCGAACAGCGAGCGCGCAGAGAGGGAGTGGCCAATTCTCAGTCTGGCAGA,194.0,0.0,0.0,194.0,0.0004096145400493227,0.0,0.0,0.0001365381800164409,0.0002364910649614612
10934,CTGTACAAGCCGAACACGGCCTCAGTGAGCGAGCGAGCGCGCAGAGAGGGAGTGGCCAA,0.0,0.0,154.0,154.0,0.0,0.0,0.00035030731505366074,0.00011676910501788692,0.00020225002264532605
27,CTGTACAAGCCGAACAGCGAGCGCGCAGAGAGGGAGTGGCCAATTCTCAGTCTGGCAGC,159.0,0.0,0.0,159.0,0.0003357150096280531,0.0,0.0,0.00011190500320935105,0.00019382515117975427
29,CTGTACAAGCCGCCTCGTGCGGACCGAGCGGCCGCAGGAACCCCTAGTGATGGAGTTGG,157.0,0.0,0.0,157.0,0.00033149217931826625,0.0,0.0,0.00011049739310608875,0.00019138709896365672
28,CTGTACAAGCCGAACAGGCGGCCTCAGTGAGCGAGCGAGCGCGCAGAGAGGGAGTGGCC,157.0,0.0,0.0,157.0,0.00033149217931826625,0.0,0.0,0.00011049739310608875,0.00019138709896365672
30,CTGTACAAGCCGAACAGACGGTTTTTCGCCCTTTGACGTTGGAGTCCACGTTCTTTAAT,76.0,0.0,0.0,76.0,0.0001604675517718996,0.0,0.0,5.3489183923966534e-05,9.264598421170644e-05
10935,CTGTACAAGCCGAACACGGCCTCAGTGAGCGAGCGAGCGCGCAGAGAGGGAGTGGCCAC,0.0,0.0,65.0,65.0,0.0,0.0,0.0001478569836265451,4.928566120884837e-05,8.53652692983519e-05
31,CTGTACAAGCCGAACAAGGCTAAGAACTCCTCGTGCGGACCGAGCGGCCGCAGGAACCC,68.0,0.0,0.0,68.0,0.00014357623053275228,0.0,0.0,4.785874351091743e-05,8.289377534731629e-05
4421,GCTGTCTCTTATACACATCTCCGAGCCCACGAGACTCCTGAGCATCGGGGTTGGGGGGGT,0.0,49.0,0.0,49.0,0.0,9.127962862231098e-05,0.0,3.042654287410366e-05,5.2700318156620305e-05
10936,CTGTACAAGCCGAACAGGCTAAGAACTCCTCGTGCGGACCGAGCGGCCGCCAAACCCAA,0.0,0.0,37.0,37.0,0.0,0.0,8.416474452587952e-05,2.805491484195984e-05,4.859253790829263e-05
10937,CTGTACAAGCCGAACATGATCACCTCCCACAACGAGGACTACACCATCGTGGAACAGTA,0.0,0.0,29.0,29.0,0.0,0.0,6.596696192568936e-05,2.198898730856312e-05,3.8086043225418546e-05
33,CTGTACAAGCCGAACAGACGCTTTTTCGCCCTTTGACGTTGGAGTCCACGTTCTTTAAT,25.0,0.0,0.0,25.0,5.278537887233539e-05,0.0,0.0,1.7595126290778464e-05,3.0475652701219223e-05
34,CTGTACAAGCCGAACAGGCGGCCTCAGAGAGCGAGCGAGCGCGCAGAGAGGGAGTGGCC,24.0,0.0,0.0,24.0,5.067396371744198e-05,0.0,0.0,1.6891321239147324e-05,2.925662659317046e-05
35,GCTGTCTCTTATACACATCTCCGAGCCCACGAGACGGACTCCTATCTCGTATGCCGTCTT,15.0,0.0,0.0,15.0,3.1671227323401235e-05,0.0,0.0,1.0557075774467078e-05,1.8285391620731532e-05
10938,CCTGCCACACTCGCTAAGCTCCTCCGGCACCGCACACCTGCCACTGCCGCTGCAGCCGC,0.0,0.0,9.0,9.0,0.0,0.0,2.047250542521394e-05,6.824168475071313e-06,1.181980651823334e-05
4423,GCTGTCTCTTATACACATCTCCGAGCCCACGAGACTCCTGAGCATCGGGGTTGGCGGGGT,0.0,4.0,0.0,4.0,0.0,7.451398254882529e-06,0.0,2.4837994182941763e-06,4.302066788295536e-06
4422,CTGTACAAGCCGAACAGTCGCCCGGCCTCAGTGAGCGAGCGAGCGCGCAGAGAGGGAGT,0.0,4.0,0.0,4.0,0.0,7.451398254882529e-06,0.0,2.4837994182941763e-06,4.302066788295536e-06
