,sequence,1_count,2_count,3_count,4_count,5_count,6_count,total_reads_seq,1_percent,2_percent,3_percent,4_percent,5_percent,6_percent,percent_mean,sd
1,TTGCTCACCATGGTGGCGCGCCTGTTAACAGGCTAAGAACTCCTCTGAGGCAGAA,1017400.0,828909.0,717627.0,943656.0,981776.0,817549.0,5306917.0,0.8632590532320457,0.9082690042459937,0.9363108184452554,0.9207082671495642,0.8934390052353639,0.9090877753648087,0.9051789872788385,0.025021128364262523
4,TTGCTCACCATGGTGGCGCGCCAACAGGCTAAGAACTCCTCTGAGGCAGAAGCCG,29092.0,15528.0,373.0,0.0,31668.0,0.0,76661.0,0.024684423409304768,0.017014655526640186,0.0004866649879116592,0.0,0.028818616892033928,0.0,0.011834060135981756,0.01333640812444001
95725,TTGCTCACCATGGTGGCGCGCCTGTTCGTCGGTGCTGCGGCTCCAACAGGCTAAG,0.0,4119.0,18912.0,3350.0,13462.0,22549.0,62392.0,0.0,0.0045133543350226,0.02467508914580509,0.0032685350328414595,0.012250733251249235,0.025073751232893772,0.011630243832968692,0.01101918099828
2,TTGCTCACCATGGTGGCGCGCCTAACAGGCTAAGAACTCCTCTGAGGCAGAAGC,58231.0,0.0,0.0,8184.0,0.0,0.0,66415.0,0.04940872609470734,0.0,0.0,0.007984982301126717,0.0,0.0,0.009565618065972342,0.019778654467616254
277867,TTGCTCACCATGGTGGCGCGCCTGTTCGAACAGGCTAAGAACTCCTCTGAGGCAG,0.0,0.0,0.0,0.0,36459.0,0.0,36459.0,0.0,0.0,0.0,0.0,0.03317853837522625,0.0,0.005529756395871042,0.013545081571775794
3,TTGCTCACCATGGTGGCGCGCCTGTTAGAACTCCTCTGAGGCAGAAGCCGGAAGG,29772.0,26.0,27.0,31.0,1.0,2.0,29859.0,0.025261400169868747,2.8489248048212573e-05,3.522776051907453e-05,3.0246145080025445e-05,9.100232692949958e-07,2.2239346519041886e-06,0.004226416213572877,0.010305006042849466
5,TTGCTCACCATGGTGGCGCGCCTGTTCCGTCGGTGCTGCGGCTCCGACAGGCTAA,20765.0,1639.0,0.0,0.0,0.0,0.0,22404.0,0.01761900357810441,0.0017959183673469388,0.0,0.0,0.0,0.0,0.003235820324241891,0.007082815977318183
95726,TTGCTCACCATGGTGGCGCGAACAGGCTAAGAACTCCTCTGAGGCAGAAGCCGGA,0.0,2969.0,46.0,13.0,0.0,12624.0,15652.0,0.0,0.0032532529790439664,6.001766606953438e-05,1.2683867291623574e-05,0.0,0.014037475522819238,0.0028939050058707275,0.005610526176787979
177243,TTGCTCACCATGGTGGCGCGCCTGTTAACGGAGCCGCAGAACAGGCTAAGAACT,0.0,0.0,1.0,9.0,18726.0,27.0,18763.0,0.0,0.0,1.3047318710768344e-06,8.781138894200936e-06,0.017041095740818094,3.0023117800706544e-05,0.0028468674548973467,0.006953732787669287
361379,TTGCTCACCATGGTGGCGCGCCAAACAGGCTAAGAACTCCTCTGAGGCAGAAGC,0.0,0.0,0.0,0.0,0.0,11456.0,11456.0,0.0,0.0,0.0,0.0,0.0,0.012738697686107192,0.002123116281017865,0.005200551553089229
6,TTGCTCACCATGGTGGCGCGCCTGTGCTAAGAACTCCTCTGAGGCAGAAGCCGGA,13180.0,0.0,0.0,0.0,1.0,0.0,13181.0,0.011183167212107688,0.0,0.0,0.0,9.100232692949958e-07,0.0,0.0018640128725628303,0.004565434607737212
151562,TTGCTCACCATGGTGGCGCGCCTGTTTTGCCCGGGCGACCAAACAGGCTAAGAA,0.0,0.0,8531.0,17.0,2.0,0.0,8550.0,0.0,0.0,0.011130667592156473,1.6586595689046213e-05,1.8200465385899917e-06,0.0,0.0018581790390640182,0.004542577757782625
12,TTGCTCGTCGCCGCTGAAGCTAGAGAGGCCCAGAGACTGCGGCTGCGGGAGAA,25.0,1.0,1.0,2.0,30.0,9086.0,9145.0,2.1212380903087418e-05,1.0957403095466375e-06,1.3047318710768344e-06,1.9513641987113192e-06,2.7300698078849876e-05,0.010103335123600728,0.0016927000064936668,0.00412036849691616
151563,TTGCTCACCATGGTGGCGCGCCTGTTAAAACAGGCTAAGAACTCCTCTGAGGCAG,0.0,0.0,7656.0,0.0,0.0,0.0,7656.0,0.0,0.0,0.009989027204964245,0.0,0.0,0.0,0.0016648378674940408,0.004078003279823673
198662,TTGCTCACCATGGAACAGGCTAAGAACTCCTCTGAGGCAGAAGCCGGAAGGGAG,0.0,0.0,0.0,10103.0,32.0,1.0,10136.0,0.0,0.0,0.0,0.009857316249790228,2.9120744617439867e-05,1.1119673259520943e-06,0.0016479248269556032,0.004021780588019117
214,TTGCTCACCATGGTGGGAACAGGCTAAGAACTCCTCTGAGGCAGAAGCCGGAAGG,2.0,0.0,3.0,10026.0,22.0,10.0,10063.0,1.6969904722469935e-06,0.0,3.914195613230503e-06,0.009782188728139843,2.0020511924489908e-05,1.1119673259520941e-05,0.0016364900165682218,0.0039905679178712525
361380,TTGCTCACCATGGTGGCGCGCCTGTCAGGCTAAGAACTCCTCTGAGGCAGAAGC,0.0,0.0,0.0,0.0,0.0,8092.0,8092.0,0.0,0.0,0.0,0.0,0.0,0.008998039601604347,0.001499673266934058,0.0036734342848811137
13,TTGCTCACCATGGTGGCGCAACAGGCTAAGAACTCCTCTGAGGCAGAAGCCGGAA,21.0,7930.0,158.0,22.0,8.0,0.0,8139.0,1.7818399958593433e-05,0.008689220654704835,0.00020614763563013983,2.146500618582451e-05,7.280186154359967e-06,0.0,0.0014903219804389585,0.0035275919844711665
198663,TTGCTCACCATGGTGGCGCGCCCACAGGCTAAGAACTCCTCTGAGGCAGAAGCCG,0.0,0.0,0.0,8752.0,0.0,0.0,8752.0,0.0,0.0,0.0,0.008539169733560732,0.0,0.0,0.0014231949555934553,0.0034861014457069294
361381,TTGCTCACCATGGTGGCGCGCCGAACAGGCTAAGAACTCCTCTGAGGCAGAAGC,0.0,0.0,0.0,0.0,0.0,7439.0,7439.0,0.0,0.0,0.0,0.0,0.0,0.008271924937757628,0.001378654156292938,0.003376999214684948
151569,TTGCTCACCATGGTGGCGCGCCTGTTAGCCGCAGCACCGACGAACAGGCTAAGAA,0.0,0.0,3.0,8245.0,10.0,1.0,8259.0,0.0,0.0,3.914195613230503e-06,0.008044498909187413,9.100232692949959e-06,1.1119673259520943e-06,0.0013431042174699244,0.003283001323107811
11,TTGCTCACCATGGTGGCGCGCAGGCTAAGAACTCCTCTGAGGCAGAAGCCGGAAG,25.0,6448.0,133.0,20.0,4.0,0.0,6630.0,2.1212380903087418e-05,0.007065333515956718,0.00017352933885321896,1.951364198711319e-05,3.6400930771799834e-06,0.0,0.001213871495129553,0.0028673677852909143
198671,TTGCTCACCATGGTGGCGCGCCTGTTCGTCGGTGCTGCGGCTCCGCAACAGGCTA,0.0,0.0,0.0,4.0,7903.0,0.0,7907.0,0.0,0.0,0.0,3.9027283974226384e-06,0.0071919138972383525,0.0,0.0011993027709392959,0.0029357683123258566
151612,TTGCTCACCATGGTGGCGCGCCTGTTCGTCGGTGCAACAGGCTAAGAACTCCT,0.0,0.0,2.0,7269.0,9.0,3.0,7283.0,0.0,0.0,2.609463742153669e-06,0.007092233180216289,8.190209423654963e-06,3.3359019778562825e-06,0.0011843947925599923,0.0028942394632018587
151613,TTGCTCACCATGGTGGCGCGCCTGTTCGTCGGTGCTGAAACAGGCTAAGAACTC,0.0,0.0,2.0,7078.0,3.0,2.0,7085.0,0.0,0.0,2.609463742153669e-06,0.006905877899239358,2.7300698078849874e-06,2.2239346519041886e-06,0.0011522402279068834,0.0028186955674860915
151568,TTGCTCACCATGGTGGCGCGCCTGTTGAGCCGCAGCACCGACGAACAGGCTAAGA,0.0,0.0,4.0,6799.0,6.0,1.0,6810.0,0.0,0.0,5.218927484307338e-06,0.006633662593519129,5.460139615769975e-06,1.1119673259520943e-06,0.0011075756046575265,0.0027072198053080232
151564,TTGCTCACCATGGTGGCGCGCCTGTTTTGGTCGCCCGGCCTCAGTGAGCGAGCGG,0.0,0.0,4974.0,40.0,4.0,0.0,5018.0,0.0,0.0,0.006489736326736174,3.902728397422638e-05,3.6400930771799834e-06,0.0,0.0010887339506312633,0.002645984288622598
43,TTGCTCACCATGGTGGCGCGCCGGGCGGCCTCAGTGAGCGAGCGAGCGCGCAGAG,2.0,0.0,4991.0,0.0,0.0,0.0,4993.0,1.6969904722469935e-06,0.0,0.00651191676854448,0.0,0.0,0.0,0.0010856022931694544,0.002658340416373297
95722,TTGCTCACCATGGTGGCGCGCCTGTTTAAGAACTCCTCTGAGGCAGAAGCCGGAA,0.0,5695.0,141.0,16.0,3.0,2.0,5857.0,0.0,0.0062402410628681,0.00018396719382183363,1.5610913589690554e-05,2.7300698078849874e-06,2.2239346519041886e-06,0.001074128862456569,0.0025318843445909615
95723,TTGCTCACCATGGTGGCGCGCCTAAACAGGCTAAGAACTCCTCTGAGGCAGAAG,0.0,5477.0,0.0,0.0,0.0,0.0,5477.0,0.0,0.006001369675386933,0.0,0.0,0.0,0.0,0.0010002282792311555,0.0024500489104183846
95724,TTGCTCACCATGGTGGCGCGCCTGTTCGTCGGTGCTGCGGCTCCGACAGGCTAAG,0.0,5301.0,0.0,0.0,0.0,0.0,5301.0,0.0,0.005808519380906725,0.0,0.0,0.0,0.0,0.0009680865634844542,0.0023713181073813866
15,TTGCTCACCATGGTGGCGCGCCTGTTCGGAGCCGCAGCACCGACGAACAGGCTAA,16.0,5010.0,80.0,0.0,3.0,0.0,5109.0,1.3575923777975948e-05,0.005489658950828653,0.00010437854968614675,0.0,2.7300698078849874e-06,0.0,0.0009350572490167768,0.0022316563213632323
361382,TTGCTCACCATGGTGGCGCGAACAGGCTAAGAACTCCTCTGAGGCAGAAGCCGGG,0.0,0.0,0.0,0.0,0.0,4113.0,4113.0,0.0,0.0,0.0,0.0,0.0,0.004573521611640963,0.0007622536019401605,0.0018671323793519549
277951,TTGCTCACCATGGTGGCGCGCCTGTTAGCCCGGGCGGCCTCAGTGAGCGAGCGAG,0.0,0.0,0.0,0.0,2.0,3144.0,3146.0,0.0,0.0,0.0,0.0,1.8200465385899917e-06,0.003496025272793384,0.0005829742198886623,0.0014270979205542056
7,TTGCTCACCATGGTGGCGCGCCTGTTTTTGGTCGCCCGGCCTCAGTGAGCGAGCG,3877.0,16.0,0.0,0.0,3.0,1.0,3897.0,0.0032896160304507972,1.75318449527462e-05,0.0,0.0,2.7300698078849874e-06,1.1119673259520943e-06,0.0005518316520895635,0.0013412517026756324
151565,TTGCTCACCATGGTGGCGCGCCTGTTTTGGTCGCCCGGCCTCAGTGAGCGAGCGA,0.0,0.0,2454.0,22.0,2.0,1.0,2479.0,0.0,0.0,0.0032018120116225515,2.146500618582451e-05,1.8200465385899917e-06,1.1119673259520943e-06,0.0005377015052788197,0.0013051688013913825
18,TTGCTCACCATGGTGGCGCGCCTGTTGGGCGACCAAACAGGCTAAGAACTCCT,11.0,2833.0,35.0,8.0,0.0,0.0,2887.0,9.333447597358464e-06,0.003104232296945624,4.56656154876892e-05,7.805456794845277e-06,0.0,0.0,0.0005278394694709195,0.0012622840018830907
17,TTGCTCACCATGGTGGCGCGCCTGTTCGTCGGTGCTGCGGCTCAACAGGCTAAGA,11.0,2873.0,0.0,0.0,0.0,0.0,2884.0,9.333447597358464e-06,0.0031480619093274894,0.0,0.0,0.0,0.0,0.0005262325594874746,0.0012844342457451264
8,TTGCTCACCATGGTGGCGCGCCTGTGCTAAGAACTCCTCTGAGGCAGAAGCCGGG,3551.0,0.0,0.0,0.0,0.0,0.0,3551.0,0.0030130065834745373,0.0,0.0,0.0,0.0,0.0,0.0005021677639124229,0.0012300547868598446
21,TTGCTCACCATGGTGGCGCGCCTGTTAGGTGCTGCGGCTCCAACAGGCTAAGAA,7.0,2658.0,34.0,9.0,2.0,0.0,2710.0,5.939466652864478e-06,0.0029124777427749623,4.436088361661237e-05,8.781138894200936e-06,1.8200465385899917e-06,0.0,0.0004955632130795384,0.0011841547871323489
220495,TTGCTCACCATGGTGGCGCGCCTGAGCGCGCAGAGAGGGAGTGGCCAACTCCAT,0.0,0.0,0.0,1.0,3231.0,3.0,3235.0,0.0,0.0,0.0,9.756820993556596e-07,0.0029402851830921317,3.3359019778562825e-06,0.0004907661278615573,0.0012000150569531482
198664,TTGCTCACCATGGTGGCGCGCCTGGCGGCCTCAGTGAGCGAGCGAGCGCGCAGAG,0.0,0.0,0.0,2863.0,0.0,1.0,2864.0,0.0,0.0,0.0,0.002793377850455253,0.0,1.1119673259520943e-06,0.00046574830296353424,0.0011403010270630183
16,TTGCTCACCATGAACAGGCTAAGAACTCCTCTGAGGCAGAAGCCGGAAGGGAGCA,13.0,2135.0,52.0,0.0,0.0,0.0,2200.0,1.1030438069605459e-05,0.002339405560882071,6.784605729599538e-05,0.0,0.0,0.0,0.00040304700937461195,0.0009489849088100047
198665,TTGCTCACCATGGTGGCGCGCCTGTTAAAGGTCGCCCGGCCTCAGTGAGCGAGCG,0.0,0.0,0.0,2358.0,1.0,0.0,2359.0,0.0,0.0,0.0,0.002300658390280645,9.100232692949958e-07,0.0,0.0003835947355916567,0.000939165622227441
95733,TTGCTCACCATGGTGGCGCGCCTGTTAACAGGCACGTGCGGACCGAGCGGCCGCA,0.0,117.0,2.0,1650.0,3.0,479.0,2251.0,0.0,0.00012820161621695657,2.609463742153669e-06,0.0016098754639368381,2.7300698078849874e-06,0.0005326323491310532,0.00037934149380581443,0.0006369374117089639
25,TTGCTCACCATGGTGGCGCGCCTGTTTGGTCGCCCGGCCTCAGTGAGCGAGCGAG,4.0,1981.0,0.0,0.0,0.0,0.0,1985.0,3.393980944493987e-06,0.0021706615532118886,0.0,0.0,0.0,0.0,0.00036234258902606374,0.0008858927911171006
152874,TTAACAGGCTAAGAACTCCTCTGAGGCAGAAGCCGGAAGGGAGCAGAGCCGGCGG,0.0,0.0,1.0,2115.0,4.0,0.0,2120.0,0.0,0.0,1.3047318710768344e-06,0.00206356764013722,3.6400930771799834e-06,0.0,0.00034475207751424614,0.0008420454130653556
9,TTGCTCACCATGGTGGCGCGCCTGTTTTCGGGCGGCCTCAGTGAGCGAGCGAGCG,2404.0,9.0,3.0,0.0,0.0,1.0,2417.0,0.002039782547640886,9.861662785919737e-06,3.914195613230503e-06,0.0,0.0,1.1119673259520943e-06,0.00034244506222766473,0.0008315305078693414
220496,TTGCTCACCATGGTGGCGCGCCTGAGCGCGCAGAGAGGGAGTGGCCAACTCCATG,0.0,0.0,0.0,1.0,2092.0,4.0,2097.0,0.0,0.0,0.0,9.756820993556596e-07,0.0019037686793651313,4.447869303808377e-06,0.0003181987051280492,0.000776769389762181
95727,TTGCTCACCATGGTGGGTCGCCCGGCCTCAGTGAGCGAGCGAGCGCGCAGAGAGG,0.0,1630.0,19.0,1.0,0.0,0.0,1650.0,0.0,0.001786056704561019,2.4789905550459853e-05,9.756820993556596e-07,0.0,0.0,0.0003019703820351391,0.0007271172358734786
53,TTGCTCACCATGGTGGCGCGCCTGGGTGCTGCGGCTCCGATAACAGGCTAAGAA,2.0,1561.0,21.0,2.0,2.0,2.0,1590.0,1.6969904722469935e-06,0.001710450623202301,2.739936929261352e-05,1.9513641987113192e-06,1.8200465385899917e-06,2.2239346519041886e-06,0.00029092372139272784,0.0006954979994062455
95728,TTGCTCACCATGGTGGCGCGCCTGTTTTAAGAACTCCTCTGAGGCAGAAGCCGGA,0.0,1519.0,41.0,0.0,0.0,1.0,1561.0,0.0,0.0016644295302013423,5.349400671415021e-05,0.0,0.0,1.1119673259520943e-06,0.0002865059173735741,0.000675377622088782
361383,TTGCTCACCATGGTGGCGCGCCTGTCGTCGGTGCTGCGGCTCCGCGAACAGGCTA,0.0,0.0,0.0,0.0,0.0,1506.0,1506.0,0.0,0.0,0.0,0.0,0.0,0.0016746227928838538,0.00027910379881397563,0.0006836618923666531
95732,TTGCTCACCATGGTGGCGCGCCTGTTGGCCTCAGTGAGCGAGCGAGCGCGCAGAG,0.0,149.0,0.0,0.0,1625.0,1.0,1775.0,0.0,0.00016326530612244898,0.0,0.0,0.0014787878126043682,1.1119673259520943e-06,0.0002738608476754615,0.0005938807301175327
277868,TTGCTCACCATGGTGGCGCGCCTGTTCGTCGGTGCTGCGGCTCCGCAACAGGCTT,0.0,0.0,0.0,0.0,1703.0,0.0,1703.0,0.0,0.0,0.0,0.0,0.001549769627609378,0.0,0.0002582949379348963,0.0006326908010843462
80931,TTGCTCACCATGGTGGCGCGCCTGTTGGAACCCCTAGTGATGGAGTTGGCCACT,1.0,1290.0,15.0,3.0,0.0,0.0,1309.0,8.484952361234968e-07,0.0014135049993151624,1.9570978066152517e-05,2.927046298066979e-06,0.0,0.0,0.00023947525315258424,0.000575204018167581
44901,TTGCTCACCATGGTGGCGCGCCTGTTAACAGGCACGTGCGGACCGAGCGGCCGCG,1.0,34.0,1.0,987.0,0.0,333.0,1356.0,8.484952361234968e-07,3.725517052458567e-05,1.3047318710768344e-06,0.0009629982320640359,0.0,0.00037028511954204736,0.00022878195820631156,0.0003877679533712597
22,TTGCTCACCATGGTGGCGCGCCTGTTCGTCGGTGCTGCGGCTCAACAGGCTAAGG,6.0,1112.0,0.0,0.0,0.0,0.0,1118.0,5.090971416740981e-06,0.0012184632242158609,0.0,0.0,0.0,0.0,0.0002039256992721003,0.0004970240239293846
80792,TTGCTCACCATGGTGGCGCGCCTGTTGCGGCCTCAGTGAGCGAGCGAGCGCGCAG,1.0,883.0,4.0,1.0,1.0,0.0,890.0,8.484952361234968e-07,0.0009675386933296809,5.218927484307338e-06,9.756820993556596e-07,9.100232692949958e-07,0.0,0.0001625819702364604,0.0003943509802347275
80770,TTGCTCACCATGGTGGCGCGCCTGTTGCCCGGCCTCAGTGAGCGAGCGAGCGCG,1.0,701.0,10.0,1.0,1.0,0.0,714.0,8.484952361234968e-07,0.0007681139569921928,1.3047318710768343e-05,9.756820993556596e-07,9.100232692949958e-07,0.0,0.00013064924605128922,0.00031233201261836676
198666,TTGCCCGGCCTCAGTGAGCGAGCGAGCGCGCAGAGAGGGAGTGGCCAACAATTTT,0.0,0.0,0.0,542.0,0.0,0.0,542.0,0.0,0.0,0.0,0.0005288196978507674,0.0,0.0,8.813661630846124e-05,0.0002158897376111924
361384,TTGCTCACCATGGTGGCGCGCCTGTCGTCGGTGCTGCGGCTCCGCGAACAGGCTT,0.0,0.0,0.0,0.0,0.0,445.0,445.0,0.0,0.0,0.0,0.0,0.0,0.0004948254600486819,8.247091000811365e-05,0.00020201164814286895
85477,TTGCTCACCATGGTGGCGCGCCTTGCCCGGGCGGCCTCAGTGAGCGAGCGAGCG,1.0,432.0,4.0,1.0,0.0,0.0,438.0,8.484952361234968e-07,0.0004733598137241474,5.218927484307338e-06,9.756820993556596e-07,0.0,0.0,8.006715309065565e-05,0.00019268312242047347
10,TTGCTCACCATGGTGGCGCGCCTGTTCGGAGCCGCAGCACCGAGTGACTAATGTG,62.0,339.0,18.0,17.0,8.0,3.0,447.0,5.26067046396568e-05,0.0003714559649363101,2.348517367938302e-05,1.6586595689046213e-05,7.280186154359967e-06,3.3359019778562825e-06,7.912508784610205e-05,0.0001442727417024018
95729,TTGCTCACCATGGTGGCGCGCCTGTTAAAAGGTCGCCCGGCCTCAGTGAGCGAG,0.0,341.0,8.0,0.0,1.0,0.0,350.0,0.0,0.00037364744555540335,1.0437854968614675e-05,0.0,9.100232692949958e-07,0.0,6.416588729888551e-05,0.00015166978866712708
198667,TTGCTCACCATGGTGGCGCGCCTGTTTTGGCCACTCCCTCTCTGCGCGCTCGCT,0.0,0.0,0.0,368.0,1.0,0.0,369.0,0.0,0.0,0.0,0.0003590510125628827,9.100232692949958e-07,0.0,5.9993505972029614e-05,0.00014650811118288725
91287,TTGCTCACGGAGCCGCAGCACCGACGAACAGGCTAAGAACTCCTCTGAGGCAGAA,1.0,204.0,1.0,2.0,0.0,0.0,208.0,8.484952361234968e-07,0.00022353102314751403,1.3047318710768344e-06,1.9513641987113192e-06,0.0,0.0,3.7939269075570944e-05,9.092416573507853e-05
95730,TTGCTCACCATGGTGGCGCGCCTGTTGGGGTTCCTGCGGCCGCTCGGTCCGCACG,0.0,197.0,1.0,0.0,0.0,0.0,198.0,0.0,0.00021586084098068758,1.3047318710768344e-06,0.0,0.0,0.0,3.619426214196073e-05,8.801983563054325e-05
95731,TTGCTCACCATGGTGGCGCGCCTGGTCGCCCGGCCTCAGTGAGCGAGCGAGCGCG,0.0,159.0,0.0,0.0,0.0,0.0,159.0,0.0,0.00017422270921791535,0.0,0.0,0.0,0.0,2.9037118202985892e-05,7.112612319819666e-05
198668,TTGCTCACCATGGTGGCGCGCCTGTTTTGGCCACTCCCTCTCTGCGCGCTCG,0.0,0.0,0.0,166.0,0.0,0.0,166.0,0.0,0.0,0.0,0.00016196322849303948,0.0,0.0,2.699387141550658e-05,6.61212111502914e-05
361385,TTGCTCACCATGGTGGCGCGCCTGTTACGAGGACTACACCATCGTGGAACAGTA,0.0,0.0,0.0,0.0,0.0,108.0,108.0,0.0,0.0,0.0,0.0,0.0,0.00012009247120282618,2.0015411867137696e-05,4.902754606613448e-05
95734,TTGCTCACCATGGTGGCGCGCCTGTAACAGGCAAAGAACGACACAGAGGCAGAAG,0.0,106.0,0.0,0.0,0.0,0.0,106.0,0.0,0.00011614847281194357,0.0,0.0,0.0,0.0,1.9358078801990595e-05,4.741741546546443e-05
361386,TTGCTCACCATGGTGGCGCGCCTGTTCGTGGGTGCTGCGGCTCCGCACAGGCGAA,0.0,0.0,0.0,0.0,0.0,104.0,104.0,0.0,0.0,0.0,0.0,0.0,0.0001156446018990178,1.9274100316502967e-05,4.7211711026648027e-05
198773,TTGCTCACCATGGTGGCGCGCCTGTTGGTCGGTGCTGCGGCTCCGCACAGGCGAA,0.0,0.0,0.0,2.0,0.0,77.0,79.0,0.0,0.0,0.0,1.9513641987113192e-06,0.0,8.562148409831125e-05,1.459547471617043e-05,3.4804249936728006e-05
95735,TTGCTCACCATGGTGGCGCGCCTGTTCAACAGGCACGTGCGGACCGAGCGGCCG,0.0,66.0,1.0,0.0,0.0,0.0,67.0,0.0,7.231886043007807e-05,1.3047318710768344e-06,0.0,0.0,0.0,1.2270598716859149e-05,2.9422149282264898e-05
198669,TTGCTCACCATGGTGGCGCGCCTGTTGAGCCGCAGCACCGAGTGACTAATGTG,0.0,0.0,0.0,67.0,0.0,0.0,67.0,0.0,0.0,0.0,6.537070065682919e-05,0.0,0.0,1.08951167761382e-05,2.6687476789575442e-05
151567,TTGCTCACCATGGTGGCGCGCAGAGAGGGAGTGGCCAACTCCATCACTAGGGGTT,0.0,0.0,4.0,0.0,1.0,48.0,53.0,0.0,0.0,5.218927484307338e-06,0.0,9.100232692949958e-07,5.337443164570052e-05,9.917230399883808e-06,2.1385913808450627e-05
95738,TTGCTCACCATGGTGGCGCGCCTGTTCGTCGGTGCTGCGGCTGCGGGAGAACTCG,0.0,29.0,9.0,3.0,9.0,0.0,50.0,0.0,3.1776468976852485e-05,1.174258683969151e-05,2.927046298066979e-06,8.190209423654963e-06,0.0,9.106051923044324e-06,1.204789082792373e-05
198670,TTGCTCACCATGGTGGCGCGCCTGTTAGCCGCAGCACCGAGTGACTAATGTGCT,0.0,0.0,0.0,55.0,0.0,0.0,55.0,0.0,0.0,0.0,5.3662515464561276e-05,0.0,0.0,8.94375257742688e-06,2.1907630200397752e-05
95736,TTGCTCACCATGGTGGCGCGCCTGTAACAGGCAAAGAACGACACAGAGGGAGAAG,0.0,40.0,1.0,0.0,0.0,3.0,44.0,0.0,4.3829612381865496e-05,1.3047318710768344e-06,0.0,0.0,3.3359019778562825e-06,8.07837437179977e-06,1.7563056077232906e-05
95737,TTGCTCACCATGGTGGCGCGCCTGTTCGTCGGTGCTGCGGCAGTGGCAGGTGTG,0.0,30.0,4.0,3.0,3.0,2.0,42.0,0.0,3.2872209286399124e-05,5.218927484307338e-06,2.927046298066979e-06,2.7300698078849874e-06,2.2239346519041886e-06,7.662031254760435e-06,1.2462309386984594e-05
95745,TTGCTCACCATGGTGCTGCGGCTCCAACAGGCTAAGAACTCCTCTGAGGCAGAAG,0.0,6.0,8.0,4.0,4.0,12.0,34.0,0.0,6.574441857279825e-06,1.0437854968614675e-05,3.9027283974226384e-06,3.6400930771799834e-06,1.334360791142513e-05,6.316454368653709e-06,4.885078627439071e-06
95740,TTGCTCACCATGGTGGCGCGCCTGTTCGTCGGTGCTGCGGCTCCCACCGGGAGGG,0.0,14.0,4.0,3.0,4.0,4.0,29.0,0.0,1.5340364333652923e-05,5.218927484307338e-06,2.927046298066979e-06,3.6400930771799834e-06,4.447869303808377e-06,5.262383416169266e-06,5.2537477223093105e-06
361387,TTGCTCACCATGGTGGCGCGCCTGTTGCCCGGGCGTCGGGCGACCTTTGGTCGGG,0.0,0.0,0.0,0.0,0.0,22.0,22.0,0.0,0.0,0.0,0.0,0.0,2.4463281170946073e-05,4.077213528491012e-06,9.987092717175544e-06
19,TGGCTCCCATTGGCGGCGCCCAGGCTCCGCGCCAGAGCCCGCCCGCGCCCTCTC,9.0,4.0,4.0,0.0,0.0,1.0,18.0,7.63645712511147e-06,4.38296123818655e-06,5.218927484307338e-06,0.0,0.0,1.1119673259520943e-06,3.0583855289262414e-06,3.1583910396998782e-06
95739,CGGACTACAGCTCCCATCATAGGACATTTTGGGGACCGGAGACAC,0.0,15.0,0.0,0.0,0.0,0.0,15.0,0.0,1.6436104643199562e-05,0.0,0.0,0.0,0.0,2.7393507738665935e-06,6.710011622471382e-06
95741,TTGCTCACCATGGTGGCGCGCCTGTTGTCGCCCGGCCTCAGTGAGCGAGCGAGCG,0.0,14.0,0.0,0.0,1.0,0.0,15.0,0.0,1.5340364333652923e-05,0.0,0.0,9.100232692949958e-07,0.0,2.7083979338246533e-06,6.199070963171741e-06
14,TTGCTCACCATGGTGGCGCGCCTGTTCCGTCGGTGCTGCGGCTCCCACCGGGAGG,18.0,0.0,0.0,0.0,0.0,0.0,18.0,1.527291425022294e-05,0.0,0.0,0.0,0.0,0.0,2.54548570837049e-06,6.2351411330546885e-06
95742,TTGCTCACCATGGTGGCGCGCCTGTCGGAGCCGCAGCACCGAGGGCCCTCTGCAG,0.0,12.0,1.0,0.0,0.0,0.0,13.0,0.0,1.314888371455965e-05,1.3047318710768344e-06,0.0,0.0,0.0,2.4089359309394138e-06,5.287298634996703e-06
95743,TTGCTCACCATGGTGGCGCGCCTGTTCGTCGGTGCTGCGGCTCCGATAACAGG,0.0,12.0,0.0,0.0,0.0,0.0,12.0,0.0,1.314888371455965e-05,0.0,0.0,0.0,0.0,2.191480619093275e-06,5.368009297977105e-06
38,TTGCTCACCATGGTGCTGCGGCTCCGACAGGCTAAGAACTCCTCTGAGGCAGAAG,2.0,10.0,0.0,0.0,0.0,0.0,12.0,1.6969904722469935e-06,1.0957403095466374e-05,0.0,0.0,0.0,0.0,2.1090655946188946e-06,4.387607848589074e-06
25047,TTGCTCACCATGGTGGCGCGCCTCCCACCGGGAGGGATTTTGGGGACCGGAGACA,1.0,1.0,2.0,8.0,0.0,0.0,12.0,8.484952361234968e-07,1.0957403095466375e-06,2.609463742153669e-06,7.805456794845277e-06,0.0,0.0,2.0598593471115136e-06,2.9731103111120703e-06
95744,TCGCTCACTGAGGCCGCCAACAGGCTAAGAACTCCTCTGAGGCAGAAGCCGGAAG,0.0,11.0,0.0,0.0,0.0,0.0,11.0,0.0,1.2053143405013013e-05,0.0,0.0,0.0,0.0,2.0088572341688353e-06,4.920675189812347e-06
34,TTGCTCACCATGGTGGCGCGCCTGTTCCGTCGGTGCTGCGGCAGTGGCAGGTGTG,3.0,5.0,0.0,0.0,0.0,0.0,8.0,2.5454857083704904e-06,5.478701547733187e-06,0.0,0.0,0.0,0.0,1.3373645426839463e-06,2.269995798255274e-06
20,TTGCTCACCATGGTGGCGCGCCTGTTCCGTCGGTGCTGCGGCTCCGACAGG,9.0,0.0,0.0,0.0,0.0,0.0,9.0,7.63645712511147e-06,0.0,0.0,0.0,0.0,0.0,1.272742854185245e-06,3.1175705665273443e-06
95755,TGATAACCTCCTCGCCCTTGCTCACCATGGTGGCGCGCCTGTTAACAGGCTAAGAACTCCTCTGAGGCAGAA,0.0,2.0,1.0,1.0,2.0,1.0,7.0,0.0,2.191480619093275e-06,1.3047318710768344e-06,9.756820993556596e-07,1.8200465385899917e-06,1.1119673259520943e-06,1.2339847423446426e-06,7.575749189156656e-07
151566,TTGCTCACCATGGTGGCGCGCCCGGAGCCGCAGCACCGAGTGACTAATGTGCT,0.0,0.0,5.0,0.0,0.0,0.0,5.0,0.0,0.0,6.523659355384172e-06,0.0,0.0,0.0,1.0872765592306953e-06,2.663272779404175e-06
174,TTGCTCACCATGGTGGCGCGCCTGTTCGCAGAGGCTTAGATCTGCTCTGAGGGAG,2.0,0.0,0.0,1.0,4.0,0.0,7.0,1.6969904722469935e-06,0.0,0.0,9.756820993556596e-07,3.6400930771799834e-06,0.0,1.0521276081304395e-06,1.4450034470334045e-06
198675,TTGCTCACCATGGTGGCGCGCCTGTTCGTGGGTGCTGGGGCTCCGCACAGGCTAA,0.0,0.0,0.0,3.0,0.0,3.0,6.0,0.0,0.0,0.0,2.927046298066979e-06,0.0,3.3359019778562825e-06,1.043824712653877e-06,1.622246704568166e-06
212,TTGCTCACCATGGTGGCGCGGCGTGTTAACAGGCTAAGACCTCGTCTGGGGCAGA,2.0,0.0,0.0,2.0,0.0,2.0,6.0,1.6969904722469935e-06,0.0,0.0,1.9513641987113192e-06,0.0,2.2239346519041886e-06,9.787148871437501e-07,1.0850057375837905e-06
95746,TTGCTCACCATGGTGCTGCGGCTCAACAGGCTAAGAACTCCTCTGAGGCAGAAG,0.0,5.0,0.0,0.0,0.0,0.0,5.0,0.0,5.478701547733187e-06,0.0,0.0,0.0,0.0,9.131169246221979e-07,2.236670540823794e-06
26,TTGCTCACCATGGTGGCGCAACAGGCTAAGAACTCCTCTGAGGCAGAAGCCGGAG,3.0,0.0,0.0,3.0,0.0,0.0,6.0,2.5454857083704904e-06,0.0,0.0,2.927046298066979e-06,0.0,0.0,9.120886677395781e-07,1.4181440755883916e-06
132255,TTGCTCACCATGGTGGCGCGCCTGTTAGTCGGAGCAGAGGATCCATGAGGCAAAG,0.0,1.0,1.0,1.0,1.0,1.0,5.0,0.0,1.0957403095466375e-06,1.3047318710768344e-06,9.756820993556596e-07,9.100232692949958e-07,1.1119673259520943e-06,8.996908125377036e-07,4.6105964386985096e-07
60437,TTGCTCACCATGGTGGCGCGCCTGTTAGGTGCTGCGGCTGCGGGAGAACTCGCTT,1.0,4.0,0.0,0.0,0.0,0.0,5.0,8.484952361234968e-07,4.38296123818655e-06,0.0,0.0,0.0,0.0,8.719094123850078e-07,1.7532220190686992e-06
151570,TTGCTCACCATGGTGGCGCGCCTGTTAGTCGGAGCAGAGGATCCATCAGGCAAAG,0.0,0.0,3.0,0.0,0.0,1.0,4.0,0.0,0.0,3.914195613230503e-06,0.0,0.0,1.1119673259520943e-06,8.376938231970996e-07,1.571433293785169e-06
277873,TTGCTCACCATGGTGGCGCGCCTGTTAACAGGCTAAGAACTCCTCTGAGGCAGAAGCCGGAAG,0.0,0.0,0.0,0.0,3.0,2.0,5.0,0.0,0.0,0.0,0.0,2.7300698078849874e-06,2.2239346519041886e-06,8.256674099648627e-07,1.2890932053654514e-06
95794,TTGCTCACCATGGTGGCGCGCCTGTTAATCGGAGAAGAACACCTCTGAGGCAAAA,0.0,2.0,2.0,0.0,0.0,0.0,4.0,0.0,2.191480619093275e-06,2.609463742153669e-06,0.0,0.0,0.0,8.001573935411573e-07,1.2466256213350184e-06
128974,TTGCTCACCATGGTGGCGCGCCTGTTACAGGCGAAGAACAGCAGAGAGGCAGAAG,0.0,1.0,0.0,0.0,4.0,0.0,5.0,0.0,1.0957403095466375e-06,0.0,0.0,3.6400930771799834e-06,0.0,7.893055644544367e-07,1.4637557714336487e-06
186,TTGCTCACCATGGTGGCGCGCCTGTTGAACAGGCTAAGACGACGAGTGGGGCAGA,2.0,0.0,0.0,2.0,1.0,0.0,5.0,1.6969904722469935e-06,0.0,0.0,1.9513641987113192e-06,9.100232692949958e-07,0.0,7.597296567088846e-07,9.002895469647192e-07
361388,TTGCTCACCATGGTGGCGCGCCTGTTAAAAGGATAAGAACACAAATGAGGCAGAA,0.0,0.0,0.0,0.0,0.0,4.0,4.0,0.0,0.0,0.0,0.0,0.0,4.447869303808377e-06,7.413115506347295e-07,1.8158350394864627e-06
361389,TTGCTCACCATGGTGGCGCGCCTGTTAAAGGCAAAGAACGACACTGAGGCAGAAG,0.0,0.0,0.0,0.0,0.0,4.0,4.0,0.0,0.0,0.0,0.0,0.0,4.447869303808377e-06,7.413115506347295e-07,1.8158350394864627e-06
361390,TTGCTCACCATGGTGGCGCGCCTGTTAGTCGGTGCTGGGGCTCCGCACAGGCTAA,0.0,0.0,0.0,0.0,0.0,4.0,4.0,0.0,0.0,0.0,0.0,0.0,4.447869303808377e-06,7.413115506347295e-07,1.8158350394864627e-06
132249,TTGCTCACCATGGTGGCGCGCCTGTTAGTCGGAGCAGAGGAGCCCTGAGGCTAAG,0.0,1.0,1.0,0.0,1.0,1.0,4.0,0.0,1.0957403095466375e-06,1.3047318710768344e-06,0.0,9.100232692949958e-07,1.1119673259520943e-06,7.370771293117603e-07,5.844466782668252e-07
95809,TTGCTCACCATGGTGGCGCGCCTGTTAGTCGGAGCAGAGGATCCCACAGGCTAAG,0.0,2.0,0.0,0.0,0.0,2.0,4.0,0.0,2.191480619093275e-06,0.0,0.0,0.0,2.2239346519041886e-06,7.35902545166244e-07,1.1401015133670083e-06
152066,CTCCTCGCCCTTGCTCACCATGGTGGCGCGCCTGTTAACAGGCTAAGAACTCCTCTGAGGCAGAAGCCGGAA,0.0,0.0,1.0,2.0,0.0,1.0,4.0,0.0,0.0,1.3047318710768344e-06,1.9513641987113192e-06,0.0,1.1119673259520943e-06,7.280105659567079e-07,8.445854036784367e-07
129046,TTGCTCACCATGGTGGCGCGCCTGTTACAGGCGAAGGACGGCAGAGCGGGAGGAG,0.0,1.0,0.0,0.0,1.0,2.0,4.0,0.0,1.0957403095466375e-06,0.0,0.0,9.100232692949958e-07,2.2239346519041886e-06,7.049497051243037e-07,8.936386285333532e-07
198756,TTGCTCACCATGGTGGCGCGCCTGTTCGTGGGTGCTGGGGCTCCGCACAGGCGAA,0.0,0.0,0.0,2.0,0.0,2.0,4.0,0.0,0.0,0.0,1.9513641987113192e-06,0.0,2.2239346519041886e-06,6.958831417692513e-07,1.081497803045444e-06
198735,TTGCTCACCATGGTGGCGCGCCTGTTAGTGGGTGGTGGGGCTGCGCACAAGCGAA,0.0,0.0,0.0,2.0,0.0,2.0,4.0,0.0,0.0,0.0,1.9513641987113192e-06,0.0,2.2239346519041886e-06,6.958831417692513e-07,1.081497803045444e-06
198780,TTGCTCACCATGGTGGCGCGCCTGTTGGTGGGTGCTGGGGCTCCGCACAGGCGAA,0.0,0.0,0.0,2.0,0.0,2.0,4.0,0.0,0.0,0.0,1.9513641987113192e-06,0.0,2.2239346519041886e-06,6.958831417692513e-07,1.081497803045444e-06
51005,TTGCTCACCATGGTGGCGCGCCTGTTAACGGCGTATGAAGTCGTCTGGGGCGGAG,1.0,1.0,0.0,0.0,0.0,2.0,4.0,8.484952361234968e-07,1.0957403095466375e-06,0.0,0.0,0.0,2.2239346519041886e-06,6.946950329290538e-07,8.911643164952285e-07
61811,TTGCTCACCATGGTGGCGCGCCTGTTATCAGCGTATGAACTCATCTGAGGGGGAG,1.0,2.0,0.0,0.0,0.0,1.0,4.0,8.484952361234968e-07,2.191480619093275e-06,0.0,0.0,0.0,1.1119673259520943e-06,6.91990530194811e-07,8.815778400453348e-07
60039,TTGCTCACCATGGTGGCGCGCCTGTTAGGAGGGGATGAGCGCCTCTGAGGCAGAG,1.0,1.0,0.0,1.0,0.0,1.0,4.0,8.484952361234968e-07,1.0957403095466375e-06,0.0,9.756820993556596e-07,0.0,1.1119673259520943e-06,6.719808284963147e-07,5.290876073918547e-07
122310,TTGCTCACCATGGTGGCGCGCCTGTTAACAGGATAAGAACGACTCTGACACAGGA,0.0,1.0,0.0,0.0,2.0,1.0,4.0,0.0,1.0957403095466375e-06,0.0,0.0,1.8200465385899917e-06,1.1119673259520943e-06,6.712923623481206e-07,7.804981675958375e-07
146,TTGCTCACCATGGTGGCGCGCCTGTTCAACAGGCAAAGAAGACGAGTGGGGCAGA,2.0,0.0,0.0,0.0,0.0,2.0,4.0,1.6969904722469935e-06,0.0,0.0,0.0,0.0,2.2239346519041886e-06,6.534875206918636e-07,1.0260006199449671e-06
45318,TTGCTCACCATGGTGGCGCGCCTGTTAACAGGCCTAGGACGCCGCGGGGGGAGGA,1.0,0.0,0.0,1.0,1.0,1.0,4.0,8.484952361234968e-07,0.0,0.0,9.756820993556596e-07,9.100232692949958e-07,1.1119673259520943e-06,6.410279884543745e-07,5.04184910024005e-07
135963,TTGCTCACCATGGTGGCGCGCCTGTTCGAAGAGGCTTAGATCAGCTCTGAGGGAG,0.0,1.0,0.0,0.0,3.0,0.0,4.0,0.0,1.0957403095466375e-06,0.0,0.0,2.7300698078849874e-06,0.0,6.376350195719375e-07,1.1148504359584296e-06
111,TTGCTCACCATGGTGGCGCGCCTGTTAAGGGTAATAGCTCGTCTGAGGGAGAGG,2.0,0.0,0.0,1.0,0.0,1.0,4.0,1.6969904722469935e-06,0.0,0.0,9.756820993556596e-07,0.0,1.1119673259520943e-06,6.307733162591246e-07,7.322504621859914e-07
47,TTGCTCACCATGGTGGCGCGCCTACTCGCTCCCCTCCCGTGGGTGCCCTCAAGGG,2.0,0.0,0.0,0.0,1.0,1.0,4.0,1.6969904722469935e-06,0.0,0.0,0.0,9.100232692949958e-07,1.1119673259520943e-06,6.198301779156806e-07,7.26533364796218e-07
277870,TTGCTCACCATGGTGGCGCGCCTGTTCGCAGAGGCTTAGATCAGCTCAGAGGGAG,0.0,0.0,0.0,0.0,4.0,0.0,4.0,0.0,0.0,0.0,0.0,3.6400930771799834e-06,0.0,6.066821795299972e-07,1.4860617758880708e-06
277871,TTGCTCACCATGGTGGCGCGCCTGTTTTGGTCGCCCGGCCTCAGTGAGCGAGCG,0.0,0.0,0.0,0.0,4.0,0.0,4.0,0.0,0.0,0.0,0.0,3.6400930771799834e-06,0.0,6.066821795299972e-07,1.4860617758880708e-06
277869,TTGCTCACCATGGTGGCGCGCCTGAAACAGGCAAAGAACGACACAGAGGCAGAAG,0.0,0.0,0.0,0.0,4.0,0.0,4.0,0.0,0.0,0.0,0.0,3.6400930771799834e-06,0.0,6.066821795299972e-07,1.4860617758880708e-06
202,TTGCTCACCATGGTGGCGCGCCTGTTGACCGGGCTAGGAAGCCGGGTGGGGCGGA,2.0,0.0,0.0,1.0,1.0,0.0,4.0,1.6969904722469935e-06,0.0,0.0,9.756820993556596e-07,9.100232692949958e-07,0.0,5.971159734829415e-07,7.100126277507476e-07
24,TTGCTCACCATGGTGGCGCGCCTGTTCCGTCGGTGCTGCGGCTGCGGGAGAACT,4.0,0.0,0.0,0.0,0.0,0.0,4.0,3.393980944493987e-06,0.0,0.0,0.0,0.0,0.0,5.656634907489978e-07,1.3855869184565977e-06
23,TTGCTCACCATGGTGGCGCGCCTGTGAGGCGAAGAACTCCTCTTAGGCGGCAGC,4.0,0.0,0.0,0.0,0.0,0.0,4.0,3.393980944493987e-06,0.0,0.0,0.0,0.0,0.0,5.656634907489978e-07,1.3855869184565977e-06
