,sequence,20_count,20_percent,21_count,21_percent,22_count,22_percent,23_count,23_percent,24_count,24_percent,percent_sum_unit,percent_sum,total_reads_seq,variance,sd
1,GTGGTCATATGGTCCAGCTCCCCTCTCCCAGCCCTGGTACCTTCCTATCTGGGCTAAATCATTTCTAAATCATTT,36772.0,0.16739807345630678,14968.0,0.08376002372678384,19153.0,0.12831713150613347,22570.0,0.1483628810138897,13869.0,0.11165587865906676,0.6394939883621806,0.12789879767243614,107332.0,0.0010478025702882281,0.032369778656769155
2,GTGGTCATATGGTCCAGCTCCCATTGCTGGGGACTCACTGGTCTGCTTACTGGAACGTTGCTGGCCATGCTGGAA,28856.0,0.131361873372544,9408.0,0.05264659962731042,23305.0,0.15613380409076597,22379.0,0.14710735109480894,9251.0,0.07447750619907899,0.5617271343845083,0.11234542687690167,93199.0,0.0021213419957788085,0.04605802857025915
98,GTGGTCATATGGTCCAGCTCCATCTGGTCGTCGGTCCCGGCCTTGTACAGCTCGTCCATGCCGAGAGTGATCCCG,0.0,0.0,90185.0,0.5046698115847141,36.0,0.00024118502241010834,22.0,0.00014461601162186856,0.0,0.0,0.5050556126187461,0.10101112252374923,90243.0,0.05091886586035434,0.22565209030796576
3,GTGGTCATATGGTCCAGCTCCCTTGTAGTTGCCGTCGTCC,28078.0,0.12782016497623686,8299.0,0.046440702626174446,5939.0,0.03978882911371204,14390.0,0.09459201851084949,9143.0,0.07360802498953402,0.3822497402165068,0.07644994804330138,65849.0,0.0013051757217261786,0.03612721580368709
4,GTGGTCATATGGTCCAGCTCTGGAGCAGGCACGCAGTTGATGCTTAATTGTTGCCAACCTCTCCTTGTAGTTGC,22957.0,0.10450771163756215,8232.0,0.04606577467389662,12073.0,0.08088407709881217,15403.0,0.10125092850052916,5850.0,0.04709689885035262,0.3798053907611527,0.07596107815223056,64515.0,0.0008013981873614703,0.02830897715145269
5,GTGGTCATATGGTCCAGCTCCCTCTCTCAGCTCTGGGATCTTATTTGGCTTGAACCTGTGTTGTCCCTGTTTATG,14105.0,0.06421053589963036,2997.0,0.01677103093994997,19311.0,0.1293756657711556,8914.0,0.05859577852715166,5843.0,0.047040543586771004,0.3159935547246586,0.06319871094493174,51170.0,0.001704553992418248,0.04128624459088339
111,GTGGTCATATGGTCCAGCTCCATCTGGTCGTCGGTGCTGCGGCTCCGGCCCTCGAACTTCACCTCGGCGCGGGTG,0.0,0.0,120.0,0.0006715127503483472,25076.0,0.16799876727655214,1764.0,0.011595574750044371,140.0,0.0011271052716323704,0.18139296004857722,0.03627859200971545,27100.0,0.005444770816213817,0.07378869030016603
99,GTGGTCATATGGTCCAGCTCCGGTCTTGTAGTTGCCGTCGTCC,0.0,0.0,4401.0,0.024627730119025634,0.0,0.0,5877.0,0.03863219546826007,12339.0,0.099338228190513,0.16259815377779868,0.03251963075555974,22617.0,0.001669855818788528,0.040863869356541946
15,GTGGTCATATGGTCCAGCTCCACCCCCATATGCCTCAGAGAAAAGCCTTCCCCCTACATTTACCTGGAGCCTGAG,3388.0,0.015423275124278456,0.0,0.0,409.0,0.002740129837937064,13321.0,0.08756499503704142,5014.0,0.04036647022831932,0.14609487022757628,0.02921897404551526,22132.0,0.001318430945064087,0.03631020442057697
73,GTGGTCATATGGTCCAGCTCCATCTGGTCGTCGGTGCTGCGGCTCCGCAGGACCATGTGATCGCGCTTCTCGTTG,65.0,0.00029590108709507074,0.0,0.0,0.0,0.0,41.0,0.0002695116580225732,14890.0,0.11987569639004284,0.12044110913516048,0.024088221827032102,14996.0,0.0028672826562608383,0.053547013513928474
8,GTGGTCATATGGTCCAGCTCCTGCATGTTCCCTGGTTGGTAGCCTAGGCTCTGTGAGCTCCTGTGGTCCCAAGTT,5450.0,0.02481016807181747,1334.0,0.0074649834080391265,6462.0,0.04329271152261444,3300.0,0.021692401743280285,317.0,0.002552088365053296,0.09981235311080462,0.019962470622160926,16863.0,0.000257525392431541,0.016047597715282528
58,GTGGTCATATGGTCCAGCTCCAGCCTATGGGATGGCGCTGCCTGAATTCACATGCCTCCCTTAATGGGAACAAC,109.0,0.0004962033614363493,14883.0,0.08328436886195377,1317.0,0.008823352069836463,117.0,0.0007690942436253919,19.0,0.00015296428686439314,0.09352598282371638,0.01870519656474328,16445.0,0.0013163942169145946,0.036282147358096026
9,GTGGTCATATGGTCCAGCTCCTTGCTCTGTCCCACCATGATAAACCAGGATGTAGTTGCCGTCGTCC,5186.0,0.0236083544257698,2305.0,0.012898640746274503,2482.0,0.016628367378385803,2222.0,0.014606217173808726,2485.0,0.020006118571474576,0.08774769829571341,0.017549539659142684,14680.0,1.847164566250956e-05,0.004297865244805793
6,GTGGTCATATGGTCCAGCTCCTGGGTCTCCCCGTGCCTTGCCCTGGCTCAGGGGTCAGGAGAGCTCAGGAGAG,12389.0,0.05639874720032048,148.0,0.0008281990587629616,19.0,0.00012729209516089052,0.0,0.0,676.0,0.005442308311596303,0.06279654666584063,0.012559309333168128,13232.0,0.0006056145669628835,0.02460923743155979
130,GTGGTCATATGGTCCAGCTCCATCTGGTCGTCGGTGCTGCGGCTCCGACAGCTCGTCCATGCCGAGAGTGATCC,0.0,0.0,0.0,0.0,9089.0,0.060892518574596516,76.0,0.0004995825856028187,0.0,0.0,0.06139210116019934,0.01227842023203987,9165.0,0.0007385875960361473,0.027176968117068306
83,GTGGTCATATGGTCCAGCTCCATCTGGTCGTCGGTGCTGCGGCTCCGTCGCGCTTCTCGTTGGGGTCTTTGCTCA,41.0,0.00018664530109073694,0.0,0.0,0.0,0.0,0.0,0.0,5424.0,0.04366727852381412,0.043853923824904856,0.008770784764980973,5465.0,0.00038055818079416645,0.01950790047119798
7,GTGGTCATATGGTCCAGCTCCGACGATCTTGTAGTTGCCGTCGTCC,8965.0,0.040811588397035525,0.0,0.0,0.0,0.0,0.0,0.0,0.0,0.0,0.040811588397035525,0.008162317679407106,8965.0,0.00033311714949780895,0.018251497185102623
37,GTGGTCATATGGTCCAGCTCCTCGAGAAAGCTGCGTGGACACAGCTCGTCTCGCACCAGCAACACCCCGGATGTG,453.0,0.002062202960831801,0.0,0.0,746.0,0.0049978896310539115,125.0,0.0008216818842151623,3961.0,0.03188902843525585,0.03977080291135673,0.007954160582271348,5285.0,0.0001826183811591168,0.013513636859081156
131,GTGGTCATATGGTCCAGCTCCATCTGGTCGTCGGTGCTGCGGCTCCGGCCCTCGAACTTCACCTCGGCGCGGGT,0.0,0.0,0.0,0.0,5490.0,0.03678071591754152,415.0,0.002727983855594339,27.0,0.00021737030238624288,0.039726070075522105,0.007945214015104422,5932.0,0.0002611695201106441,0.016160740085486312
12,GTGGTCATATGGTCCAGCTCCTGCGCGGGGCACTACGGGAGTTGTGGTCGAAAGGGCCAGCCGCTTGCAACAGTA,4098.0,0.01865542546024,341.0,0.0019082153989065534,237.0,0.0015878013975332132,492.0,0.003234139896270879,1707.0,0.013742633561974688,0.039128215714925335,0.007825643142985068,6875.0,6.182587086745536e-05,0.007862942888477276
93,GTGGTCATATGGTCCAGCTTGTGCCCCAGGATGTTGCCGTCCTCCTTGAAGTCGATGCCCTTCAGCTCGATGCGG,29.0,0.00013201740808857002,0.0,0.0,0.0,0.0,0.0,0.0,4364.0,0.035133481467169034,0.0352654988752576,0.007053099775051521,4393.0,0.00024641196660394736,0.015697514663281807
188,GTGGTCATATGGTCCAGCTCCCTCGTGGGCTTGTAGTTGCCGTCGTCC,0.0,0.0,0.0,0.0,0.0,0.0,53.0,0.00034839311890722885,3344.0,0.026921714488133193,0.027270107607040423,0.005454021521408086,3397.0,0.00014404208374148742,0.01200175336113384
44,GTGGTCATATGGTCCAGCTCCTCCTCCAGCTCCTCGGCCCTAGCCTAAGGAGATGGTACCGACTCCATGAGCCC,245.0,0.0011153194821275744,0.0,0.0,0.0,0.0,3726.0,0.024492693604685558,74.0,0.0005957556435771101,0.026203768730390244,0.00524075374607805,4045.0,0.00011604085080297913,0.010772225898252372
195,GTGGTCATATGGTCCAGCTCCCAGCCCACAAGAGTCTTGTAGTTGCCGTCGTCC,0.0,0.0,0.0,0.0,0.0,0.0,0.0,0.0,3101.0,0.024965381766657007,0.024965381766657007,0.004993076353331402,3101.0,0.00012465405735098602,0.011164858142895771
16,GTGGTCATATGGTCCAGCTCCTGCATTGAGCTGAACATTTTGAGGCCAATGTGGCTGCTAATTTCTGTTCAATG,3199.0,0.014562885809494329,1277.0,0.007146014851623662,0.0,0.0,0.0,0.0,161.0,0.001296171062377226,0.023005071723495217,0.004601014344699044,4637.0,3.974414144557738e-05,0.006304295475751226
10,GTGGTCATATGGTCCAGCTCCGTCTCGTAGTTGCCGTCGTCC,4986.0,0.02269788954240035,0.0,0.0,0.0,0.0,0.0,0.0,0.0,0.0,0.02269788954240035,0.004539577908480071,4986.0,0.00010303883793580145,0.010150804792517756
13,GTGGTCATATGGTCCAGCTCCCTGCCTCATGCCACACGCTCCTGCTCCACCTCCGAGCCTGGGTTTTCCACAGAG,4086.0,0.018600797567237832,257.0,0.0014381564736627103,24.0,0.00016079001494007222,0.0,0.0,280.0,0.002254210543264741,0.022453954599105354,0.0044907909198210715,4647.0,6.308231683865806e-05,0.007942437713867075
196,GTGGTCATATGGTCCAGCTCCATCTGGTCGTCGGTGCTGCGGCTCCGTCGCGCTTCTCGTTGGGGTCTTTGCTCG,0.0,0.0,0.0,0.0,0.0,0.0,0.0,0.0,2707.0,0.021793385502205907,0.021793385502205907,0.004358677100441182,2707.0,9.499033032955173e-05,0.00974629828855816
163,GTGGTCATATGGTCCAGCTCGTCCATGCCGAGAGTGATCCCGGCGGCGGTCACGAACTCCAGCAGGACCATGTGG,0.0,0.0,0.0,0.0,0.0,0.0,3155.0,0.020739250757590696,0.0,0.0,0.020739250757590696,0.00414785015151814,3155.0,8.602330439724524e-05,0.009274874899277362
132,GTGGTCATATGGTCCAGCTCCATCTGGTCGTCGGTGCTGCGGCTCCGGGCTTTGCCCGGGCGGCCTCAGTGAGCG,0.0,0.0,0.0,0.0,3084.0,0.02066151691979928,0.0,0.0,0.0,0.0,0.02066151691979928,0.0041323033839598565,3084.0,8.537965628543036e-05,0.009240111270186651
158,GTGGTCATATGGTCCAGCTCCTGACGCCTCAGCTGCTCTTCCTCACGCTGCTGGCGGCGCTCTTGTTCACGAGAT,0.0,0.0,0.0,0.0,34.0,0.00022778585449843565,3045.0,0.020016170699481355,0.0,0.0,0.02024395655397979,0.004048791310795959,3079.0,7.968385511860031e-05,0.008926581379150717
125,GTGGTCATATGGTCCAGCTCCTGCTGCTAGGAGTCCTGCATGAGAACCAAGCGGCATATGTGTTACATATGTGTA,0.0,0.0,26.0,0.0001454944292421419,872.0,0.005842037209489291,1920.0,0.012621033741544893,186.0,0.0014974398608830065,0.020106005241159332,0.004021201048231867,3004.0,2.8708274219167152e-05,0.005358010285466719
197,GTGGTCATATGGTCCAGCTCCGAGCCACGAGACTCTTGTAGTTGCCGTCGTCC,0.0,0.0,0.0,0.0,0.0,0.0,0.0,0.0,2484.0,0.019998067819534344,0.019998067819534344,0.00399961356390687,2484.0,7.998454330293903e-05,0.008943407812625958
11,GTGGTCATATGGTCCAGCTCCTTGATTAGGGCTCAGACCTACTACCAAGGAATTCTCCATTGCCTTTTGCTCTA,4132.0,0.018810204490412805,93.0,0.0005204223815199691,0.0,0.0,0.0,0.0,0.0,0.0,0.019330626871932773,0.0038661253743865554,4225.0,6.984000134348877e-05,0.008357033046691198
33,GTGGTCATATGGTCCAGCTCCCCCCCCATATGCCTCAGAGAAAAGCCTTCCCCCTACATTTACCTGGAGCCTGAG,597.0,0.0027177376768578038,0.0,0.0,83.0,0.0005560654683344164,2442.0,0.01605237729002741,0.0,0.0,0.019326180435219633,0.0038652360870439274,3122.0,4.766846837593525e-05,0.006904235538851151
164,GTGGTCATATGGTCCAGCTCCGAGCCCACGAGAGTTGTAGTTGCCGTCGTCC,0.0,0.0,0.0,0.0,0.0,0.0,2787.0,0.018320219290461258,0.0,0.0,0.018320219290461258,0.0036640438580922523,2787.0,6.712608697011775e-05,0.008193051139234866
17,GTGGTCATATGGTCCAGCTCCTCTCGTGGGCTTGTAGTTGCCGTCGTCC,2940.0,0.013383833785530892,810.0,0.004532711064851344,0.0,0.0,0.0,0.0,0.0,0.0,0.017916544850382236,0.003583308970076448,3750.0,3.386799013024809e-05,0.0058196211328786765
25,GTGGTCATATGGTCCAGCTCCCCTTTCCTTGTCTGGCTTGAGCTTATAAAAGTCTTGTAGTTGCCGTCGTCC,1010.0,0.004597847661015715,67.0,0.00037492795227782723,0.0,0.0,90.0,0.0005916109566349169,1501.0,0.012084178662287058,0.017648565232215516,0.0035297130464431036,2668.0,2.634094514955949e-05,0.005132343046753547
14,GTGGTCATATGGTCCAGCTCCTCCTGTGTCCCATAGTCCTCCGGGGCCTCATCGAGGTGCGCTCCCCGCACTTGG,3787.0,0.017239652566600507,0.0,0.0,0.0,0.0,0.0,0.0,0.0,0.0,0.017239652566600507,0.0034479305133201022,3787.0,5.944112412341909e-05,0.007709807009479491
100,GTGGTCATATGGTCCAGCTCCATGATCTTGTAGTTGCCGTCGTCC,0.0,0.0,3044.0,0.017034040100503075,0.0,0.0,0.0,0.0,0.0,0.0,0.017034040100503075,0.0034068080201006155,3044.0,5.8031704429109364e-05,0.007617854319236445
63,GTGGTCATATGGTCCAGCTCCTCTGAGGAGACGCGCACATAGGTGAAGTCGATGAAGTCACAGTCTACATCCTGG,98.0,0.0004461277928510297,454.0,0.002540556572151247,409.0,0.002740129837937064,1207.0,0.007934160273981607,413.0,0.003324960551315493,0.01698593502823644,0.003397187005647289,2581.0,7.615908349236551e-06,0.002759693524512559
157,GTGGTCATATGGTCCAGCTCCTGCTCATTGAGCAGATCCTACCTCCCCCAGGCCTCTCTCTCCATCTATAGGATG,0.0,0.0,0.0,0.0,37.0,0.0002478846063659447,2279.0,0.01498090411301084,70.0,0.0005635526358161852,0.01579234135519297,0.0031584682710385946,2386.0,4.373172932471151e-05,0.006612997000204333
124,GTGGTCATATGGTCCAGCTCCGAGCCCACAGACTTGTAGTTGCCGTCGTCC,0.0,0.0,26.0,0.0001454944292421419,2311.0,0.015482738521937787,0.0,0.0,0.0,0.0,0.01562823295117993,0.003125646590235986,2337.0,4.772200693309189e-05,0.006908111676362209
18,GTGGTCATATGGTCCAGCTCCTTCGTGCTCTTCCATTGGTGGCTCAGTCTTTTGAGCCCCCACGGGACAAGGTTA,2445.0,0.011130433199191507,83.0,0.0004644629856576068,0.0,0.0,0.0,0.0,493.0,0.00396902070653399,0.015563916891383103,0.003112783378276621,3021.0,2.2852073158807494e-05,0.004780384206191746
59,GTGGTCATATGGTCCAGCTCCTGCATGTTCCCTTATGTGATAGCCAAAGCTCAGTGAGCCCCCACACTACCATGT,108.0,0.0004916510370195021,1389.0,0.007772760085282119,557.0,0.003731668263400843,389.0,0.0025570740236775854,18.0,0.00014491353492416192,0.014698066944304212,0.002939613388860843,2461.0,9.483965307237893e-06,0.0030796047323054126
19,GTGGTCATATGGTCCAGCTCCTGCGCGGGGCACTACGGGAGTTGTGGTCGAAAGGGCCAGCCGCTTGCAACAGTT,1577.0,0.007179015605368101,115.0,0.0006435330524171662,70.0,0.00046897087690854397,158.0,0.0010386059016479652,593.0,0.004774095900557112,0.014104221336898889,0.0028208442673797783,2513.0,9.064303879416967e-06,0.0030106982378539644
133,GTGGTCATATGGTCCAGCTCGGTCTTGTAGTTGCCGTCGTCC,0.0,0.0,0.0,0.0,2031.0,0.013606855014303611,0.0,0.0,0.0,0.0,0.013606855014303611,0.0027213710028607227,2031.0,3.7029300676055865e-05,0.00608517055439335
134,GTGGTCATATGGTCCAGCTCCTGATGGGACCCTGCCAGCCTGAGGCCCAGACAGAGATTCAGTCTAGAAAAGGGT,0.0,0.0,0.0,0.0,1536.0,0.010290560956164622,385.0,0.0025307802033827,36.0,0.00028982706984832384,0.013111168229395646,0.0026222336458791295,1957.0,1.950098662322191e-05,0.004415992144832451
27,GTGGTCATATGGTCCAGCTCCTGCATGCTCCCTGCTCATCCAGTCTTTGTGAGGTCCCTGGCCCCCAGTGAGTTG,938.0,0.004270080303002713,139.0,0.0007778356024868355,27.0,0.00018088876680758125,594.0,0.0039046323137904514,493.0,0.00396902070653399,0.013102457692621573,0.002620491538524315,2191.0,3.88393353048737e-06,0.0019707697811990545
43,GTGGTCATATGGTCCAGCTCCTGGTCTAGAAAAAGTGATTAGCACACAGCCGCACTCACTGCTTCTTGTAGTTG,280.0,0.0012746508367172278,0.0,0.0,414.0,0.002773627757716246,178.0,0.0011700750031223913,868.0,0.0069880526841206965,0.01220640628167656,0.0024412812563353124,1740.0,7.430107665056428e-06,0.0027258223832554514
165,GTGGTCATATGGTCCAGCTCCCTCTCGTGCTCTCTTGTAGTTGCCGTCGTCC,0.0,0.0,0.0,0.0,0.0,0.0,1812.0,0.011911100593582993,17.0,0.0001368627829839307,0.012047963376566924,0.002409592675313385,1829.0,2.8215591116799918e-05,0.005311835004666459
46,GTGGTCATATGGTCCAGCTCCGGTCTTGTAGTTGCCGTCGTCCCTGTGTGTTATACACATCTCCGAGCCCACGAG,216.0,0.0009833020740390042,270.0,0.0015109036882837814,0.0,0.0,290.0,0.0019063019713791765,849.0,0.006835088397256304,0.011235596130958266,0.0022471192261916536,1625.0,7.088602361217489e-06,0.002662442931072418
166,GTGGTCATATGGTCCAGCTCGTCCATGCCGAGAGTGATCCCGGCGGCGGTCACGAACTCCAGCAGGACCATGTGA,0.0,0.0,0.0,0.0,0.0,0.0,1666.0,0.010951376152819683,0.0,0.0,0.010951376152819683,0.002190275230563937,1666.0,2.398652792810953e-05,0.004897604304974988
69,GTGGTCATATGGTCCAGCTCCACCTGCCAAGCCAAAGCACAGAGGTCATCATCCCTGAGAAAGCACAAGAAACT,85.0,0.0003869475754320156,0.0,0.0,114.0,0.0007637525709653431,1342.0,0.008821576708933982,46.0,0.000370334589250636,0.010342611444581977,0.0020685222889163957,1587.0,1.4324121864167802e-05,0.0037847221647259394
84,GTGGTCATATGGTCCAGCTCCATGCACAGGACTGGGCCACGCTGCCTGCCACAGAGCTTTGGCCTCAGCTCTTTT,41.0,0.00018664530109073694,525.0,0.002937868282774019,52.0,0.00034837836570348983,535.0,0.003516798464440895,415.0,0.003341062055195955,0.010330752469205097,0.00206615049384102,1568.0,2.743237945301417e-06,0.0016562723040917568
50,GTGGTCATATGGTCCAGCTCGACCAGGATGGGCACCACCCCGGTGAACAGCTCCTCGCCCTTGCTCACCATGGTG,172.0,0.0007829997996977256,0.0,0.0,381.0,0.0025525414871736467,536.0,0.003523371919514616,422.0,0.003397417318777574,0.010256330525163561,0.0020512661050327125,1511.0,2.511671920735716e-06,0.0015848255174421304
101,GTGGTCATATGGTCCAGTCCGGTCTTGTAGTTGCCGTCGTCC,0.0,0.0,1820.0,0.010184610046949934,0.0,0.0,0.0,0.0,0.0,0.0,0.010184610046949934,0.002036922009389987,1820.0,2.074525636168671e-05,0.0045546960778614755
41,GTGGTCATATGGTCCAGCTCCACCTTAACCATCGACGACTCTTCGATGTCTTTGCGCAGCGCGCGAATGGCAGC,286.0,0.0013019647832183112,0.0,0.0,18.0,0.00012059251120505417,0.0,0.0,1053.0,0.008477441793063471,0.009899999087486837,0.0019799998174973676,1357.0,1.3493669454707653e-05,0.0036733730350602366
167,GTGGTCATATGGTCCAGCTCCATCTGGTCGTCGGTGCGCACCGACCTTGTACAGCTCGTCCATGCCGAGAGTGAT,0.0,0.0,0.0,0.0,0.0,0.0,1438.0,0.009452628396011227,0.0,0.0,0.009452628396011227,0.0018905256792022458,1438.0,1.7870436718615552e-05,0.00422734393190518
198,GTGGTCATATGGTCCAGCAGGACCATGTGATCGCGCTTCTCGTTGGGGTCTTTGCTCAGGGCGGACTGGGTG,0.0,0.0,0.0,0.0,0.0,0.0,0.0,0.0,1156.0,0.009306669242907288,0.009306669242907288,0.0018613338485814579,1156.0,1.7322818479375304e-05,0.00416206901424944
102,GTGGTCATATGGTCCAGCTCCGTCGTGGGCTTGTAGTTGCCGTCGTCC,0.0,0.0,1552.0,0.008684898237838624,0.0,0.0,0.0,0.0,0.0,0.0,0.008684898237838624,0.001736979647567725,1552.0,1.508549148032249e-05,0.00388400456749506
35,GTGGTCATATGGTCCAGCTCCTTGCTCTGTCCCACCATGATAAACCAGGATGTAGTTGCCGTCGTCCCTGTCTCG,533.0,0.00242638891417958,323.0,0.0018074884863543013,206.0,0.0013801142949022866,194.0,0.001275250284301932,196.0,0.0015779473802853185,0.008467189360023417,0.0016934378720046838,1452.0,2.0915383725331525e-07,0.00045733339835760437
199,GTGGTCATATGGTCCAGCAGGACCATGTGATCGCGCTTCTCGTTGGGGTCTTTGCTCAGGGCGGACTGGGTGCT,0.0,0.0,0.0,0.0,0.0,0.0,0.0,0.0,1036.0,0.008340579010079542,0.008340579010079542,0.0016681158020159087,1036.0,1.3913051644675888e-05,0.0037300203276491523
22,GTGGTCATATGGTCCAGCTGCCTCACGGTATACAACTCCTTCTTCTGCTGGCAGTGTTAGTAAGTTTGGGTGGCA,1097.0,0.004993899885281425,27.0,0.00015109036882837812,350.0,0.00234485438454272,101.0,0.0006639189624458512,0.0,0.0,0.008153763601098374,0.001630752720219675,1575.0,4.401055666162894e-06,0.0020978693157970765
20,GTGGTCATATGGTCCAGCTCCTTGTAAGCAATGCCATCACTCGGTTGGTGGTCTTGTAGTTGCCGTCGTCC,1533.0,0.006978713331026822,181.0,0.001012865065108757,0.0,0.0,0.0,0.0,0.0,0.0,0.00799157839613558,0.0015983156792271163,1714.0,9.238817586113266e-06,0.0030395423316863456
72,GTGGTCATATGGTCCAGCTCCATCCCCACCCGCACGGAGCCTTCTGTCTTCATAGCCCATGCTTGTCCAACGC,66.0,0.00030045341151191797,1344.0,0.007520942803901489,21.0,0.0001406912630725632,0.0,0.0,0.0,0.0,0.007962087478485971,0.0015924174956971945,1431.0,1.0998919885134769e-05,0.0033164619529153006
168,GTGGTCATATGGTCCAGCTCCATCACTAGGGGTTCCTGCGGCCGCTCGGTCCGCACGTGCCTGTTGCGGAGCCG,0.0,0.0,0.0,0.0,0.0,0.0,1208.0,0.007940733729055328,0.0,0.0,0.007940733729055328,0.001588146745811066,1208.0,1.2611050431151388e-05,0.003551204081878622
170,GTGGTCATATGGTCCAGCTCCATCACTAGGGGTTCCTGCGGCCGCTCGGTCCGCACGTGCCTGTTCGGAGCCGCG,0.0,0.0,0.0,0.0,0.0,0.0,599.0,0.003937499589159058,473.0,0.003808005667729366,0.0077455052568884235,0.0015491010513776849,1072.0,4.50155996079737e-06,0.002121687997985889
104,GTGGTCATATGGTCCAGCTCCGTCTCGTGGGCTTGTAGTTGCCGTCGTCC,0.0,0.0,704.0,0.003939541468710304,239.0,0.001601200565444886,304.0,0.0019983303424112747,0.0,0.0,0.007539072376566465,0.0015078144753132932,1247.0,2.6774079830123047e-06,0.001636278699675671
135,GTGGTCATATGGTCCAGCTCCAGAGTGCTAAGATTAGGAGTGAGCTAAGCACTAGGCGATCTCCTGGTGCTAT,0.0,0.0,0.0,0.0,824.0,0.0055204571796091464,222.0,0.0014593070263661282,19.0,0.00015296428686439314,0.007132728492839668,0.001426545698567934,1065.0,5.613314847910572e-06,0.0023692435180687043
191,GTGGTCATATGGTCCAGCTCCCACTGTGGCACACAAGCCAGCAGTAGGTGATCCGAGCACCTTAAGTCCTGA,0.0,0.0,0.0,0.0,0.0,0.0,44.0,0.0002892320232437371,710.0,0.005716033877564164,0.0060052659008079014,0.0012010531801615804,754.0,6.386013686212413e-06,0.002527056328262671
200,GTGGTCATATGGTCCAGCTCCATCACTAGGGGTTCCTGCGGCCGCTCGGTCCGCACGTGCCTGTTGGAGCCGCAG,0.0,0.0,0.0,0.0,0.0,0.0,0.0,0.0,738.0,0.005941454931890639,0.005941454931890639,0.001188290986378128,738.0,7.060177341537521e-06,0.0026570994225917706
173,GTGGTCATATGGTCCAGCTCCATCACTAGGGGTTCCTGCGGCCGCTCGGTCCGCACGTGCCTGTTCGGAGCCGCA,0.0,0.0,0.0,0.0,0.0,0.0,483.0,0.0031749788006073874,333.0,0.0026809003960969954,0.005855879196704383,0.001171175839340877,816.0,2.6023632712050795e-06,0.0016131842025029503
169,GTGGTCATATGGTCCAGCTCGTCCATGCCGAGAGTGATCCCGGCGGCGGTCACGAACTCCAGCAGGACCATGTGT,0.0,0.0,0.0,0.0,0.0,0.0,877.0,0.0057649200996535786,0.0,0.0,0.0057649200996535786,0.0011529840199307158,877.0,6.646860751077965e-06,0.0025781506455360525
36,GTGGTCATATGGTCCAGCTCCACACTGAAGTCCCCACTGGCAGTTGCCGTCGTCC,456.0,0.0020758599340823425,25.0,0.00013989848965590567,274.0,0.001835686003899158,197.0,0.0012949706495230958,45.0,0.0003622838373104048,0.005708698914470907,0.0011417397828941817,997.0,7.472147652334923e-07,0.0008644158520258015
81,GTGGTCATATGGTCCAGCTCCAAGTGGGGGCACCCGATACGTACTCTGGGGAGAGCAAGGGTCAGCAAATCAGAT,42.0,0.00019119762550758417,970.0,0.00542806139864914,0.0,0.0,0.0,0.0,0.0,0.0,0.005619259024156724,0.001123851804831345,1012.0,5.79629817084781e-06,0.0024075502426424687
21,GTGGTCATATGGTCCAGCCTCCGGCCGCATGGACTGCGGAGCACGGGTCCGCGCGCCAGAGGCCGTACAGGCCTT,1158.0,0.005271591674709106,0.0,0.0,0.0,0.0,0.0,0.0,0.0,0.0,0.005271591674709106,0.0010543183349418215,1158.0,5.557935756972472e-06,0.0023575274668543042
23,GTGGTCATATGGTCCAGCTCCAGGGCCTTCTTGTAGTTGCCGTCGTCC,1065.0,0.004848225503942313,69.0,0.00038611983145029965,0.0,0.0,0.0,0.0,0.0,0.0,0.005234345335392613,0.0010468690670785226,1134.0,4.543676210821654e-06,0.0021315900663170803
24,GTGGTCATATGGTCCAGCTCCATGCTGAACTAAGCATATATTATCCATCCTTTTACCTTGTAGTTGCCGTCGTC,1055.0,0.00480270225977384,41.0,0.00022943352303568532,0.0,0.0,0.0,0.0,0.0,0.0,0.005032135782809526,0.0010064271565619052,1096.0,4.513527657550729e-06,0.0021245064503434036
103,GTGGTCATATGGTCCAGCTCCGTCTCGTGGGGCTTGTAGTTGCCGTCGTCC,0.0,0.0,885.0,0.0049524065338190605,0.0,0.0,0.0,0.0,0.0,0.0,0.0049524065338190605,0.0009904813067638124,885.0,4.905266095242745e-06,0.0022147835323667064
82,GTGGTCATATGGTCCAGCTCCACCTCGCCCAGATCCAGGTTATCATCGTCCGGCTCGTCCTCGTCGTCGTCCTC,42.0,0.00019119762550758417,847.0,0.004739760829542084,0.0,0.0,0.0,0.0,0.0,0.0,0.004930958455049668,0.0009861916910099337,889.0,4.40975474904401e-06,0.002099941606103372
26,GTGGTCATATGGTCCAGCTCCATTTGTATATATACATAGTCACATTCAGTTTTCCCAGCACCATTTGTTGAAGAT,996.0,0.0045341151191798535,35.0,0.00019585788551826794,0.0,0.0,0.0,0.0,0.0,0.0,0.004729973004698121,0.0009459946009396245,1031.0,4.030507825065107e-06,0.002007612468845795
201,GTGGTCATATGGTCCAGCTCCCGACCATAAGGATGCTGTATGGGTCATGTTTCATGGGTAAGAGCTTCAGATTCA,0.0,0.0,0.0,0.0,0.0,0.0,0.0,0.0,574.0,0.004621131613692719,0.004621131613692719,0.0009242263227385439,574.0,4.270971478214055e-06,0.0020666328842380436
28,GTGGTCATATGGTCCAGCTCCTGGGCTTCCCTCCCTGCAGCTAGCTATTCATTCTCTTTATAACCCTGCTATT,920.0,0.004188138463499463,31.0,0.00017347412717332305,0.0,0.0,0.0,0.0,0.0,0.0,0.004361612590672786,0.0008723225181345573,951.0,3.441466046004779e-06,0.0018551188765156747
160,GTGGTCATATGGTCCAGCTCCGCTTACCAGTAGGGATTGCCATAGTAGTAGCATGATTTGGTCCTTGAGTGCAGA,0.0,0.0,0.0,0.0,25.0,0.00016748959889590856,636.0,0.004180717426886746,0.0,0.0,0.004348207025782654,0.000869641405156531,661.0,3.43126752534993e-06,0.0018523680858160804
53,GTGGTCATATGGTCCAGCTCCAGCCCCAGCATCCCGCATATTAAAAGGAAGTATAACTGGTGTTGAGTACTACT,161.0,0.000732924231112406,0.0,0.0,94.0,0.0006297608918486162,409.0,0.002688543125152011,19.0,0.00015296428686439314,0.004204192534977426,0.0008408385069954853,683.0,1.1625979860199417e-06,0.0010782383716135971
29,GTGGTCATATGGTCCAGCTCCATCATTTGGAAGGTTTCCTGGCCATCTGGACCTAGTTAGTTCTTCTCTATGCGT,892.0,0.00406067337982774,24.0,0.00013430255006966944,0.0,0.0,0.0,0.0,0.0,0.0,0.00419497592989741,0.0008389951859794822,916.0,3.246885215528283e-06,0.0018019115448679169
47,GTGGTCATATGGTCCAGCTCCTTGCTCTGTCCCACCATGATAAACCAGGATGTAGTTGCCGTCGTCCCTGTGT,201.0,0.0009150172077862957,145.0,0.000811411240004253,140.0,0.0009379417538170879,78.0,0.0005127294957502613,108.0,0.0008694812095449715,0.00404658090690287,0.0008093161813805741,672.0,2.9826281711419325e-08,0.0001727028711730622
30,GTGGTCATATGGTCCAGCTCCGTCTCGTGGTCTTGTAGTTGCCGTCGTCC,849.0,0.003864923429903309,0.0,0.0,0.0,0.0,0.0,0.0,0.0,0.0,0.003864923429903309,0.0007729846859806619,849.0,2.9875266238031116e-06,0.0017284463034190885
171,GTGGTCATATGGTCCAGCTCCACTACCTCGCTTTTTGTGTTTTTAATCAATTGAGTGTGGTCCAATAATATCAAT,0.0,0.0,0.0,0.0,0.0,0.0,578.0,0.0037994570326109105,0.0,0.0,0.0037994570326109105,0.0007598914065221822,578.0,2.887174748531301e-06,0.0016991688405015263
31,GTGGTCATATGGTCCAGCTCCGAGCGTTAGTCCATAGGTCAGTCTTTTGCAGCCTGCTATTGACTCGTAGCATAG,828.0,0.0037693246171495165,0.0,0.0,0.0,0.0,0.0,0.0,0.0,0.0,0.0037693246171495165,0.0007538649234299034,828.0,2.841561613889869e-06,0.0016856932146419375
105,GTGGTCATATGGTCCAGCTCCCGCCAACACCACTGCATCCCACGGTCTCTCGAGTCTGATCCTGCTTGCTACTC,0.0,0.0,672.0,0.0037604714019507444,0.0,0.0,0.0,0.0,0.0,0.0,0.0037604714019507444,0.0007520942803901491,672.0,2.828229032977879e-06,0.0016817339364411598
172,GTGGTCATATGGTCCAGCTCCATCTGGTCGTCGGTGCGCACCGACCTTGTACAGCTCGTGCATGCCGAGAGTGAT,0.0,0.0,0.0,0.0,0.0,0.0,564.0,0.0037074286615788126,0.0,0.0,0.0037074286615788126,0.0007414857323157627,564.0,2.7490054561392134e-06,0.0016580125018042576
162,GTGGTCATATGGTCCAGCTCCGCCAGGTCCTCGGCACCTCCAGCCGGTCCCCCGCCCCCTCCGGGTCGGTCCTCA,0.0,0.0,0.0,0.0,22.0,0.00014739084702839952,523.0,0.003437917003556239,0.0,0.0,0.0035853078505846386,0.0007170615701169278,545.0,2.317527727109022e-06,0.0015223428415140337
139,GTGGTCATATGGTCCAGCTCCAGCCCAGTCTTGCTGAGTTAGAATTCACCCACCAATCTGCCCAGTTCTTAGTTG,0.0,0.0,0.0,0.0,410.0,0.0027468294218929005,126.0,0.0008282553392888836,0.0,0.0,0.0035750847611817843,0.000715016952236357,536.0,1.4187081425275467e-06,0.0011910953540869625
136,GTGGTCATATGGTCCAGCTCCCAGACCCCCACTCCTCTCCAGGCAGGTAGAAGAAGCCCTTGCCACATCC,0.0,0.0,0.0,0.0,528.0,0.003537380328681589,0.0,0.0,0.0,0.0,0.003537380328681589,0.0007074760657363179,528.0,2.502611917948694e-06,0.0015819645754405166
141,GTGGTCATATGGTCCAGCTCCCACGGCTCAACAACCTGCCCCTACCCATTGTGGGCAGTGATCCTGTGCTCACCA,0.0,0.0,0.0,0.0,224.0,0.0015007068061073407,71.0,0.0004667153102342122,174.0,0.0014008308376002318,0.003368252953941785,0.0006736505907883571,469.0,5.408113854820419e-07,0.0007353987935005345
137,GTGGTCATATGGTCCAGCTCCGAGCCCACAAGACGGCTTGTAGTTGCCGTCGTCC,0.0,0.0,0.0,0.0,493.0,0.003302894890227317,0.0,0.0,0.0,0.0,0.003302894890227317,0.0006605789780454635,493.0,2.1818229311779437e-06,0.0014770994994169973
202,GTGGTCATATGGTCCAGCTCCCGATGGACAGGCATGTTGGAAGGTACAGGATGAGCAGCTAGTGTGCGCCTGTTG,0.0,0.0,0.0,0.0,0.0,0.0,0.0,0.0,368.0,0.002962676714005088,0.002962676714005088,0.0005925353428010178,368.0,1.7554906623415976e-06,0.001324949305574216
138,GTGGTCATATGGTCCAGCTCCCAGACCCCCACTCCTCTCCAGGCAGGTAGAAGAAGCCCTTGCCACATCCCTGTG,0.0,0.0,0.0,0.0,441.0,0.002954516524523827,0.0,0.0,0.0,0.0,0.002954516524523827,0.0005909033049047655,441.0,1.7458335787368707e-06,0.0013212999578963403
203,GTGGTCATATGGTCCAGCTCCCGATGGACAGGCATGTTGGAAGGTACAGGATGAGCAGCTAGTGTGCGCCTGTT,0.0,0.0,0.0,0.0,0.0,0.0,0.0,0.0,358.0,0.0028821691946027757,0.0028821691946027757,0.0005764338389205552,358.0,1.6613798532634422e-06,0.0012889452483575252
32,GTGGTCATATGGTCCAGCTCCTGCATGCTCCCTGGTCCAGTCTCTGTGAGCCCCCATGGTCCCAGGTTAGTTGA,605.0,0.0027541562721925816,22.0,0.000123110670897197,0.0,0.0,0.0,0.0,0.0,0.0,0.0028772669430897784,0.0005754533886179558,627.0,1.4861999991467637e-06,0.001219098026881663
174,GTGGTCATATGGTCCAGCTCCTGCTCATTGAGCAGATCCTACCTCCCCCAGGCCTCTCTCTCCATCTATAGGAT,0.0,0.0,0.0,0.0,0.0,0.0,427.0,0.0028068653164789945,0.0,0.0,0.0028068653164789945,0.000561373063295799,427.0,1.5756985809705453e-06,0.0012552683302666985
88,GTGGTCATATGGTCCAGCTCCCGTCGTAGTTCCGCACCTTCGGATAGCCCAGCAGATGGGTGAGCACGAACCAGG,30.0,0.00013656973250541726,0.0,0.0,0.0,0.0,0.0,0.0,321.0,0.0025842913728142207,0.002720861105319638,0.0005441722210639277,351.0,1.3041490401375924e-06,0.0011419934501290243
39,GTGGTCATATGGTCCAGCTCCGAAGCCCAGTCCCTTCCCTCCACCTTTGGAAGTGGACACTAGGACTGGTTATGG,357.0,0.0016251798168144655,192.0,0.0010744204005573555,0.0,0.0,0.0,0.0,0.0,0.0,0.002699600217371821,0.0005399200434743642,549.0,5.845050918470329e-07,0.0007645293270025897
34,GTGGTCATATGGTCCAGCTCCGAGCCCACGAGACCTTGTAGTTGCCGTCGTCC,550.0,0.0025037784292659833,30.0,0.0001678781875870868,0.0,0.0,0.0,0.0,0.0,0.0,0.00267165661685307,0.0005343313233706141,580.0,1.2173849232625504e-06,0.001103351677056119
140,GTGGTCATATGGTCCAGCTCCGACGCCCAGGCCAAGGCTGATCCTTCAGATCATTTAAGTACCAGTTTCTTCTG,0.0,0.0,0.0,0.0,311.0,0.0020835706102651026,85.0,0.0005587436812663104,0.0,0.0,0.002642314291531413,0.0005284628583062827,396.0,8.142740065673226e-07,0.0009023713241051726
204,GTGGTCATATGGTCCAGCTCCGGTCTCGTGGTCTCGTGGTCTTGTAGTTGCCGTCGTCC,0.0,0.0,0.0,0.0,0.0,0.0,0.0,0.0,324.0,0.0026084436286349143,0.0026084436286349143,0.0005216887257269829,324.0,1.3607956327532156e-06,0.001166531453820777
95,GTGGTCATATGGTCCAGCTCCAGGAAGTGCTAACCTTACTGCTTCCTTGGACTCAGATTTCTGGCTCTCAGAATT,26.0,0.0001183604348380283,398.0,0.0022271839553220183,0.0,0.0,0.0,0.0,0.0,0.0,0.0023455443901600464,0.0004691088780320094,424.0,9.685104665341561e-07,0.0009841292936063615
106,GTGGTCATATGGTCCAGCTCCACCTCGCCCAGATCCAGGTTATCATCGTCCGGCTCGTCCTCGTCGTCGTGCTC,0.0,0.0,390.0,0.0021824164386321284,0.0,0.0,0.0,0.0,0.0,0.0,0.0021824164386321284,0.00043648328772642574,390.0,9.525883023223488e-07,0.0009760063023988876
56,GTGGTCATATGGTCCAGCTCCTTGCTCTGTCCCCCCATGATAAACCAGGATGTAGTTGCCGTCGTCCCTGTCTCG,128.0,0.000582697525356447,0.0,0.0,56.0,0.00037517670152683517,62.0,0.00040755421457072053,65.0,0.0005232988761150291,0.001888727317569032,0.00037774546351380646,311.0,5.169448473909765e-08,0.00022736421164971774
205,GTGGTCATATGGTCCAGCTCCTGTGTTAAGTGGTGACAGAGACCTCGTGGGTCCTGGAACTAGGAGCAATTAGGA,0.0,0.0,0.0,0.0,0.0,0.0,0.0,0.0,234.0,0.0018838759540141048,0.0018838759540141048,0.000376775190802821,234.0,7.097977220225107e-07,0.0008424949388705612
206,GTGGTCATATGGTCCAGCTCCATCTCCTACTTGTAGTTGCCGTCGTCC,0.0,0.0,0.0,0.0,0.0,0.0,0.0,0.0,230.0,0.0018516729462531801,0.0018516729462531801,0.0003703345892506361,230.0,6.857385399771865e-07,0.0008280933159838851
143,GTGGTCATATGGTCCAGCTCCCCCATCAATGATCAGCTATGAATGGGAAGTCTAAGGATCTTGTAGTTGCCGTCG,0.0,0.0,0.0,0.0,147.0,0.0009848388415079424,123.0,0.0008085349740677198,0.0,0.0,0.0017933738155756621,0.0003586747631151325,270.0,2.4509960488872813e-07,0.0004950753527380738
38,GTGGTCATATGGTCCAGCTCCGAGTTTGCCGCACTGTTCCCAGCGGGTGCCAACTCTGAATGCCTGCTTAAGTCA,390.0,0.0017754065225704244,0.0,0.0,0.0,0.0,0.0,0.0,0.0,0.0,0.0017754065225704244,0.00035508130451408494,390.0,6.304136640771213e-07,0.0007939859344327967
175,GTGGTCATATGGTCCAGCTCCATCTGGTCGTCGGTGGGCACCGACCTTGTACAGCTCGTGCATGCCGAGAGTGGT,0.0,0.0,0.0,0.0,0.0,0.0,265.0,0.001741965594536144,0.0,0.0,0.001741965594536144,0.0003483931189072289,265.0,6.068888265095323e-07,0.0007790306967697309
161,GTGGTCATATGGTCCAGCTCCGGGTCATGCTGGGGCCCTGGGGCTGCTCTCTCTCCATATCTGTTCCAGACAGAG,0.0,0.0,0.0,0.0,25.0,0.00016748959889590856,221.0,0.001452733571292407,0.0,0.0,0.0016202231701883155,0.00032404463403766314,246.0,4.033657426638221e-07,0.0006351108113265134
85,GTGGTCATATGGTCCAGCTCCGGTCTTGTAGTTGCCGTCGTCCCTGTGTCTTATAGACATCTCCGAGCCCACGAG,41.0,0.00018664530109073694,51.0,0.0002853929188980476,0.0,0.0,51.0,0.00033524620875978624,93.0,0.0007487199304415033,0.001556004359190074,0.0003112008718380149,236.0,7.625680703520913e-08,0.00027614635075482916
65,GTGGTCATATGGTCCAGCTCCTTGCTCTGTCCCACCATGATAAACCAGGATGTAGTTGCCGTCGTCCCAGTCT,92.0,0.00041881384634994627,46.0,0.00025741322096686645,39.0,0.00026128377427761735,32.0,0.00021035056235908155,37.0,0.00029787782178855506,0.0014457392257420667,0.0002891478451484134,246.0,6.220497238038011e-09,7.887012893382393e-05
142,GTGGTCATATGGTCCAGCTCCCACCCGCTCCCTGCATACATGCAATTCTCACGTGTCATGTCTGTACAAAGTTTG,0.0,0.0,0.0,0.0,179.0,0.0011992255280947053,35.0,0.00023007092758024544,0.0,0.0,0.0014292964556749507,0.0002858592911349902,214.0,2.7062420682766605e-07,0.0005202155388179654
40,GTGGTCATATGGTCCAGCTCCGACGATCTTGTAGTTGCCGTCGTCCCTGTGTGTTATACACATCTCCGAGCCCA,306.0,0.0013930112715552561,0.0,0.0,0.0,0.0,0.0,0.0,0.0,0.0,0.0013930112715552561,0.0002786022543110513,306.0,3.880960805359983e-07,0.0006229735793241944
42,GTGGTCATATGGTCCAGCTCCCAACAATGGTCAGCAGCAGCTGTGAATGGAAGTCCAAGGATCTTGTAGTTGCCG,284.0,0.0012928601343846168,0.0,0.0,0.0,0.0,0.0,0.0,0.0,0.0,0.0012928601343846168,0.0002585720268769234,284.0,3.3429746541620185e-07,0.0005781846291767033
176,GTGGTCATATGGTCCAGCTCCATCTGGTCGTCGGTGGGCACCGACCTTGTACAGCTCGTCCATGCCGAGAGTGAT,0.0,0.0,0.0,0.0,0.0,0.0,196.0,0.0012883971944493745,0.0,0.0,0.0012883971944493745,0.00025767943888987493,196.0,3.319934661330038e-07,0.0005761887417617632
107,GTGGTCATATGGTCCAGCTCCGTCTAGTTGCCGTCGTCCCTGTGTGTTATACACATCTCCGAGCCCACGAGACAG,0.0,0.0,217.0,0.0012143188902132612,0.0,0.0,0.0,0.0,0.0,0.0,0.0012143188902132612,0.0002428637780426523,217.0,2.9491407342575327e-07,0.0005430599169757912
207,GTGGTCATATGGTCCAGCTCCCGACCATAAGGATGCTGTATGGGTCATGTTTCATGGGTAAGAGCTTCAGATTCG,0.0,0.0,0.0,0.0,0.0,0.0,0.0,0.0,148.0,0.0011915112871542202,0.0011915112871542202,0.00023830225743084408,148.0,2.8393982948318137e-07,0.0005328600468070217
177,GTGGTCATATGGTCCAGCTCCCGACCCCCTGTGTGAGGGGCTGTTCTCAGAGAGTCTCATCCTAACTTGGATATG,0.0,0.0,0.0,0.0,0.0,0.0,179.0,0.0011766484581961125,0.0,0.0,0.0011766484581961125,0.00023532969163922256,179.0,2.769003188350578e-07,0.0005262131876293655
144,GTGGTCATATGGTCCAGCTCCTGCATACACTCTGCCACCTGTGGGAAGGGTGCCATGAAAGCCTGGGCAGAGCT,0.0,0.0,0.0,0.0,144.0,0.0009647400896404334,32.0,0.00021035056235908155,0.0,0.0,0.0011750906519995149,0.000235018130399903,176.0,1.7470079789022107e-07,0.0004179722453587332
178,GTGGTCATATGGTCCAGCTCCCTGAGACTGCTGGCTATGACAAACGCTATCCCAAACCTGGGTACATTTCCTCC,0.0,0.0,0.0,0.0,0.0,0.0,177.0,0.0011635015480486698,0.0,0.0,0.0011635015480486698,0.000232700309609734,177.0,2.707471704623302e-07,0.0005203337106726127
179,GTGGTCATATGGTCCAGCTCCATCTGGTCGTCGGTGGGCACCGACCTTGTACAGCTCGTGCATGCCGAGAGTGAT,0.0,0.0,0.0,0.0,0.0,0.0,172.0,0.0011306342726800634,0.0,0.0,0.0011306342726800634,0.00022612685453601272,172.0,2.5566677171175517e-07,0.000505635018280731
180,GTGGTCATATGGTCCAGCTCCTCATTGATGGGACTGAAGAAAGCTGCCCACCATCACCTCCTTTCAAAATTCAG,0.0,0.0,0.0,0.0,0.0,0.0,172.0,0.0011306342726800634,0.0,0.0,0.0011306342726800634,0.00022612685453601272,172.0,2.5566677171175517e-07,0.000505635018280731
108,GTGGTCATATGGTCCAGCTCCGTCGTGGGCTTGTAGTTGCCGTCGTCCCTGTGTGTTATACACATCTCCGAGCC,0.0,0.0,198.0,0.001107996038074773,0.0,0.0,0.0,0.0,0.0,0.0,0.001107996038074773,0.0002215992076149546,198.0,2.455310440778788e-07,0.0004955108919871275
45,GTGGTCATATGGTCCAGCTCCCTTGTAGTTGCCGTCGTCCCTGTGTCTTTTACACATCTCCGAGCCCACGAGAC,238.0,0.0010834532112096436,0.0,0.0,0.0,0.0,0.0,0.0,0.0,0.0,0.0010834532112096436,0.00021669064224192876,238.0,2.3477417217609764e-07,0.00048453500614103996
208,GGGGTCATATGGTCCAGCTCCATCACTAGGGGTTCCTGCGGCCGCTCGGTCCGCACGTGCCTGTTGGAGCCGCAG,0.0,0.0,0.0,0.0,0.0,0.0,0.0,0.0,131.0,0.0010546485041702895,0.0010546485041702895,0.00021092970083405794,131.0,2.2245669346972587e-07,0.00047165314953864757
209,GTGGTCATATGGTCCAGCTCCCAGCCCACAAGAGTCTTGTAGTTGCCGTCGTCCCAGTCTCTTATACACATCAC,0.0,0.0,0.0,0.0,0.0,0.0,0.0,0.0,130.0,0.0010465977522300582,0.0010465977522300582,0.00020931955044601168,130.0,2.1907337099460209e-07,0.0004680527438169785
109,GTGGTCATATGGTCCAGCTCCGTCTCGTGGGCTTGTAGTTGCCGTCGTCCCTGTGTGTTATACACATCTCCGAG,0.0,0.0,183.0,0.0010240569442812296,0.0,0.0,0.0,0.0,0.0,0.0,0.0010240569442812296,0.00020481138885624595,183.0,2.097385250261219e-07,0.00045797218804870883
181,GTGGTCATATGGTCCAGCTCCATCTGGTCGTCGGTGCGCACCGACCTTGTACAGCTCGTCCATGCCGAGAGTGGT,0.0,0.0,0.0,0.0,0.0,0.0,155.0,0.0010188855364268014,0.0,0.0,0.0010188855364268014,0.00020377710728536032,155.0,2.0762554726794612e-07,0.0004556594641483332
182,GTGGTCATATGGTCCAGCTCCGTTCGTGGGCTTGTAGTTGCCGTCGTCC,0.0,0.0,0.0,0.0,0.0,0.0,146.0,0.0009597244407633097,0.0,0.0,0.0009597244407633097,0.00019194488815266197,146.0,1.8421420043968945e-07,0.0004292018178429461
210,GTGGTCATATGGTCCAGCTCCTGTACTGTGCAGCACCTCTGCAGTCGTGATCCTCGGCAGTGTGGTGCTCATTC,0.0,0.0,0.0,0.0,0.0,0.0,0.0,0.0,115.0,0.0009258364731265901,0.0009258364731265901,0.00018516729462531804,115.0,1.7143463499429663e-07,0.00041404665799194256
183,GTGGTCATATGGTCCAGCTCCCTTGTAGTTGCCGTCGTCCCTGTGTCTTTTACACATCTCCGAGCCCACGAGACG,0.0,0.0,0.0,0.0,0.0,0.0,138.0,0.0009071368001735392,0.0,0.0,0.0009071368001735392,0.00018142736003470787,138.0,1.6457943484581753e-07,0.0004056839100159353
78,GTGGTCATATGGTCCAGCTCCAGCCCCAGCATCCCGCATATTAAAAGGAAGTATAACTGGTGTTGAGTACTA,44.0,0.00020030227434127867,0.0,0.0,0.0,0.0,107.0,0.000703359692888179,0.0,0.0,0.0009036619672294576,0.00018073239344589155,151.0,9.287871712065992e-08,0.0003047600976516774
211,GTGGTCATATGGTCCAGCTCCCAGCCCACAAGAGTCTTGTAGTTGCCGTCGTCCCTGTGTCTTTTACACATCTC,0.0,0.0,0.0,0.0,0.0,0.0,0.0,0.0,110.0,0.000885582713425434,0.000885582713425434,0.0001771165426850868,110.0,1.5685134846359084e-07,0.0003960446293835972
110,GTGGTCATATGGTCCAGCTCCCTTGTAGTTGCCGTCGTCCCAGTCTCTTATACACAACTCCGAGCCCACGAGACA,0.0,0.0,157.0,0.0008785625150390876,0.0,0.0,0.0,0.0,0.0,0.0,0.0008785625150390876,0.00017571250300781754,157.0,1.5437441856636142e-07,0.0003929051012221162
48,GTGGTCATATGGTCCAGCTCCAGTCTGCTGAGTGTTAGGATTATAGTCCTGTGCCACCATCTTCCTGCCCTCTCG,188.0,0.0008558369903672816,0.0,0.0,0.0,0.0,0.0,0.0,0.0,0.0,0.0008558369903672816,0.00017116739807345634,188.0,1.4649139081618533e-07,0.0003827419376240149
212,GTGGTCATATGGTCCAGCTCCGCAGCCAGAATACCAACGCGCCCTTGCCACCCACCCTGGACATTCAGAGCCAAG,0.0,0.0,0.0,0.0,0.0,0.0,0.0,0.0,105.0,0.0008453289537242778,0.0008453289537242778,0.0001690657907448556,105.0,1.4291620800091646e-07,0.00037804260077525185
184,GTGGTCATATGGTCCAGCTCCACCCGGAGGATCCCGCTCTGAGGCTCATCAGAGTCAGAGAGACCCCTCTGCAGA,0.0,0.0,0.0,0.0,0.0,0.0,127.0,0.0008348287943626049,0.0,0.0,0.0008348287943626049,0.00016696575887252101,127.0,1.3938782317938413e-07,0.0003733467867537956
49,GTGGTCATATGGTCCAGCTCCTGCATGCTCCCTAGTTGGTGGCCCAGGCTCTGGAATTCCCCCATGGTCCTATGT,180.0,0.0008194183950325036,0.0,0.0,0.0,0.0,0.0,0.0,0.0,0.0,0.0008194183950325036,0.00016388367900650074,180.0,1.342893012235288e-07,0.0003664550466612908
51,GTGGTCATATGGTCCAGCTCCCTTGTAGTTGCCGTCGTCCCTGTCTGTTATACACCTCTCCGAGCCCACGAGAC,169.0,0.0007693428264471839,0.0,0.0,0.0,0.0,0.0,0.0,0.0,0.0,0.0007693428264471839,0.0001538685652894368,169.0,1.1837767692114834e-07,0.00034406057158754524
52,GTGGTCATATGGTCCAGCTCCGTCTCGTAGTTGCCGTCGTCCCAGTCTCTTATACACAACTCCGAGCCCACGAGA,169.0,0.0007693428264471839,0.0,0.0,0.0,0.0,0.0,0.0,0.0,0.0,0.0007693428264471839,0.0001538685652894368,169.0,1.1837767692114834e-07,0.00034406057158754524
145,GTGGTCATATGGTCCAGCTCCTGCATGTACCCTGTGTGAGCCGCCATGGACCCAGGTTACTTAACTCTTTGGGT,0.0,0.0,0.0,0.0,109.0,0.0007302546511861614,0.0,0.0,0.0,0.0,0.0007302546511861614,0.0001460509302372323,109.0,1.0665437111580442e-07,0.0003265798081875308
185,GTGGTCATATGGTCCAGCTCCCTTGTAGTTGCCGTCGTCCCTGTCTCTTAAACACAACTCCGAGCCCACGAGACG,0.0,0.0,0.0,0.0,0.0,0.0,106.0,0.0006967862378144577,0.0,0.0,0.0006967862378144577,0.00013935724756289157,106.0,9.710221224152522e-08,0.0003116122787078924
213,GTGGTCATATGGTCCAGCTCCACCTGGCTCCTGGGCCTGAGTTCTTGCTACTGAGTCTGAGAGCACTGGCCTTCA,0.0,0.0,0.0,0.0,0.0,0.0,0.0,0.0,86.0,0.0006923646668598847,0.0006923646668598847,0.00013847293337197696,86.0,9.587376638319982e-08,0.0003096348920635396
214,GTGGTCATATGGTCCAGTCCTTGTAGTTGCCGTCGTCCCTGTCTCTTATACACAACACCGAGCCCACGAGACTAG,0.0,0.0,0.0,0.0,0.0,0.0,0.0,0.0,86.0,0.0006923646668598847,0.0006923646668598847,0.00013847293337197696,86.0,9.587376638319982e-08,0.0003096348920635396
54,GTGGTCATATGGTCCAGCTCCCTTGTAGTTGCCGTCGTCCCAGTCTCTTATACACAACTCCGAGCCCACGAGAC,152.0,0.0006919533113607808,0.0,0.0,0.0,0.0,0.0,0.0,0.0,0.0,0.0006919533113607808,0.0001383906622721562,152.0,9.575987702062997e-08,0.00030945092829175674
215,GTGGTCATATGGTCCAGCCTCCACTCCGAGGCGGAGAGGACCGACCTCGAGCCTGCGCCGTGTCCGAACGGTCCA,0.0,0.0,0.0,0.0,0.0,0.0,0.0,0.0,85.0,0.0006843139149196535,0.0006843139149196535,0.00013686278298393072,85.0,9.365710683053255e-08,0.00030603448634187053
186,GTGGTCATATGGTCCAGCTCCCTTGTAGTTGCCGTCGTCCCTGTCTCTTATACCCCTCTCCGAGCCCACGAGACG,0.0,0.0,0.0,0.0,0.0,0.0,103.0,0.0006770658725932938,0.0,0.0,0.0006770658725932938,0.00013541317451865877,103.0,9.168363916610365e-08,0.0003027930632727633
55,GTGGTCATATGGTCCAGCTCCTGTTGTGGCTCTGTCTGCTCTGAGGAGGGCTGTGGCCAAGGCTGCTGCCAGCC,148.0,0.0006737440136933919,0.0,0.0,0.0,0.0,0.0,0.0,0.0,0.0,0.0006737440136933919,0.0001347488027386784,148.0,9.07861991975363e-08,0.0003013074828103947
112,GTGGTCATATGGTCCAGCTCCCTTGTAGTTGCCGTCGTCCCTGTCTCTTATACCCCTCTCCGAGCCCACGAGACA,0.0,0.0,120.0,0.0006715127503483472,0.0,0.0,0.0,0.0,0.0,0.0,0.0006715127503483472,0.00013430255006966946,120.0,9.018587477608035e-08,0.00030030963150735
216,GTGGTCATATGGTCCAGCTCCGGTCTTGTAGTTGCCGTCGTCGCTGTGTGTTATACACATCTCCGAGCCCACGAG,0.0,0.0,0.0,0.0,0.0,0.0,0.0,0.0,83.0,0.000668212411039191,0.000668212411039191,0.00013364248220783823,83.0,8.930156525336174e-08,0.0002988336748985324
146,GTGGTCATATGGTCCAGCTCCGAGCCCACAGACTTGTAGTTGCCGTCGTCCCTGTGTGTTATACACATCTCCGAG,0.0,0.0,0.0,0.0,96.0,0.0006431600597602889,0.0,0.0,0.0,0.0,0.0006431600597602889,0.0001286320119520578,96.0,8.273097249417168e-08,0.0002876299228073666
113,GTGGTCATATGGTCCAGCTCCCCAACATGGTTAGCTGTGAATGGGAAGTCCAAGGATCTTGTAGTTGCCGTCGT,0.0,0.0,111.0,0.0006211492940722212,0.0,0.0,0.0,0.0,0.0,0.0,0.0006211492940722212,0.00012422985881444426,111.0,7.716528910528371e-08,0.0002777864091442987
76,GTGGTCATATGGTCCAGCTCCTTGCTCTGTCCCACCATGATAAACCAGGATGTAGTTGCCGTCGTCCCGGTCT,59.0,0.0002685871405939873,0.0,0.0,0.0,0.0,28.0,0.00018405674206419637,20.0,0.00016101503880462434,0.000613658921462808,0.00012273178429256161,107.0,1.4156581183703934e-08,0.00011898143209637348
114,GTGGTCATATGGTCCAGCTCCGTCTCGTGGGGCTTGTAGTTGCCGTCGTCCCTGTGTGTTATACACATCTCCGAG,0.0,0.0,108.0,0.0006043614753135125,0.0,0.0,0.0,0.0,0.0,0.0,0.0006043614753135125,0.00012087229506270252,108.0,7.305055856862507e-08,0.000270278668356615
187,GTGGTCATATGGTCCAGCTCCCTTGTAGTTGCCGTCGTCCCTGTCTCTATACACATCTCCGAGCCCACGAGACGG,0.0,0.0,0.0,0.0,0.0,0.0,91.0,0.0005981844117086382,0.0,0.0,0.0005981844117086382,0.00011963688234172765,91.0,7.156491808224192e-08,0.00026751620153224725
217,GTGGTCATATGGTCCAGCTCCATGATGGGAGCTGTAGTTGCCGTCGTCC,0.0,0.0,0.0,0.0,0.0,0.0,0.0,0.0,73.0,0.0005877048916368789,0.0005877048916368789,0.0001175409783273758,73.0,6.907940793078312e-08,0.0002628296176818418
147,GTGGTCATATGGTCCAGCTCCCTTGTAGTTGCCGTCGTCCCTGTCTCTATACACATCTCCGAGCCCACGAGACT,0.0,0.0,0.0,0.0,83.0,0.0005560654683344164,0.0,0.0,0.0,0.0,0.0005560654683344164,0.0001112130936668833,83.0,6.184176101479477e-08,0.0002486800374272024
148,GTGGTCATATGGTCCAGCCCATGCTTGATCTTTGGTTTGTAGTTGCCGTCGTCC,0.0,0.0,0.0,0.0,82.0,0.0005493658843785801,0.0,0.0,0.0,0.0,0.0005493658843785801,0.00010987317687571604,82.0,6.036057498381189e-08,0.000245683892397959
57,GTGGTCATATGGTCCAGCTCCCTTGTAGTTGCCGTCGTCCCTGTCTCTTAAACACAACTCCGAGCCCACGAGAC,114.0,0.0005189649835205856,0.0,0.0,0.0,0.0,0.0,0.0,0.0,0.0,0.0005189649835205856,0.00010379299670411715,114.0,5.3864930824104345e-08,0.0002320881962188175
218,GTGGTCATATGGTCCAGCTCCAGTGTCCCAGCGAAGTCATTAGCATCAATGGGATGTAGTTGCCGTCGTCC,0.0,0.0,0.0,0.0,0.0,0.0,0.0,0.0,62.0,0.0004991466202943355,0.0004991466202943355,9.982932405886713e-05,62.0,4.982946971025152e-08,0.00022322515474348207
219,GTGGTCATATGGTCCAGCTCCATCTGGTCGTCGGTGCTGCGGCTCCAACAGGCACGTGCGGACCGAGCGGCCGCA,0.0,0.0,0.0,0.0,0.0,0.0,0.0,0.0,61.0,0.0004910958683541043,0.0004910958683541043,9.821917367082088e-05,61.0,4.823503038289436e-08,0.00021962474902181302
149,GTGGTCATATGGTCCAGCTCCCTTGCAAAGCCCCTCAGACCGCTCTCTTCTTCTCCCTCTTCTGGCTGGCTGTTG,0.0,0.0,0.0,0.0,73.0,0.000489069628776053,0.0,0.0,0.0,0.0,0.000489069628776053,9.781392575521062e-05,73.0,4.783782035822926e-08,0.00021871858713476836
150,GTGGTCATATGGTCCAGCTCCGACGCCCAGGCCAAGGCTGATCCTTCAGATCATTTAAGTACCAGTTTCTTCTGG,0.0,0.0,0.0,0.0,72.0,0.0004823700448202167,0.0,0.0,0.0,0.0,0.0004823700448202167,9.647400896404336e-05,72.0,4.6536172027971565e-08,0.00021572244210552497
60,GTGGTCATATGGTCCAGCTCCGACGATCTTGTAGTTGCCGTCGTCCCTGTGTCTTATAAACATCTCCGAGCCCA,104.0,0.0004734417393521132,0.0,0.0,0.0,0.0,0.0,0.0,0.0,0.0,0.0004734417393521132,9.468834787042265e-05,104.0,4.482941611215085e-08,0.00021172958251541244
61,GTGGTCATATGGTCCAGCTCCATGTTGCAGGTGTGGTACCTCCAGGAAAATGGAGGCAATAGCCGCTATTTACT,100.0,0.00045523244168472424,0.0,0.0,0.0,0.0,0.0,0.0,0.0,0.0,0.00045523244168472424,9.104648833694487e-05,100.0,4.144731519244717e-08,0.00020358613703405046
62,GTGGTCATATGGTCCAGCTCCGACGATCTTGTAGTTGCCGTCGTCCCTGTGTCTTATACACCTCTCCGAGCCCA,99.0,0.00045068011726787696,0.0,0.0,0.0,0.0,0.0,0.0,0.0,0.0,0.00045068011726787696,9.01360234535754e-05,99.0,4.062251362011745e-08,0.0002015502756637099
64,GTGGTCATATGGTCCAGCTCCGACGATCTTGTAGTTGCCGTCGTCCCTGTGTCTTATAGACATCTCCGAGCCCA,96.0,0.00043702314401733525,0.0,0.0,0.0,0.0,0.0,0.0,0.0,0.0,0.00043702314401733525,8.740462880346706e-05,96.0,3.819784568135931e-08,0.00019544269155268842
115,GTGGTCATATGGTCCAGCTCCGTCGTGGGCTTGTAGTTGCCGTCGTCCCTGTGTGTTATACACATCTGCGAGCC,0.0,0.0,77.0,0.0004308873481401895,0.0,0.0,0.0,0.0,0.0,0.0,0.0004308873481401895,8.617746962803791e-05,77.0,3.713278135745698e-08,0.00019269868021721628
116,GTGGTCATATGGTCCAGCTCCGTCTCGTGGGCTTGTAGTTGCCGTCGTCCCTGTGTCTTATACACATGTCCGAG,0.0,0.0,76.0,0.00042529140855395326,0.0,0.0,0.0,0.0,0.0,0.0,0.00042529140855395326,8.505828171079067e-05,76.0,3.6174556437961114e-08,0.000190196099954655
67,GTGGTCATATGGTCCAGCTCTGACCTGTCCTCTTGGCTGGTGCCCCAGCTCATGGGCCAGCCTCTGACCTTTG,91.0,0.00041426152193309903,0.0,0.0,0.0,0.0,0.0,0.0,0.0,0.0,0.00041426152193309903,8.285230438661982e-05,91.0,3.43225217108655e-08,0.0001852633847009859
66,GTGGTCATATGGTCCAGCTCCCTTGTAGTTGCCGTCGTCCCTGTCTCTATACACATCTCCGAGCCCACGAGACCG,91.0,0.00041426152193309903,0.0,0.0,0.0,0.0,0.0,0.0,0.0,0.0,0.00041426152193309903,8.285230438661982e-05,91.0,3.43225217108655e-08,0.0001852633847009859
151,GTGGTCATATGGTCCAGCTCCTAGAGTCCACGTAGAATAGCTTAGACTGCCTATAACTCCAGGTCCAGGGAAT,0.0,0.0,0.0,0.0,61.0,0.00040867462130601687,0.0,0.0,0.0,0.0,0.00040867462130601687,8.17349242612034e-05,61.0,3.340298921992327e-08,0.00018276484678384755
68,GTGGTCATATGGTCCAGCTCCCTTGTAGTTGCCGTCGTGCCTGTCTGTTATACACCTCTCCGAGCCCACGAGAC,87.0,0.0003960522242657101,0.0,0.0,0.0,0.0,0.0,0.0,0.0,0.0,0.0003960522242657101,7.921044485314203e-05,87.0,3.1371472869163266e-08,0.0001771199392196239
153,GTGGTCATATGGTCCAGCTCCTGCATGTACCCTGTGTGAGCCGCCATGGACCCAGGTTACTTAACTCTTTGGGTG,0.0,0.0,0.0,0.0,58.0,0.0003885758694385079,0.0,0.0,0.0,0.0,0.0003885758694385079,7.77151738877016e-05,58.0,3.019824126197847e-08,0.00017377641169611733
152,GTGGTCATATGGTCCAGCTCCATCACTAGGGGTTCCTGCGGCCGCTCGGTCCGCACGTGCCTGTTGAGCCGCAG,0.0,0.0,0.0,0.0,58.0,0.0003885758694385079,0.0,0.0,0.0,0.0,0.0003885758694385079,7.77151738877016e-05,58.0,3.019824126197847e-08,0.00017377641169611733
117,GTGGTCATATGGTCCAGCTCCAGGGAGCAGCCAGCAGGTTGCAGTGGTCCTGCCCATAGACCTGGAGCCTAGGGA,0.0,0.0,66.0,0.000369332012691591,0.0,0.0,0.0,0.0,0.0,0.0,0.000369332012691591,7.386640253831822e-05,66.0,2.728122711976431e-08,0.0001651702973290425
220,GTGGTCATATGGTCCAGCTCCTGTGTTAAGTGGTGACAGAGACCTCGTGGGTCCTGGAACTAGGAGCAATTAGGT,0.0,0.0,0.0,0.0,0.0,0.0,0.0,0.0,44.0,0.00035423308537017357,0.00035423308537017357,7.084661707403473e-05,44.0,2.5096215754174533e-08,0.00015841785175343886
118,GTGGTCATATGGTCCAGCTCCGTCTAGTTGCCGTCGTCCCTGTGTGTTATACACATCTGCGAGCCCACGAGACAG,0.0,0.0,63.0,0.0003525441939328823,0.0,0.0,0.0,0.0,0.0,0.0,0.0003525441939328823,7.050883878657647e-05,63.0,2.485748173515715e-08,0.00015766255654135877
154,GTGGTCATATGGTCCAGCTCCACTCACTCCAGCCCCACTTGCTCCAGCCATATTCATTTTATATATGTGGGTACA,0.0,0.0,0.0,0.0,52.0,0.00034837836570348983,0.0,0.0,0.0,0.0,0.00034837836570348983,6.967567314069798e-05,52.0,2.4273497138046903e-08,0.00015579954152065693
221,GTGGTCATATGGTCCAGCTCCCTTGTAGTTGCCGTCGTCCCTGTCTCTTATACACACTCCGAGCCCACGAGACTA,0.0,0.0,0.0,0.0,0.0,0.0,0.0,0.0,43.0,0.00034618233342994235,0.00034618233342994235,6.923646668598848e-05,43.0,2.3968441595799956e-08,0.0001548174460317698
70,GTGGTCATATGGTCCAGCTCCCTTGTAGTTGCCGTCGTCCCTGTCTCTTATACCCCTCTCCGAGCCCACGAGAC,76.0,0.0003459766556803904,0.0,0.0,0.0,0.0,0.0,0.0,0.0,0.0,0.0003459766556803904,6.91953311360781e-05,76.0,2.3939969255157493e-08,0.00015472546414587837
222,GTGGTCATATGGTCCAGCTCCTGCAAGGCAGTTTTGGTCATGTGGCTCTGGCTTTAGAGCCAAAAATAGAAGGGA,0.0,0.0,0.0,0.0,0.0,0.0,0.0,0.0,42.0,0.0003381315814897111,0.0003381315814897111,6.762631629794223e-05,42.0,2.2866593280146633e-08,0.00015121704031010076
155,GTGGTCATATGGTCCAGCTCCGAGCCCACAGACTTGTAGTTGCCGTCGTGCCTGTGTGTTATACACATCTCCGAG,0.0,0.0,0.0,0.0,50.0,0.0003349791977918171,0.0,0.0,0.0,0.0,0.0003349791977918171,6.699583955836343e-05,50.0,2.244221259064987e-08,0.0001498072514621701
92,GTGGTCATATGGTCCAGCTCCTGTGGTTGTGGCGTTGCCGTCGTCC,29.0,0.00013201740808857002,0.0,0.0,0.0,0.0,30.0,0.00019720365221163896,0.0,0.0,0.000329221060300209,6.584421206004181e-05,59.0,8.66014379374858e-09,9.305989358337231e-05
223,GTGGTCATATGGTCCAGGCTCCGCAGCCAGAATACCAACGCGCCCTTGCCACCCACCCTGGACATTCAGAGCCAA,0.0,0.0,0.0,0.0,0.0,0.0,0.0,0.0,40.0,0.0003220300776092487,0.0003220300776092487,6.440601552184975e-05,40.0,2.0740674177003743e-08,0.0001440162288667626
156,GTGGTCATATGGTCCAGCTCCTTGATTCTTAAGAAACAGCAAGCACATTTATTTTTAACATTGCAAAAGAATTTA,0.0,0.0,0.0,0.0,48.0,0.00032158002988014444,0.0,0.0,0.0,0.0,0.00032158002988014444,6.43160059760289e-05,48.0,2.068274312354292e-08,0.0001438149614036833
71,GTGGTCATATGGTCCAGCTCCGTCTCGTAGTTGCCGTCGTCCCTGTGTCTTATACACAACTCCGAGCCCACGAGA,69.0,0.0003141103847624597,0.0,0.0,0.0,0.0,0.0,0.0,0.0,0.0,0.0003141103847624597,6.282207695249196e-05,69.0,1.97330667631241e-08,0.00014047443455349483
189,GTGGTCATATGGTCCAGCTCCCTTGTAGTTGCCGTCGTCCCTGTCTGTTATACACAACTCCGAGCCCACGAGACG,0.0,0.0,0.0,0.0,0.0,0.0,47.0,0.000308952388464901,0.0,0.0,0.000308952388464901,6.179047769298021e-05,47.0,1.909031566763342e-08,0.0001381677084836881
190,GTGGTCATATGGTCCAGCTCCCGTGTCGTTTTTCCTGAGGGAAGGGAACTAGGACACTGAACCTTCATGCAATCA,0.0,0.0,0.0,0.0,0.0,0.0,46.0,0.00030237893339117973,0.0,0.0,0.00030237893339117973,6.047578667823596e-05,46.0,1.82866038717575e-08,0.00013522797000531178
119,GTGGTCATATGGTCCAGCTCCCTTGTAGTTGCCGTCGTCCCAGTCTCATATACACATCTCCGAGCCCACGAGACA,0.0,0.0,53.0,0.00029658479807052,0.0,0.0,0.0,0.0,0.0,0.0,0.00029658479807052,5.931695961410401e-05,53.0,1.7592508489306224e-08,0.00013263675391574623
120,GTGGTCATATGGTCCAGCTCCGTCGTGGGCTTGTAGTTGCCGTCGTCCCTGTGTCTTATACACCTCTCCGAGCC,0.0,0.0,52.0,0.0002909888584842838,0.0,0.0,0.0,0.0,0.0,0.0,0.0002909888584842838,5.819777169685678e-05,52.0,1.6934903152397315e-08,0.00013013417365318502
192,GTGGTCATATGGTCCAGCTCCATCTGGTCGTCGGTGCTCACCGACCTTGTACAGCTCGTCCATGCCGAGAGTGAT,0.0,0.0,0.0,0.0,0.0,0.0,43.0,0.00028265856817001584,0.0,0.0,0.00028265856817001584,5.653171363400318e-05,43.0,1.5979173231984698e-08,0.00012640875457018276
74,GTGGTCATATGGTCCAGCTCCCTTGTAGTTGCCGTCGTCCCTGTGTCTTATACAGATCTCCGAGCCCACGAGAC,62.0,0.00028224411384452904,0.0,0.0,0.0,0.0,0.0,0.0,0.0,0.0,0.00028224411384452904,5.6448822768905814e-05,62.0,1.5932347959976696e-08,0.0001262234049611113
75,GTGGTCATATGGTCCAGCTCCCTTGTAGTTGCCGTCGTCCCAGTCTCTTATACACATCACCGAGCCCACGAGAC,59.0,0.0002685871405939873,0.0,0.0,0.0,0.0,0.0,0.0,0.0,0.0,0.0002685871405939873,5.371742811879747e-05,59.0,1.442781041849086e-08,0.00012011582085008976
224,GTGGTCATATGGTCCAGCTCCCAGCCCACAAGAGTCTTGTAGTTGCCGTCGTCCCTGTGTCTTATACACATCAC,0.0,0.0,0.0,0.0,0.0,0.0,0.0,0.0,32.0,0.00025762406208739894,0.00025762406208739894,5.1524812417479796e-05,32.0,1.3274031473282396e-08,0.00011521298309341007
193,GTGGTCATATGGTCCAGCTCCAAGCTGTAAGTTGCCACCCAATTCTTGTGGCTTCCAGTCACCAACGTAGCTT,0.0,0.0,0.0,0.0,0.0,0.0,39.0,0.00025636474787513067,0.0,0.0,0.00025636474787513067,5.127294957502614e-05,39.0,1.3144576790615865e-08,0.0001146498006566774
77,GTGGTCATATGGTCCAGCTCCCACCCTAACCGAGACCCCTTGCCTTGGTGTCCTACATGCTGGGATTGTGGGTGT,50.0,0.00022761622084236212,0.0,0.0,0.0,0.0,0.0,0.0,0.0,0.0,0.00022761622084236212,4.552324416847243e-05,50.0,1.0361828798111792e-08,0.00010179306851702523
225,GTGGTCATATGGTCCAGCTCCCCTGTCATTGTTTTCCCTGAGAACAGAGTCTCAGACAGACAGTGGCTGCTCCAT,0.0,0.0,0.0,0.0,0.0,0.0,0.0,0.0,28.0,0.0002254210543264741,0.0002254210543264741,4.508421086529483e-05,28.0,1.0162930346731839e-08,0.00010081136020673383
226,GTGGTCATATGGTCCAGCTCCATCTGGTCGTCGGTGCTGCGGCGCCCGGGAATCGAACCCGGGTCGCAAGAATGG,0.0,0.0,0.0,0.0,0.0,0.0,0.0,0.0,27.0,0.00021737030238624288,0.00021737030238624288,4.3474060477248586e-05,27.0,9.449969671897332e-09,9.721095448506476e-05
121,GTGGTCATATGGTCCAGCTCCGGTCTTGTAGTTGCCGTCGTCCCTGTGTGTTATACACATCTCCGAGCCCGCGAG,0.0,0.0,38.0,0.00021264570427697663,0.0,0.0,0.0,0.0,0.0,0.0,0.00021264570427697663,4.252914085539533e-05,38.0,9.043639109490278e-09,9.50980499773275e-05
122,GTGGTCATATGGTCCAGCTCCTGCCTCCTCTGGTACTGGGAAGAGGCCGCTGCCAATCAGTGAGCAGTGCGTG,0.0,0.0,38.0,0.00021264570427697663,0.0,0.0,0.0,0.0,0.0,0.0,0.00021264570427697663,4.252914085539533e-05,38.0,9.043639109490278e-09,9.50980499773275e-05
227,GTGGTCATATGGTCCAGCTCCCTTGTAGTTGCCGTCGTCCCTGTCTCTATACACATCTCCGAGCCCACGAGACTA,0.0,0.0,0.0,0.0,0.0,0.0,0.0,0.0,26.0,0.00020931955044601165,0.00020931955044601165,4.186391008920234e-05,26.0,8.762934839784083e-09,9.36105487633957e-05
159,GTGGTCATATGGTCCAGCTCCCGTTCTCCAGAGTCCTGGAAGAAAGAAGGCAGTGGTGCTAGGGTTAGGATGC,0.0,0.0,0.0,0.0,31.0,0.00020768710263092662,0.0,0.0,0.0,0.0,0.00020768710263092662,4.153742052618533e-05,31.0,8.626786519845811e-09,9.288049590654547e-05
79,GTGGTCATATGGTCCAGCTCCGACGATCTTGTAGTTGCCGTCGTCCCTGTCTCTATACACATCTCCGAGCCCACG,44.0,0.00020030227434127867,0.0,0.0,0.0,0.0,0.0,0.0,0.0,0.0,0.00020030227434127867,4.006045486825574e-05,44.0,8.024200221257771e-09,8.95779002949822e-05
80,GTGGTCATATGGTCCAGCTCCGCCCGCCTTGACTTCTGAACCACTGTGGCTGTAGTTGCCGTCGTCC,44.0,0.00020030227434127867,0.0,0.0,0.0,0.0,0.0,0.0,0.0,0.0,0.00020030227434127867,4.006045486825574e-05,44.0,8.024200221257771e-09,8.95779002949822e-05
228,GTGGTCATATGGTCCAGCTCCTTGCTCTGTCCCACCATGATAAACCAGGATGTAGTTGCCGTCGTCCCTGGCT,0.0,0.0,0.0,0.0,0.0,0.0,0.0,0.0,24.0,0.00019321804656554923,0.00019321804656554923,3.864360931310985e-05,24.0,7.466642703721348e-09,8.640973732005757e-05
229,GTGGTCATATGGTCCAGCTCCCTCTTTCAATTCTTTGAGACTGAATTTTTATTTCATGCGATGAGTTCTTGCTTG,0.0,0.0,0.0,0.0,0.0,0.0,0.0,0.0,23.0,0.000185167294625318,0.000185167294625318,3.703345892506361e-05,23.0,6.8573853997718655e-09,8.28093315983885e-05
123,GTGGTCATATGGTCCAGCTCCGTCTCGTGGGGCTTGTAGTTGCCGTCGTCCCTGTGTCTTATAGACATCTCCGAG,0.0,0.0,29.0,0.00016228224800085057,0.0,0.0,0.0,0.0,0.0,0.0,0.00016228224800085057,3.245644960017012e-05,29.0,5.2671056032419134e-09,7.257482761427624e-05
86,GTGGTCATATGGTCCAGCTCCCTTGTAGTTGCCGTCGTCCCTGTCTCTTATACACCACTCCGAGCCCACGAGAC,34.0,0.00015477903017280625,0.0,0.0,0.0,0.0,0.0,0.0,0.0,0.0,0.00015477903017280625,3.095580603456126e-05,34.0,4.791309636246892e-09,6.921928659157715e-05
194,GTGGTCATATGGTCCAGCTCCTTGCTCTGTCCCCCCATGATAAACCAGGATGTAGTTGCCGTCGTCCCTGTGT,0.0,0.0,0.0,0.0,0.0,0.0,23.0,0.00015118946669558987,0.0,0.0,0.00015118946669558987,3.023789333911798e-05,23.0,4.571650967939375e-09,6.761398500265589e-05
87,GTGGTCATATGGTCCAGCTCCTGTGGTTGTGGAGTTGCCGTCGTCC,33.0,0.00015022670575595899,0.0,0.0,0.0,0.0,0.0,0.0,0.0,0.0,0.00015022670575595899,3.0045341151191804e-05,33.0,4.513612624457496e-09,6.718342522123665e-05
230,GTGGTCATATGGTCCAGCTCCTGCAAGGCAGTTTTGGTCATGTGGCTCTGGCTTTAGAGCCAAAAATAGAAGGGG,0.0,0.0,0.0,0.0,0.0,0.0,0.0,0.0,18.0,0.00014491353492416192,0.00014491353492416192,2.898270698483239e-05,18.0,4.199986520843259e-09,6.480730299004318e-05
126,GTGGTCATATGGTCCAGCTCCCCAACATGGTTAGCTGTGAATGGGAAGTCCAAGGATCTTGTAGTTGCCGTCGTG,0.0,0.0,25.0,0.00013989848965590567,0.0,0.0,0.0,0.0,0.0,0.0,0.00013989848965590567,2.7979697931181138e-05,25.0,3.91431748160071e-09,6.256450656403125e-05
127,GTGGTCATATGGTCCAGCTCCCTTGTAGTTGCCGTCGTCCCTGTCTCTTTACACATCTCCGAGCCCACGAGACAG,0.0,0.0,25.0,0.00013989848965590567,0.0,0.0,0.0,0.0,0.0,0.0,0.00013989848965590567,2.7979697931181138e-05,25.0,3.91431748160071e-09,6.256450656403125e-05
89,GTGGTCATATGGTCCAGCTCCCTTGTAGTTGCCGTCGTCCCTGTCTCTTACACATCTCCGAGCCCACGAGACCGT,30.0,0.00013656973250541726,0.0,0.0,0.0,0.0,0.0,0.0,0.0,0.0,0.00013656973250541726,2.7313946501083457e-05,30.0,3.730258367320245e-09,6.107584111021514e-05
90,GTGGTCATATGGTCCAGCTCCCTTGTAGTTGCCGTCGTCCCTGTGTCTTATACACCTCTCCGAGCCCACGAGAC,30.0,0.00013656973250541726,0.0,0.0,0.0,0.0,0.0,0.0,0.0,0.0,0.00013656973250541726,2.7313946501083457e-05,30.0,3.730258367320245e-09,6.107584111021514e-05
91,GTGGTCATATGGTCCAGCTCCATCTGGTCGTCGGTGCTGCGGCCTCAGGAGGTGCACGTTGGACTCAGGCAGCAG,29.0,0.00013201740808857002,0.0,0.0,0.0,0.0,0.0,0.0,0.0,0.0,0.00013201740808857002,2.640348161771401e-05,29.0,3.4857192076848065e-09,5.9039979739874626e-05
231,GTGGTCATATGGTCCAGCTCCAAAAGCCCATGAAATTTTCATTACTCTAGTTCTGTATTATAACCTGAAGTTGGG,0.0,0.0,0.0,0.0,0.0,0.0,0.0,0.0,16.0,0.00012881203104369947,0.00012881203104369947,2.5762406208739898e-05,16.0,3.318507868320599e-09,5.7606491546705036e-05
128,GTGGTCATATGGTCCAGCTCCAACACTTGGGGTTTTACTGGCTCTCAGCTTAGTAATCCATCTGATGGTCCCAAG,0.0,0.0,23.0,0.00012870661048343323,0.0,0.0,0.0,0.0,0.0,0.0,0.00012870661048343323,2.574132209668665e-05,23.0,3.31307831642684e-09,5.7559346038908745e-05
94,GTGGTCATATGGTCCAGCTCCTGCATGCTCTTTGGTTAACGGTTCAGCCCCTATGAGTGCCCAGATTCTATACAT,28.0,0.0001274650836717228,0.0,0.0,0.0,0.0,0.0,0.0,0.0,0.0,0.0001274650836717228,2.5493016734344563e-05,28.0,3.2494695110878583e-09,5.700411836953413e-05
129,GTGGTCATATGGTCCAGCTCCGCCGGAGGCTAGGGATGGAGATGGTCGGTGAACAACGTAATGCCCGCGTTGTAG,0.0,0.0,22.0,0.000123110670897197,0.0,0.0,0.0,0.0,0.0,0.0,0.000123110670897197,2.4622134179439402e-05,22.0,3.031247457751589e-09,5.50567657763475e-05
97,GTGGTCATATGGTCCAGCTCCGACGATCTTGTAGTTGCCGTCGTCCCTGTGTCTTATTCACATCTCCGAGCCCA,25.0,0.00011380811042118106,0.0,0.0,0.0,0.0,0.0,0.0,0.0,0.0,0.00011380811042118106,2.2761622084236216e-05,25.0,2.590457199527948e-09,5.0896534258512615e-05
96,GCCCTCGAACTTCACCTCGGCGCGGGTCTTGTAGTTGCCGTCGTCC,25.0,0.00011380811042118106,0.0,0.0,0.0,0.0,0.0,0.0,0.0,0.0,0.00011380811042118106,2.2761622084236216e-05,25.0,2.590457199527948e-09,5.0896534258512615e-05
