,sequence,18_S8_count,18_S8_percent,16_S6_count,16_S6_percent,17_S7_count,17_S7_percent,percent_sum_unit,percent_sum,total_reads_seq,variance,sd
1,TTGCTCACCATGGTGGCGCGGAGGAGTTCGTAGCCGAGGCGAAGAACGCCTCTGG,6702.0,0.05012340139107023,7562.0,0.052707515804587685,5079.0,0.03173482458058671,0.13456574177624464,0.044855247258748204,19343.0,0.00013077853026574805,0.011435844099398525
6,TTGCTCACCATGGTGGCGCGGAGGAGTTCTTAGCCGAGGCGAAGAACGCCTCTGG,2690.0,0.020118166180539975,5162.0,0.03597939653309728,3883.0,0.024261926333218782,0.08035948904685603,0.026786496348952006,11735.0,6.767474739747571e-05,0.008226466276444322
19,TTGCTCACCATGGTGGCGCGGAGGAGTTCTTAGCCTAGGCTAAGAACGCCTCTGA,979.0,0.007321815870166779,2949.0,0.020554676554843835,4051.0,0.02531163110375207,0.05318812352876268,0.01772937450958756,7979.0,8.689511176983132e-05,0.009321754758082371
4,TTGCTCACCATGGTGGCGCGGAGGAGTTCTTAGCCTAAGAACTCCTCTGAGGCAG,4133.0,0.030910178745045248,0.0,0.0,2949.0,0.018426067668468243,0.04933624641351349,0.01644541547117116,7082.0,0.00024180202485765505,0.01554998472210359
5,TTGCTCACCATGGTGGCGCGGAGGAGTTCTTAGCCGAGGCTAAGAACGCCTCTGG,3259.0,0.024373644454416275,2309.0,0.016093844749113063,1215.0,0.007591614858321097,0.04805910406185044,0.016019701353950144,6783.0,7.041325227333833e-05,0.00839126046987807
7,TTGCTCACCATGGTGGCGCGGAGGAGTTCTTAGGCTAAGAACTCCTCTGAGGCAG,2517.0,0.018824321292349115,0.0,0.0,4354.0,0.027204848636321034,0.04602916992867015,0.015343056642890048,6871.0,0.0001941153500009646,0.013932528485560853
16,TTGCTCACCATGGTGGCGCGGAGGAGTTCAGGCTAAGAACTCCTCTGAGGCAGAA,1053.0,0.00787525241193628,4769.0,0.03324016700239073,0.0,0.0,0.041115419414327004,0.013705139804775666,5822.0,0.00030171786584659707,0.017370027802125047
2,TTGCTCACCATGGTGGCGCGGAGGAGTTCTTAGCCTGAGGCCCAGAGACTGCGGC,5431.0,0.04061775484256974,0.0,0.0,0.0,0.0,0.04061775484256974,0.013539251614189913,5431.0,0.0005499340028170326,0.023450671692235865
13,TTGCTCACCATGGTGGCGCGGAGGAGTTAGTAGCCGAGGCGAAGAACGCCTCTGG,1285.0,0.009610350759105527,2464.0,0.017174202452063483,2122.0,0.0132587709706645,0.04004332418183351,0.013347774727277835,5871.0,1.4308904359784202e-05,0.0037827112445683983
8,TTGCTCACCATGGTGGCGCGGAGGAGTTAGTAGCCGAGGCGAAGAACGCCACTGG,1740.0,0.013013237603769351,2172.0,0.015138947940698817,1852.0,0.011571745446593146,0.039723930991061314,0.01324131033035377,5764.0,3.22024628494717e-06,0.001794504467798052
35,TTGCTCACCATGGTGGCGCGGAGGAGTTCTTAGCCTCTAAGAACTCCTCTGAGGC,514.0,0.0038441403036422106,4506.0,0.03140704393222324,474.0,0.00296166703114749,0.03821285126701294,0.01273761708900431,5494.0,0.00026160531375989446,0.016174217562525073
61399,TTGCTCACCATGGTGGCGCGGAGGAGTTCTTAAGGCTAAGAACTCCTCTGAGGCA,0.0,0.0,4601.0,0.0320691986533864,897.0,0.005604673685525946,0.03767387233891235,0.012557957446304113,5498.0,0.00029336949186101614,0.017128032340610996
3,TTGCTCACCATGGTGGCGCGGAGGAGTTCTTAGCCTGCTAAGAACTCCTCTGAGG,4251.0,0.03179268566300202,0.0,0.0,0.0,0.0,0.03179268566300202,0.010597561887667339,4251.0,0.0003369249538888181,0.018355515625795373
23,TTGCTCACCATGGTGGCGCGGAGGAGTTCTTAGCCTAGGCTAATAAAGCCTCTGG,841.0,0.00628973150848852,1331.0,0.00927713614598072,2365.0,0.01477709394232872,0.03034396159679796,0.01011465386559932,4537.0,1.8534907218846815e-05,0.0043052186029105205
15,TTGCTCACCATGGTGGCGCGGAGGAGGCTAAGAACTCCTCTGAGGCAGAAGCCGG,1053.0,0.00787525241193628,0.0,0.0,3258.0,0.020356774657127683,0.028232027069063963,0.009410675689687986,4311.0,0.00010536771209166532,0.010264877597500386
127636,TTGCTCACCATGGTGGCGCGGAGGAGTTCTTAGCCTGAGGCAGAAGCCGGAAGGG,0.0,0.0,0.0,0.0,4226.0,0.026405073573057578,0.026405073573057578,0.008801691191019192,4226.0,0.0002324093034661946,0.015244976335376668
61400,TTGCTCACCATGGTGGCGCGGAGGAGTTCTTGGCTAAGAACTCCTCTGAGGCAGA,0.0,0.0,3692.0,0.025733423479309406,0.0,0.0,0.025733423479309406,0.008577807826436468,3692.0,0.00022073636132182418,0.01485719897294992
27,TTGCTCACCATGGTGGCGCGGAGGAGTTCTTAGCCGAGGCTAAGAACGCCTCTGA,698.0,0.00522025278587989,783.0,0.005457548912323745,2384.0,0.01489581055328189,0.025573612251485522,0.00852453741716184,3865.0,3.0458918394190062e-05,0.005518959901484161
11,TTGCTCACCATGGTGGCGCGGAGGAGTTCTTAGCCTAGGCTAAGAACGCCTCTGG,1486.0,0.011113604068506469,1344.0,0.009367746792034627,727.0,0.004542472429629167,0.025023823290170263,0.008341274430056753,3557.0,1.1585176886291898e-05,0.0034037004695319324
40,TTGCTCACCATGGTGGCGCGGAGGAGTTCTTAGCCTAGGCTAAGAACTCCTCTGC,401.0,0.0029990277466158104,2038.0,0.014204961281373937,712.0,0.00444874878940298,0.021652737817392725,0.00721757927246424,3151.0,3.714305327930113e-05,0.006094510093461256
127637,TTGCTCACCATGGTGGCGCGGAGGCTAAGAACTCCTCTGAGGCAGAAGCCGGAAG,0.0,0.0,0.0,0.0,3421.0,0.021375238214252242,0.021375238214252242,0.007125079404750746,3421.0,0.0001523002695720098,0.012340999536990908
20,TTGCTCACCATGGTGGCGCGGAGGAGTTCTTAGCCGAGGCTAAGAACGCCTCTGC,978.0,0.007314336997980704,1016.0,0.007081570491597605,927.0,0.005792120965978319,0.020188028455556627,0.006729342818518875,2921.0,6.723336622831142e-07,0.0008199595491749055
127638,TTGCTCACCATGGTGGCGCGGAGGAGTTAGGCTAAGAACTCCTCTGAGGCAGAAG,0.0,0.0,0.0,0.0,3115.0,0.01946327595363804,0.01946327595363804,0.006487758651212679,3115.0,0.00012627303694915488,0.011237127611144891
30,TTGCTCACCATGGTGGCGCGGAGGAGTTCTTAGCCTAGGCTAAGAACTCCTCTGA,602.0,0.004502281056016752,970.0,0.006760948205560706,1299.0,0.00811646724358774,0.019379696505165196,0.0064598988350550645,2871.0,3.3335584922186107e-06,0.0018258035196095474
34,TTGCTCACCATGGTGGCGCGGAGGAGTTCGTAGCCGAGGCTAAGAACGCCTCTGC,525.0,0.003926407897689029,793.0,0.005527249409288288,1373.0,0.008578837202036928,0.018032494509014244,0.006010831503004747,2691.0,5.586663339011165e-06,0.002363612349563939
32,TTGCTCACCATGGTGGCGCGGAGGAGTTCTTAGCCTAGGCTAAGAACGCCTCTGC,570.0,0.0042629571460623735,736.0,0.0051299565765903915,1121.0,0.007004280046236996,0.016397193768889762,0.005465731256296586,2427.0,1.9632712874042995e-06,0.001401167829849194
127639,TTGCTCACCAGAACTCCTCTGAGGCAGAAGCCGGAAGGGAGCAGAGCCGGCGGCT,0.0,0.0,0.0,0.0,2529.0,0.015801805742135026,0.015801805742135026,0.005267268580711674,2529.0,8.323235490405716e-05,0.00912317679890383
127640,TTGCTCACCATGGTGGCGCGGAGGAGTTCTTAGAGGCTAAGAACTCCTCTGAGGC,0.0,0.0,0.0,0.0,2484.0,0.015520634821456466,0.015520634821456466,0.005173544940485488,2484.0,8.029670175366899e-05,0.008960842692161769
127641,TTGCTCACCATGGTGGCGCGGAGGAGTTCTTAGCCTGGAAGGGAGCAGAGCCGGC,0.0,0.0,0.0,0.0,2104.0,0.013146302602393077,0.013146302602393077,0.004382100867464358,2104.0,5.7608424037895666e-05,0.007590021346339921
127642,TTGCTCACCATGGTGGCGCGGAGGAGTTCTTAGCCAGGCTAAGAACTCCTCTGAG,0.0,0.0,0.0,0.0,2083.0,0.013015089506076416,0.013015089506076416,0.004338363168692138,2083.0,5.6464184950393474e-05,0.0075142654298602915
61401,TTGCTCACCATGGTGGCGCGGAGGAGTTCTTAGCCTTGTTCGGCATGGACGAGCT,0.0,0.0,1858.0,0.012950352336012156,0.0,0.0,0.012950352336012156,0.004316784112004052,1858.0,5.590387520895184e-05,0.0074768894072971175
9,TTGCTCACCATGGTGGCGCGGAGGAGTTCTGGCTGCAGCGGCAGTGGCAGGT,1714.0,0.01281878692693142,0.0,0.0,0.0,0.0,0.01281878692693142,0.004272928975643806,1714.0,5.477376609268928e-05,0.00740093008294831
25,TTGCTCACCATGGTGGCGCGGAGGAGTTCGTAGCCGAGGCTAAGAACGCCTCTGG,737.0,0.005511928801136789,599.0,0.004175059768176147,477.0,0.002980411759192727,0.012667400328505662,0.004222466776168553,1813.0,1.6038302017183976e-06,0.001266424179222111
61404,TTGCTCACCATGGTGGCGCGGAGGAGTTCGTAGCCGAGGCGAAGAACGCCGCTGG,0.0,0.0,882.0,0.006147583832272724,1009.0,0.0063044768658814705,0.012452060698154195,0.004150686899384731,1891.0,1.2927305158541765e-05,0.0035954561822586248
127643,TTGCTCACCATGGTGGCGCGAGGCTAAGAACTCCTCTGAGGCAGAAGCCGGAAGG,0.0,0.0,0.0,0.0,1986.0,0.012409009965947078,0.012409009965947078,0.004136336655315692,1986.0,5.1327842778324645e-05,0.007164345244216295
127644,TTGCTCACCATGGTGGCGCGGAGGAGTTCTTAGCCTCTGAGGCAGAAGCCGGAAG,0.0,0.0,0.0,0.0,1901.0,0.011877909337998687,0.011877909337998687,0.003959303112666229,1901.0,4.702824341390548e-05,0.006857714153703512
22,TTGCTCACCATGGTGGCGCGGAGGAGTTCTTAGCCTAGGCTAAGAACTCCTCTGG,953.0,0.007127365193328846,632.0,0.00440507140815914,0.0,0.0,0.011532436601487986,0.003844145533829328,1585.0,1.2935812027138382e-05,0.003596638990382324
127645,TTGCTCACCATGGAGAACTCCTCTGAGGCAGAAGCCGGAAGGGAGCAGAGCCGGC,0.0,0.0,0.0,0.0,1825.0,0.01140304289418601,0.01140304289418601,0.0038010142980620027,1825.0,4.334312908221535e-05,0.006583549884539142
37,TTGCTCACCATGGTGGCGCGGAGGAGTTCGTAGCCGAGGCGAAGAACGCCACTGG,457.0,0.0034178445890359734,704.0,0.004906914986303852,470.0,0.002936674060420507,0.011261433635760333,0.0037538112119201105,1631.0,1.0551175052755442e-06,0.0010271891282892086
10,TTGCTCACCATGGTGGCGCGGAGGAGTTCCTAGGCTAAGAACTCCTCTGAGGCAG,1504.0,0.011248223767855807,0.0,0.0,0.0,0.0,0.011248223767855807,0.0037494079226186015,1504.0,4.217417931058542e-05,0.006494165020276697
132,TTGCTCACCATGGTGGCGCGGAGGAGTTCTTAGCCTTGGTCGCCCGGCCTCA,13.0,9.722533841896643e-05,1592.0,0.011096319116755302,0.0,0.0,0.011193544455174268,0.003731181485058089,1605.0,4.0686302441989486e-05,0.006378581538397819
127646,TTGCTCACCATGGTGGCGCGGAGGAGTTCTTAGCCTACTCCTCTGAGGCAGAAGC,0.0,0.0,0.0,0.0,1767.0,0.011040644818644757,0.011040644818644757,0.0036802149395482515,1767.0,4.0631946003822435e-05,0.006374319258071597
61402,TTGCTCACCATGGTGGCGCGGAGGAGTTCTTGGCTAAGAACTCCTCTGAGGCAGC,0.0,0.0,1560.0,0.010873277526468763,0.0,0.0,0.010873277526468763,0.0036244258421562537,1560.0,3.9409388055870215e-05,0.006277689706880248
12,TTGCTCACCATGGTGGCGCGGAGGAGTTCTTAGCCTCCTCTGAGGCAGAAGCCGG,1389.0,0.010388153466457259,0.0,0.0,0.0,0.0,0.010388153466457259,0.003462717822152419,1389.0,3.5971244147555985e-05,0.005997603200242242
127647,TTGCTCACCATGGTGGCGCGGAGGAGTTCTTAAAGGCTAAGAACTCCTCTGAGGC,0.0,0.0,0.0,0.0,1645.0,0.010278359211471773,0.010278359211471773,0.003426119737157257,1645.0,3.5214889360015556e-05,0.0059342134575708985
61403,TTGCTCACCATGGTGGCGCGGAGGAGTTCTTAAGGCTAAGAACTCCTCTGAGGCC,0.0,0.0,1422.0,0.009911410668358066,0.0,0.0,0.009911410668358066,0.0033038035561193547,1422.0,3.27453538122807e-05,0.005722355617425459
36,TTGCTCACCATGGTGGCGCGGAGGAGTTCAAGAACTCCTCTGAGGCAGAAGCCGG,472.0,0.0035300276718270886,0.0,0.0,977.0,0.0061045331000656065,0.009634560771892696,0.003211520257297565,1449.0,9.392416322281863e-06,0.003064704932335552
33,TTGCTCACCATGGTGGCGCGGAGGAGTTATTAGCCGAGGCGAAGAACGCCTCTGG,546.0,0.004083464213596589,793.0,0.005527249409288288,0.0,0.0,0.009610713622884877,0.003203571207628292,1339.0,8.218280284583376e-06,0.002866754311862699
127648,TTGCTCACCATGAGGCTAAGAACTCCTCTGAGGCAGAAGCCGGAAGGGAGCAGAG,0.0,0.0,0.0,0.0,1487.0,0.009291136867755944,0.009291136867755944,0.003097045622585314,1487.0,2.8775074765124577e-05,0.005364240371676551
55,TTGCTCACCATGGTGGCGCGGAGGAGTTAGTAGCCGAGGCGGAGAACGCCACAGG,255.0,0.0019071124074489566,1053.0,0.007339462330366415,0.0,0.0,0.009246574737815372,0.00308219157927179,1308.0,1.450253511975578e-05,0.0038082194159154985
56,TTGCTCACCATGGTGGCGCGGAGGAGTTCTTAGCCTAGGCTAATAAAGCCTCTGC,254.0,0.0018996335352628824,557.0,0.003882317680925065,553.0,0.0034552782030054046,0.009237229419193351,0.00307907647306445,1364.0,1.0889049115729697e-06,0.0010435060668596851
127649,TTGCTCACCATGGTGGCGCGGAGGAGTTAAGAACTCCTCTGAGGCAGAAGCCGGA,0.0,0.0,0.0,0.0,1476.0,0.00922240619825674,0.00922240619825674,0.003074135399418913,1476.0,2.8350925361881445e-05,0.005324558701139602
62,TTGCTCACCATGGTGGCGCGGAGGAGTTCGTAGCCGAGGCTAAGAACGCCTCTGA,231.0,0.0017276194749831725,431.0,0.0030040914191718187,646.0,0.00403636477240776,0.008768075666562751,0.00292269188885425,1308.0,1.3375456247469772e-06,0.0011565230757520479
127650,TTGCTCACCATGGTGGCGCGGAGGAAGGCTAAGAACTCCTCTGAGGCAGAAGCCG,0.0,0.0,0.0,0.0,1372.0,0.008572588959355181,0.008572588959355181,0.0028575296531183933,1372.0,2.449642715535278e-05,0.004949386543335727
127651,TTGCTCACCATGGTGGCGCGGAAGGCTAAGAACTCCTCTGAGGCAGAAGCCGGAA,0.0,0.0,0.0,0.0,1369.0,0.008553844231309945,0.008553844231309945,0.002851281410436648,1369.0,2.4389417044504806e-05,0.004938564269552924
14,TTGCTCACCATGGTGGCGCGGAGGAGTTAGTATCCGAGGCGAAGAACGCCACTGG,1107.0,0.008279111509984295,0.0,0.0,0.0,0.0,0.008279111509984295,0.002759703836661431,1107.0,2.2847895798251478e-05,0.004779947258940362
47,TTGCTCACCATGGTGGCGCGGAGGAGTTCTTAGCCGAGGCGAAGAACGCCTCTGC,307.0,0.0022960137611248224,415.0,0.0028925706240285494,490.0,0.003061638914055422,0.008250223299208794,0.0027500744330695975,1212.0,1.6177434202835842e-07,0.0004022118123928715
127652,TTGCTCACCATGGTGGCGCGGTAGGCTAAGAACTCCTCTGAGGCAGAAGCCGGAA,0.0,0.0,0.0,0.0,1265.0,0.007904026992408384,0.007904026992408384,0.0026346756641361276,1265.0,2.0824547565573445e-05,0.004563392111749049
73,TTGCTCACCATGGTGGCGCGGAGGAGTTATTAGCCGAGGCTAAGAACGCCTCTGA,172.0,0.0012863660160047864,542.0,0.00377776693547825,449.0,0.002805460964103846,0.007869593915586882,0.0026231979718622936,1163.0,1.576684484143938e-06,0.0012556609750023842
31,TTGCTCACCATGGTGGCGCGGAGGAGTTCTTAGCCGAGGCGAAGAACGCCACTGG,582.0,0.004352703612295266,503.0,0.003505934997316531,0.0,0.0,0.007858638609611796,0.0026195462032039315,1085.0,5.325771004868355e-06,0.002307763203811941
17,TTGCTCACCATGGTGGCGCGGAGGAGTTCTTAGGTTCGGCTTGTACAGCTCGTCC,982.0,0.007344252486725002,0.0,0.0,0.0,0.0,0.007344252486725002,0.002448084162241667,982.0,1.797934819625546e-05,0.004240206150207259
18,TTGCTCACCATGGTGGCGCGGATAAGAACTCCTCTGAGGCAGAAGCCGGAAGGGA,981.0,0.007336773614538927,0.0,0.0,0.0,0.0,0.007336773614538927,0.0024455912048463087,981.0,1.794274902366486e-05,0.004235888221337393
61406,TTGCTCACCATGGTGGCGCGGAGGAGTTCTTAGCCTAGGCTAATTAAGCCTCTGG,0.0,0.0,406.0,0.00282984017676046,721.0,0.004504982973538693,0.007334823150299152,0.002444941050099717,1127.0,5.184828401246532e-06,0.002277021827134411
21,TTGCTCACCATGGTGGCGCGGAGGAGTTCTTAGCCTCGGGCGGCCTCAGTGAGCG,957.0,0.007157280682073143,0.0,0.0,0.0,0.0,0.007157280682073143,0.002385760227357714,957.0,1.7075555587325795e-05,0.004132257928460637
127653,TTGCTCACCATGGTGGCGCGGAGGAGTTCGTAGGCGAGGCGAAGAACGCCGCTGG,0.0,0.0,0.0,0.0,1078.0,0.006735605610921928,0.006735605610921928,0.002245201870307309,1078.0,1.512279431529432e-05,0.003888803712620929
63,TTGCTCACCATGGTGGCGCGGAGGAGTTCTTAGCCGAGGCGAAGAACGCCTCTGA,229.0,0.0017126617306110238,366.0,0.002551038188902287,379.0,0.0023680839763816426,0.0066317838958949524,0.002210594631964984,974.0,1.9432094165784206e-07,0.0004408184906033798
54,TTGCTCACCATGGTGGCGCGGAGGAGTTCGTAGCCGAGGCGAAGAACGCCTCTGC,264.0,0.0019744222571236258,315.0,0.002195565654383116,364.0,0.0022743603361554563,0.006444348247662198,0.002148116082554066,943.0,2.4179309213396286e-08,0.0001554969749332645
46,TTGCTCACCATGGTGGCGCGGAGGAGTTGGTATGCGAGGCGGAGAACAACAAAGG,312.0,0.002333408122055194,244.0,0.001700692125934858,381.0,0.002380580461745134,0.006414680709735186,0.0021382269032450617,937.0,1.4413381842487314e-07,0.00037964959953208584
68,TTGCTCACCATGGTGGCGCGGAGGAGTTCGTAGCCTAGGCTAAGAACGCCTCTGC,191.0,0.001428464587540199,349.0,0.0024325473440625633,389.0,0.0024305664031991003,0.006291578334801862,0.0020971927782672873,929.0,3.3539902583652017e-07,0.0005791364483750959
43,TTGCTCACCATGGTGGCGCGGAGGAGTTGGTATGCGAGGCGGAGAACAACACAGG,340.0,0.0025428165432652755,153.0,0.0010664176035575133,395.0,0.0024680558592895746,0.006077290006112363,0.0020257633353707874,888.0,6.916554648283891e-07,0.0008316582620454084
42,TTGCTCACCATGGTGGCGCGGAGGAGTTCTTAGCCTAGGCGAAGAACGCCTCTGG,356.0,0.002662478498242465,482.0,0.0033595639536909898,0.0,0.0,0.006022042451933454,0.002007347483977818,838.0,3.143564974123527e-06,0.00177301014495787
24,TTGCTCACCATGGTGGCGCGGAGGAGTTCTTAGCCTTAAGAACTCCTCTGAGGCA,799.0,0.005975618876673397,0.0,0.0,0.0,0.0,0.005975618876673397,0.0019918729588911323,799.0,1.1902673653085147e-05,0.0034500251670219954
88,TTGCTCACCATGGTGGCGCGGAGGAGTTCGTAGCCTAGGCTAAGAACGCCTCTGA,131.0,0.0009797322563757384,310.0,0.002160715405900844,425.0,0.0026555031397419476,0.00579595080201853,0.001931983600672843,866.0,7.412906924266362e-07,0.0008609823996032882
26,TTGCTCACCATGGTGGCGCGGAGGAGTTCTTAGCCTAAGAACTCCTCGTGCGGAC,733.0,0.005482013312392491,0.0,0.0,0.0,0.0,0.005482013312392491,0.0018273377707974969,733.0,1.0017489985749497e-05,0.0031650418616109167
72,TTGCTCACCATGGTGGCGCGGAGGAGTTGGTATGCGAGGCGGAGAACGCCACAGG,175.0,0.0013088026325630095,314.0,0.0021885956046866616,298.0,0.0018619763191602362,0.005359374556409907,0.0017864581854699687,787.0,1.977861598365881e-07,0.0004447315592990766
127654,TTGCTCACCGAGCGAGCGCGCAGAGAGGGAGTGGCCAACTCCATCACTAGGGGTT,0.0,0.0,0.0,0.0,822.0,0.005136055484395014,0.005136055484395014,0.0017120184947983378,822.0,8.7930219795947e-06,0.002965303016488315
28,TTGCTCACCATGGTGGCGCGGAGGAGTTGCCCGGGCGGCCTCAGTGAGCGAGCGC,653.0,0.004883703537506544,0.0,0.0,0.0,0.0,0.004883703537506544,0.001627901179168848,653.0,7.950186747417977e-06,0.002819607552021731
29,TTGCTCACCATGGTGGCGCGGAACTCCTCTGAGGCAGAAGCCGGAAGGGAGCAGA,640.0,0.004786478199087577,0.0,0.0,0.0,0.0,0.004786478199087577,0.0015954927330291923,640.0,7.636791183446887e-06,0.0027634744767134883
127655,TTGCTCACCATGGTGGCGCGGAGGAGTTCTTAGCCTAGAACTCCTCTGAGGCAGA,0.0,0.0,0.0,0.0,723.0,0.004517479458902184,0.004517479458902184,0.0015058264863007278,723.0,6.80254022053439e-06,0.0026081679816557807
44,TTGCTCACCATGGTGGCGCGGAGGAGTTAGTATCCGAGGCGGAGAACGCCACAGG,329.0,0.0024605489492184576,264.0,0.0018400931198639446,0.0,0.0,0.0043006420690824025,0.0014335473563608005,593.0,1.6375348762417795e-06,0.0012796620164097158
127656,TTGCTCACCATGGTGGCGCGGAGGAGTTCTTAGCCGGGCGGCCTCAGTGAGCGAG,0.0,0.0,0.0,0.0,674.0,0.004211315567496642,0.004211315567496642,0.0014037718558322137,674.0,5.911726269679855e-06,0.002431404176536648
127657,TTGCTCACCATGGTGGCGCGGAGGAGTTCTTAGCCTGCAGGAACCCCTAGTGATG,0.0,0.0,0.0,0.0,663.0,0.004142584897997438,0.004142584897997438,0.0013808616326658125,663.0,5.720336545705481e-06,0.0023917225059996994
127658,TTGCTCACCATGGTGGCGCGGAGGAGTTCTTAGCCTGGCTAAGAACTCCTCTGAG,0.0,0.0,0.0,0.0,655.0,0.004092598956543472,0.004092598956543472,0.0013641996521811571,655.0,5.583122073033574e-06,0.0023628631092455555
81,TTGCTCACCATGGTGGCGCGGAGGAGTTGGTATGCGAGGCGGAGAACACCACGGG,143.0,0.0010694787226086307,212.0,0.0014776505356483192,224.0,0.00139960636071105,0.003946735618968,0.0013155785396559998,579.0,4.694656327347124e-08,0.0002166715562169415
84,TTGCTCACCATGGTGGCGCGGAGGAGTTGGTAGGCGAGGCGGAGAAAGCCGCTGG,138.0,0.001032084361678259,55.0,0.00038335273330498845,398.0,0.0024868005873348122,0.0039022376823180595,0.0013007458941060195,591.0,1.1602574829104923e-06,0.001077152488234833
105,TTGCTCACCATGGTGGCGCGGAGGAGTTAGTATGCGAGGCGGAGAACAACAAAGG,97.0,0.0007254506020492109,440.0,0.0030668218664399076,4.0,2.4992970726983036e-05,0.0038172654392161012,0.0012724218130720335,541.0,2.5375638869643577e-06,0.0015929732850755401
127659,TTGCTCACCATGGTGGCGCGGAGGAGTTCTTAGCCTCCCGGCCTCAGTGAGCGAG,0.0,0.0,0.0,0.0,608.0,0.0037989315505014215,0.0037989315505014215,0.001266310516833807,608.0,4.810626975131712e-06,0.0021933141533149584
66,TTGCTCACCATGGTGGCGCGGAGGAGTTAGTATCCGAGGCGGAGAACGACACAGG,206.0,0.0015406476703313141,132.0,0.0009200465599319723,156.0,0.0009747258583523384,0.003435420088615625,0.0011451400295385415,494.0,1.1806717686303444e-07,0.0003436090465384089
127660,TTGCTCACCATGGTGGCGCGGAGGAGTTAGTAGCCGAGGCGAAGAACGCCACGGG,0.0,0.0,0.0,0.0,538.0,0.0033615545627792183,0.0033615545627792183,0.0011205181875930726,538.0,3.7666830261805933e-06,0.0019407944317161962
60,TTGCTCACCATGGTGGCGCGGAGGCGTTGGTATGCGAGGCGGAGAACAACAAGGG,239.0,0.0017874504524717672,104.0,0.0007248851684312509,133.0,0.000831016276672186,0.0033433518975752043,0.001114450632525068,476.0,3.425125212703294e-07,0.0005852456930814009
92,TTGCTCACCATGGTGGCGCGGAGGAGTTAGAAAACGAGGCGGAGAACGCCACAGG,120.0,0.0008974646623289208,345.0,0.002404667145276746,3.0,1.8744728045237275e-05,0.0033208765356509042,0.001106958845216968,468.0,1.4560723047599095e-06,0.0012066782109410568
77,TTGCTCACCATGGTGGCGCGGAGGAGTTAGTAAACGAGGCGGAGAACGCCACAGG,153.0,0.001144267444469374,0.0,0.0,347.0,0.002168140210565778,0.0033124076550351523,0.0011041358850117174,500.0,1.176415899716432e-06,0.0010846270786387512
127661,TTGCTCACCATGGTGGAGGCTAAGAACTCCTCTGAGGCAGAAGCCGGAAGGGAGC,0.0,0.0,0.0,0.0,529.0,0.0033053203786435064,0.0033053203786435064,0.0011017734595478352,529.0,3.641714268492017e-06,0.0019083276103677841
64,TTGCTCACCATGGTGGCGCGGAGGAGTTGGTATCCGAGGCGGAGAACGCCACAGG,217.0,0.0016229152643781317,241.0,0.0016797819768454949,0.0,0.0,0.0033026972412236264,0.0011008990804078753,458.0,9.097925446788909e-07,0.0009538304590853087
38,TTGCTCACCATGGTGGCGCGGATAAGAACTCCTCTGAGGCAGAAGCCGGAAGGGC,439.0,0.003283224889686635,0.0,0.0,0.0,0.0,0.003283224889686635,0.0010944082965622115,439.0,3.5931885587526053e-06,0.001895570773870658
127662,TTGCTCACCATGGTGGCGCGGAGGAGTTCTTTTAGGCTAAGAACTCCTCTGAGGC,0.0,0.0,0.0,0.0,520.0,0.003249086194507795,0.003249086194507795,0.001083028731502598,520.0,3.518853699780381e-06,0.001875860789019372
61409,TTGCTCACCATGGTGGCGCGGAGGAGTTCTTAGCCTAGGCTAATAACGCCTCTGG,0.0,0.0,202.0,0.0014079500386837758,294.0,0.001836983348433253,0.0032449333871170287,0.0010816444623723428,496.0,9.234834524542138e-07,0.0009609804641376504
50,TTGCTCACCATGGTGGCGCGGAGGAGTTGGTAAGCGAGGCGGAGAACAACAAAGG,302.0,0.002258619400194451,120.0,0.0008364059635745203,0.0,0.0,0.003095025363768971,0.0010316751212563235,422.0,1.303937931690006e-06,0.00114190101659032
39,TTGCTCACCATGGTGGCGCGGAACTCCTCTGAGGCAGAAGCCGGAAGGGAGCAGC,412.0,0.0030812953406626283,0.0,0.0,0.0,0.0,0.0030812953406626283,0.0010270984468875425,412.0,3.1647936587964077e-06,0.001778986694384308
127663,TTGCTCACCATGGTGGCGCGGAGGAGTTAGTAGGCGAGGCGAAGAACGCCGCGGG,0.0,0.0,0.0,0.0,474.0,0.00296166703114749,0.00296166703114749,0.0009872223437158297,474.0,2.9238238677953294e-06,0.0017099192576830432
41,TTGCTCACCATGGTGGCGCGGAGGAGTTATTAGCCGAGGCTAAGAACGCCTCTGG,389.0,0.0029092812803829184,0.0,0.0,0.0,0.0,0.0029092812803829184,0.000969760426794306,389.0,2.821305856128825e-06,0.0016796743303774172
127664,TTGCTCACCATGGTGGCGCGGAGGAGTTCGTAGCCAGGCTAAGAACTCCTCTGAG,0.0,0.0,0.0,0.0,463.0,0.0028929363616482864,0.0028929363616482864,0.0009643121205494287,463.0,2.7896935975156086e-06,0.0016702375871460947
61405,TTGCTCACCATGGTGGCGCGGAGGAGTTCTTAGCCTTGTTCGGCATGGGCGAGCT,0.0,0.0,408.0,0.002843780276153369,0.0,0.0,0.002843780276153369,0.0009479267587177895,408.0,2.6956954196796443e-06,0.001641857307953296
127665,TTGCTCACCATGGTGGCGCGGAGGAGTTCTTAGCCTGCCCGGCCTCAGTGAGCGC,0.0,0.0,0.0,0.0,442.0,0.0027617232653316254,0.0027617232653316254,0.0009205744217772083,442.0,2.542371798091325e-06,0.0015944816706664662
80,TTGCTCACCATGGTGGCGCGGAGGAGTTCTTAGCCTAGGCTAATAACTCCTCTGC,144.0,0.001076957594794705,234.0,0.0016309916289703145,0.0,0.0,0.0027079492237650194,0.0009026497412550063,378.0,6.878208442970227e-07,0.0008293496514118895
104,TTGCTCACCATGGTGGCGCGGAGGAGTTGGTATGCGAGGCGGAGAACACCACAGG,98.0,0.0007329294742352853,279.0,0.0019446438653107597,4.0,2.4992970726983036e-05,0.0027025663102730278,0.0009008554367576758,381.0,9.424142359358771e-07,0.0009707802202022233
59,TTGCTCACCATGGTGGCGCGGAGGAGTTGGTAAGCGAGGCGGAGAACGCCACAGG,240.0,0.0017949293246578416,125.0,0.000871256212056792,0.0,0.0,0.0026661855367146334,0.000888728512238211,365.0,8.056717810843861e-07,0.0008975922131371161
83,TTGCTCACCATGGTGGCGCGGAGGAGTTAGTATGCGAGGCGGAGAACAACACAGG,139.0,0.0010395632338643334,157.0,0.0010942978023433308,71.0,0.0004436252304039489,0.0025774862666116134,0.0008591620888705377,367.0,1.3025212880485688e-07,0.0003609045979270102
127666,TTGCTCACCATGGTGGCGCGGAGGAGTTAGTAGGCGAGGCGAAGAACGCCACGGG,0.0,0.0,0.0,0.0,401.0,0.0025055453153800494,0.0025055453153800494,0.0008351817717933497,401.0,2.0925857758076373e-06,0.0014465772623014773
113,TTGCTCACCATGGTGGCGCGGAGGAGTTGGTATGCGAGGCGGAGAACAACACGGG,71.0,0.0005309999252112781,36.0,0.0002509217890723561,264.0,0.0016495360679808803,0.0024314577822645146,0.0008104859274215047,371.0,5.476147943652939e-07,0.0007400099961252509
127667,TTGCTCACCATGGTGGCGCGGAGGAGTTCGTAGCCGAGGCGAAGAACGCCTCTGA,0.0,0.0,0.0,0.0,380.0,0.0023743322190633884,0.0023743322190633884,0.0007914440730211294,380.0,1.8791511621608245e-06,0.0013708213458218487
45,TTGCTCACCATGGTGGCGCGGAGGAGTTAGTAGGCGAGGCGGAGAACGCCACGGG,314.0,0.002348365866427343,0.0,0.0,0.0,0.0,0.002348365866427343,0.0007827886221424476,314.0,1.8382740808670147e-06,0.001355829665137555
574,TTGCTCACCATGGTGGCGCGGAGGCGTTGGTAGGCGAGGCGGAGCACGCCGCGGG,2.0,1.495774437214868e-05,142.0,0.0009897470568965157,211.0,0.0013183792058483552,0.0023230840071170196,0.0007743613357056731,355.0,4.5952013322886707e-07,0.0006778791435269764
127668,TTGCTCACCATGGAGAACTACTCTGAGGCAGAAGCCGGAAGGGAGCAGAGCCGGC,0.0,0.0,0.0,0.0,366.0,0.002286856821518948,0.002286856821518948,0.0007622856071729825,366.0,1.7432380407092482e-06,0.0013203174015020964
49,TTGCTCACCATGGTGGCGCGGAGGAGTTAGTAACCGAGGCGGAGAACGCCACAGG,303.0,0.002266098272380525,0.0,0.0,0.0,0.0,0.002266098272380525,0.0007553660907935083,303.0,1.711733793362e-06,0.0013083324475690419
48,TTGCTCACCATGGTGGCGCGGAGGAGTTAGTAACCGAGGCGAAGAACGCCACAGG,303.0,0.002266098272380525,0.0,0.0,0.0,0.0,0.002266098272380525,0.0007553660907935083,303.0,1.711733793362e-06,0.0013083324475690419
51,TTGCTCACCATGGTGGCGCGGAGGAGTTGCCCGGGCGGCCTCAGTGAGCGAGCGA,295.0,0.0022062672948919304,0.0,0.0,0.0,0.0,0.0022062672948919304,0.0007354224316306433,295.0,1.6225384588365855e-06,0.0012737890166101234
53,TTGCTCACCATGGTGGCGCGGAGGAGTTCTTAGCCTGGTCGCCCGGCCTCAGTGC,291.0,0.002176351806147633,0.0,0.0,0.0,0.0,0.002176351806147633,0.0007254506020492109,291.0,1.5788357280406881e-06,0.0012565173011306642
52,TTGCTCACCATGGTGGCGCGGAGGAGTTCAGGCTAAGAACTCCTCTGAGGCAGAC,291.0,0.002176351806147633,0.0,0.0,0.0,0.0,0.002176351806147633,0.0007254506020492109,291.0,1.5788357280406881e-06,0.0012565173011306642
75,TTGCTCACCATGGTGGCGCGGAGGAGTTAGAAAACGAGGCTGAGAACGCCTCAGG,158.0,0.0011816618053997457,137.0,0.000954896808414244,0.0,0.0,0.0021365586138139894,0.000712186204604663,295.0,3.9326248348635507e-07,0.0006271064371271874
89,TTGCTCACCATGGTGGCGCGGAGGAGTTAGTAGGCGAGGCGGAGAACGCCGCGGG,129.0,0.0009647745120035899,160.0,0.0011152079514326937,0.0,0.0,0.0020799824634362835,0.0006933274878120944,289.0,3.6618480894149e-07,0.0006051320590924679
127669,TTGCTCACCATGGTGGCGCGGAGGAGTTCTTAGCCTGTCGCCCGGCCTCAGTGAG,0.0,0.0,0.0,0.0,316.0,0.00197444468743166,0.00197444468743166,0.0006581482291438865,316.0,1.2994772745757018e-06,0.0011399461717886954
61415,TTGCTCACCATGGTGGCGCGGAGGAGTTGGTATCCGAGGCGGAGAACACCACAGG,0.0,0.0,131.0,0.000913076510235518,160.0,0.0009997188290793214,0.0019127953393148394,0.0006375984464382796,291.0,3.067755570290388e-07,0.0005538732319123563
57,TTGCTCACCATGGTGGCGCGGAGGAGTTCTTAGCCTGTTGTTTTAGAGCTAGAAA,254.0,0.0018996335352628824,0.0,0.0,0.0,0.0,0.0018996335352628824,0.0006332111784209607,254.0,1.2028691894317855e-06,0.0010967539329456656
58,TTGCTCACCATGGTGGCGCGGAGGAGTTCTTAGCCTCAGAGCGCGCAGAGAGGGA,250.0,0.001869718046518585,0.0,0.0,0.0,0.0,0.001869718046518585,0.0006232393488395283,250.0,1.1652818578257578e-06,0.0010794822174662062
127670,TTGCTCACCATGGTGGCGCGGAGGAGTTCGGTCGCCCGGCCTCAGTGAGCGAGCG,0.0,0.0,0.0,0.0,294.0,0.001836983348433253,0.001836983348433253,0.0006123277828110843,294.0,1.1248359408070155e-06,0.0010605828307147988
61,TTGCTCACCATGGTGGCGCGGAGGAGTTCTTAGCCTGGTCGCCCGGCCTCAGTGA,233.0,0.0017425772193553212,0.0,0.0,0.0,0.0,0.0017425772193553212,0.0005808590731184403,233.0,1.012191788472041e-06,0.0010060774266785041
109,TTGCTCACCATGGTGGCGCGGAGGAGTTGGTAAGCGAGGCGGAGAACAACACAGG,86.0,0.0006431830080023932,154.0,0.0010733876532539677,0.0,0.0,0.001716570661256361,0.0005721902204187869,240.0,2.9182024545618327e-07,0.0005402038924852201
111,TTGCTCACCATGGTGGCGCGGAGGAGTTGGTAAGCGAGGCGGAGAACACCAAAGG,73.0,0.0005459576695834268,167.0,0.0011639982993078741,0.0,0.0,0.001709955968891301,0.0005699853229637669,240.0,3.391560062931302e-07,0.0005823710211653137
79,TTGCTCACCATGGTGGCGCGGAGGAGTTGGTATGCAAGGCGGAGAACAACAAAGG,147.0,0.001099394211352928,78.0,0.0005436638763234382,0.0,0.0,0.0016430580876763664,0.0005476860292254554,225.0,3.021790412745571e-07,0.0005497081419030985
74,TTGCTCACCATGGTGGCGCGGAGGAGTTCGTAGCAGGCTAAGAACTCCGCTGAGG,159.0,0.0011891406775858201,0.0,0.0,72.0,0.00044987347308569464,0.0016390141506715148,0.0005463380502238382,231.0,3.604929487541465e-07,0.0006004106501005345
61407,TTGCTCACCATGGTGGCGCGGAGGAGTTGGTATGCGAGGCGGAGAACGGCACAGG,0.0,0.0,234.0,0.0016309916289703145,0.0,0.0,0.0016309916289703145,0.0005436638763234381,234.0,8.867112312570799e-07,0.0009416534560320372
65,TTGCTCACCATGGTGGCGCGGAGGAGTTCTTAGCCTAGCCCGGGCGGCCTCA,215.0,0.001607957520005983,0.0,0.0,0.0,0.0,0.001607957520005983,0.0005359858400019943,215.0,8.618424620479302e-07,0.0009283547070209373
231,TTGCTCACCATGGTGGCGCGGAGGAGTTGGTATGCGAGGGGGAGAACAACAAAGG,3.0,2.243661655822302e-05,217.0,0.001512500784130591,4.0,2.4992970726983036e-05,0.0015599303714157972,0.0005199767904719323,224.0,7.388295422277587e-07,0.0008595519427165287
127671,TTGCTCACCATGGTGGCGCGGAGGAGTTCTTAGCCTCGAGCGGCCGCAGGAACCC,0.0,0.0,0.0,0.0,237.0,0.001480833515573745,0.001480833515573745,0.0004936111718579149,237.0,7.309559669488323e-07,0.0008549596288415216
135,TTGCTCACCATGGTGGCGCGGAGGAGATAGTATGCGAGGCGGAGAACAACAAAGG,4.0,2.991548874429736e-05,204.0,0.0014218901380766845,0.0,0.0,0.0014518056268209819,0.00048393520894032723,208.0,6.600433209350943e-07,0.0008124305022185554
91,TTGCTCACCATGGTGGCGCGGAGGAGTTGGTATGCGAGGGGGAGAACAACACAGG,127.0,0.0009498167676314412,70.0,0.0004879034787518035,0.0,0.0,0.0014377202463832447,0.00047924008212774815,197.0,2.2559426384925906e-07,0.00047496764505517537
67,TTGCTCACCATGGTGGCGCGGAGGAGTTGGAAAACGAGGCGGAGAACACCACAGG,192.0,0.0014359434597262732,0.0,0.0,0.0,0.0,0.0014359434597262732,0.00047864781990875765,192.0,6.873112065102198e-07,0.0008290423430140464
70,TTGCTCACCATGGTGGCGCGGAGGAGTTGGTAGGCGAGGCGGAGAACACCACAGG,187.0,0.0013985490987959016,0.0,0.0,4.0,2.4992970726983036e-05,0.0014235420695228847,0.00047451402317429483,191.0,6.405367778807113e-07,0.0008003354158605699
61408,TTGCTCACCATGGTGGCGCGGAGGAGTTGGTAGGCGAGGCGGAGAAAGCCACAGG,0.0,0.0,204.0,0.0014218901380766845,0.0,0.0,0.0014218901380766845,0.00047396337935889476,204.0,6.739238549199111e-07,0.000820928653976648
61410,TTGCTCACCATGGTGGCGCGGAGGAGTTGGTATGCGAGGCGGAGAACGACACAGG,0.0,0.0,201.0,0.0014009799889873214,0.0,0.0,0.0014009799889873214,0.0004669933296624404,201.0,6.542483098476384e-07,0.000808856173771109
69,TTGCTCACCATGGTGGCGCGGAGGAGTTCTTAGCCGAGGCGAAGAACGCCTCTGT,187.0,0.0013985490987959016,0.0,0.0,0.0,0.0,0.0013985490987959016,0.0004661830329319671,187.0,6.519798605809428e-07,0.0008074526986647223
115,TTGCTCACCATGGTGGCGCGGAGGAGTTGGTATGCGAGGCGGAGAACACCAAGGG,65.0,0.0004861266920948321,120.0,0.0008364059635745203,4.0,2.4992970726983036e-05,0.0013475256263963357,0.00044917520879877846,189.0,1.656218203287833e-07,0.00040696660837074005
71,TTGCTCACCATGGTGGCGCGGAGGAGTTCGTAGCCTAGGCTAAGAACGCCTCTGG,179.0,0.0013387181213073069,0.0,0.0,0.0,0.0,0.0013387181213073069,0.0004462393737691022,179.0,5.973887361055218e-07,0.0007729092677058037
94,TTGCTCACCATGGTGGCGCGGAGGAGTTAGTATGCGAGGCGGAGAACGACAAAGG,117.0,0.0008750280457706978,0.0,0.0,72.0,0.00044987347308569464,0.0013249015188563924,0.00044163383961879737,189.0,1.9146943889107321e-07,0.00043757220991634424
246,TTGCTCACCATGGTGGCGCGGAGGCGTTGGTATGCGAGGCGGAGAACAACACGGG,3.0,2.243661655822302e-05,99.0,0.0006900349199489793,95.0,0.0005935830547658471,0.0013060545912730493,0.0004353515304243497,197.0,1.3019978514412943e-07,0.00036083207333069693
125,TTGCTCACCATGGTGGCGCGGAGGAGTTAGTATGCGAGGCGGAGAACACCACAGG,38.0,0.0002841971430708249,48.0,0.00033456238542980813,108.0,0.0006748102096285419,0.001293569738129175,0.0004311899127097249,194.0,4.514730121257917e-08,0.00021247894298630904
434,TTGCTCACCATGGTGGCGCGGAGGAGTTGGTAGGCGAGGCGGAGAAAGGCGCTGG,2.0,1.495774437214868e-05,112.0,0.0007806455660028856,74.0,0.0004623699584491862,0.0012579732688242204,0.0004193244229414067,188.0,1.479591486437694e-07,0.0003846545835470694
61411,TTGCTCACCATGGTGGCGCGGAGGAGTTATTAGCCTAGGCTAAGAACTCCTCTGA,0.0,0.0,179.0,0.0012476388956653261,0.0,0.0,0.0012476388956653261,0.000415879631888442,179.0,5.188676046589981e-07,0.0007203246522638234
76,TTGCTCACCATGGTGGCGCGGAGGAGTTCTTAGCCTCAGAGCGCGCAGAGAGGGG,154.0,0.0011517463166554483,0.0,0.0,0.0,0.0,0.0011517463166554483,0.0003839154388851494,154.0,4.421731926431307e-07,0.000664961045959183
61412,TTGCTCACCATGGTGGCGCGGAGGAGTTAGTAGGCGAGGCGGAGCACACCACGGG,0.0,0.0,165.0,0.0011500581999149655,0.0,0.0,0.0011500581999149655,0.00038335273330498845,165.0,4.408779543972169e-07,0.0006639864113046418
141,TTGCTCACCATGGTGGCGCGGAGGAGTTAGTAAGCGAGGCGGAGAACAACAAAGG,4.0,2.991548874429736e-05,0.0,0.0,178.0,0.001112187197350745,0.0011421026860950424,0.0003807008953650141,182.0,4.015278916112725e-07,0.0006336622851419141
127672,TTGCTCACCACGGCTAAGAACTCCTCTGAGGCAGAAGCCGGAAGGGAGCAGAGCC,0.0,0.0,0.0,0.0,182.0,0.0011371801680777282,0.0011371801680777282,0.00037906005602590935,182.0,4.310595782230966e-07,0.0006565512761567802
78,TTGCTCACCATGGTGGCGCGGAGGAGTTGGTAACCGAGGCGGAGAACGCCACAGG,152.0,0.0011367885722832996,0.0,0.0,0.0,0.0,0.0011367885722832996,0.0003789295240944332,152.0,4.307627526913009e-07,0.0006563251882194534
61413,TTGCTCACCATGGTGGCGCGGAGGAGTTAGTATCCGAGGCGAAGAACAACAAAGG,0.0,0.0,156.0,0.0010873277526468764,0.0,0.0,0.0010873277526468764,0.0003624425842156254,156.0,3.940938805587022e-07,0.0006277689706880249
82,TTGCTCACCATGGTGGCGCGGAGGAGTTAGTATCCGAGGCGGAGAACAACAAAGG,141.0,0.001054520978236482,4.0,2.7880198785817343e-05,0.0,0.0,0.0010824011770222994,0.0003608003923407664,145.0,3.611305148427053e-07,0.0006009413572410417
61414,TTGCTCACCATGGTGGCGCGGAGGAGTTAGTAAGCGAGGCGGAGAACGACACAGG,0.0,0.0,153.0,0.0010664176035575133,0.0,0.0,0.0010664176035575133,0.000355472534519171,153.0,3.7908216839244985e-07,0.0006156964904824859
122,TTGCTCACCATGGTGGCGCGGAGGAGTTGGTATGCGAGGCGGAGAACAACAAGGG,44.0,0.00032907037618727094,42.0,0.0002927420872510821,68.0,0.00042488050235871163,0.0010466929657970646,0.00034889765526568815,154.0,4.659980933529138e-09,6.826405301129679e-05
114,TTGCTCACCATGGTGGCGCGGAGGAGTTGGTATCCGAGGCGGAGAACAACACAGG,70.0,0.0005235210530252038,74.0,0.0005157836775376209,0.0,0.0,0.0010393047305628247,0.0003464349101876082,144.0,9.00278269923811e-08,0.0003000463747362749
61442,TTGCTCACCATGGTGGCGCGGAGGAGTTAGTATCCGAGGCGGAGAACAACACAGG,0.0,0.0,58.0,0.00040426288239435145,100.0,0.0006248242681745759,0.0010290871505689273,0.0003430290501896424,158.0,1.0041352817982943e-07,0.00031688093691452856
85,TTGCTCACCATGGTGGCGCGGAGGAGTTAGTAGCCGAGGCGGAGAACGCCACGGG,137.0,0.0010246054894921847,0.0,0.0,0.0,0.0,0.0010246054894921847,0.0003415351631640615,137.0,3.499388030325065e-07,0.0005915562551714811
148,TTGCTCACCATGGTGGCGCGGAGGAGTTAGTATGCGAGGCGAAGAACAACAAGGG,4.0,2.991548874429736e-05,0.0,0.0,158.0,0.00098722234371583,0.0010171378324601273,0.0003390459441533757,162.0,3.1532321782901223e-07,0.0005615364795175931
86,TTGCTCACCATGGTGGCGCGGAGGAGTTAGTAAGCGAGGCGAAGAACGACACAGG,136.0,0.0010171266173061102,0.0,0.0,0.0,0.0,0.0010171266173061102,0.00033904220576870336,136.0,3.4484885187752347e-07,0.0005872383263016162
90,TTGCTCACCATGGTGGCGCGGAGGAGTTAGTATGCGAGGCGGAGAACAACAAGGG,128.0,0.0009572956398175155,4.0,2.7880198785817343e-05,4.0,2.4992970726983036e-05,0.001010168809330316,0.0003367229364434386,136.0,2.8883494415122345e-07,0.0005374336648845357
87,TTGCTCACCATGGTGGCGCGGAGGCGTTGGTAGGCGAGGCGGAGAACGCCACGGG,134.0,0.0010021688729339616,0.0,0.0,0.0,0.0,0.0010021688729339616,0.00033405629097798715,134.0,3.3478081662590894e-07,0.0005786024685618866
242,TTGCTCACCATGGTGGCGCGGAGGCGTTAGTATGCGAGGCGGAGAACAACAAGGG,3.0,2.243661655822302e-05,137.0,0.000954896808414244,0.0,0.0,0.000977333424972467,0.0003257778083241556,140.0,2.969688876464096e-07,0.0005449485183449989
127673,TTGCTCACCATGGTGGCGCGGAGGAGTTCTTAGCCTGCCCGGCCTCAGTGAGCGA,0.0,0.0,0.0,0.0,155.0,0.0009684776156705927,0.0009684776156705927,0.0003228258718901975,155.0,3.126496306849987e-07,0.0005591508121115436
61426,TTGCTCACCATGGTGGCGCGGAGGAGTTGGTATGCGAGGCGGAGAAAGCCACTGG,0.0,0.0,85.0,0.0005924542241986185,60.0,0.0003748945609047455,0.0009673487851033641,0.00032244959503445464,145.0,8.981335777654871e-08,0.0002996887681855106
170,TTGCTCACCATGGTGGCGCGGAGGCGTTAGTAGGCGTGGCGGAGCACGCCGCGGG,4.0,2.991548874429736e-05,130.0,0.0009061064605390636,0.0,0.0,0.000936021949283361,0.00031200731642778696,134.0,2.6493907889201615e-07,0.0005147223318372889
430,TTGCTCACCATGGTGGCGCGGAGGAGTTGGTAGGCGAGGCGGAGAAAGCCGCAGC,2.0,1.495774437214868e-05,0.0,0.0,144.0,0.0008997469461713893,0.000914704690543538,0.0003049015635145126,146.0,2.654367054803301e-07,0.0005152054983017263
431,TTGCTCACCATGGTGGCGCGGAGGAGTTGGTAGGCGAGGCGGAGAAAGCCGCAGG,2.0,1.495774437214868e-05,0.0,0.0,142.0,0.0008872504608078978,0.0009022082051800465,0.0003007360683933488,144.0,2.580552829112313e-07,0.0005079914201157646
61416,TTGCTCACCATGGTGGCGCGGAGGAGTTAGTAAACGAGGCTGAGAACGCCTCATG,0.0,0.0,129.0,0.0008991364108426093,0.0,0.0,0.0008991364108426093,0.0002997121369475364,129.0,2.694820951009765e-07,0.0005191166488381744
61417,TTGCTCACCATGGTGGCGCGGAGGAGTTAGTATCCGAGGCGGAGAACACCACGGG,0.0,0.0,126.0,0.0008782262617532463,0.0,0.0,0.0008782262617532463,0.0002927420872510821,126.0,2.5709378894436054e-07,0.0005070441686326355
95,TTGCTCACCATGGTGGCGCGGAGGAGTTCTTAGCCTGGTCGCCCGGCCTCAGTGG,117.0,0.0008750280457706978,0.0,0.0,0.0,0.0,0.0008750280457706978,0.00029167601525689925,117.0,2.5522469362842884e-07,0.0005051976777741846
93,TTGCTCACCATGGTGGCGCGGAGGAGTTAGTATCCGAGGCGAAGAACGCCACAGG,117.0,0.0008750280457706978,0.0,0.0,0.0,0.0,0.0008750280457706978,0.00029167601525689925,117.0,2.5522469362842884e-07,0.0005051976777741846
118,TTGCTCACCATGGTGGCGCGGAGGAGTTAGTATGCGAGGGGGAGAACAACACAGG,59.0,0.00044125345897838607,62.0,0.00043214308118016883,0.0,0.0,0.0008733965401585548,0.0002911321800528516,121.0,6.358920944265107e-08,0.00025216900967932413
127674,TTGCTCACCATGGTGGCGCGGAGGAGTTCTTAGCCTCTGCGCGCTCGCTCGCTCA,0.0,0.0,0.0,0.0,137.0,0.000856009247399169,0.000856009247399169,0.00028533641579972296,137.0,2.442506105442972e-07,0.0004942171694147192
61418,TTGCTCACCATGGTGGCGCGGAGGAGTTAGTAAGCGAGGCGGAGAACAACACAGG,0.0,0.0,122.0,0.000850346062967429,0.0,0.0,0.000850346062967429,0.00028344868765580963,122.0,2.410294756014022e-07,0.0004909475283585836
96,TTGCTCACCATGGTGGCGCGGAGGAGCCTCAGTGAGCGAGCGAGCGCGCAGAGAG,113.0,0.0008451125570264005,0.0,0.0,0.0,0.0,0.0008451125570264005,0.0002817041856754668,113.0,2.3807174468123362e-07,0.00048792596229472524
127675,TTGCTCACCATGGTGGCGCGGAGGAGTTGGTATGCGAGGGGGAGAACGACACAGG,0.0,0.0,0.0,0.0,135.0,0.0008435127620356774,0.0008435127620356774,0.00028117092067855913,135.0,2.3717125990568584e-07,0.00048700232022618313
97,TTGCTCACCATGGTGGCGCGGAGGAGTTAGTATCCGAGGCGGAGAACGACAAAGG,107.0,0.0008002393239099544,0.0,0.0,4.0,2.4992970726983036e-05,0.0008252322946369374,0.00027507743154564577,111.0,2.0700242204018625e-07,0.000454975188378648
98,TTGCTCACCATGGTGGCGCGGAGGAGTTCTTAGCCTAGGCTAAGAACTACTCTGA,106.0,0.0007927604517238801,0.0,0.0,0.0,0.0,0.0007927604517238801,0.00026425348390796,106.0,2.0948971127248345e-07,0.0004577004602056715
127676,TTGCTCACCATGGTGGCGCGGAGGAGTTAGAAACCGAGGCGGAGAACGCCACAGG,0.0,0.0,0.0,0.0,125.0,0.0007810303352182199,0.0007810303352182199,0.0002603434450727399,125.0,2.033361281770283e-07,0.00045092807428350287
103,TTGCTCACCATGGTGGCGCGGAGGAGTTAGTATGCGAGGCGGAGAACAACACTGG,101.0,0.0007553660907935084,0.0,0.0,4.0,2.4992970726983036e-05,0.0007803590615204914,0.0002601196871734971,105.0,1.841079123703563e-07,0.00042907797935848015
100,TTGCTCACCATGGTGGCGCGGAGGAGTTAGTATCCGAGGCGGAGAACACCACAGG,104.0,0.0007778027073517314,0.0,0.0,0.0,0.0,0.0007778027073517314,0.00025926756911724377,104.0,2.0165901718789433e-07,0.00044906460246594177
99,TTGCTCACCATGGTGGCGCGGAGGAGTTAGTAGGCGAGGCGAAGAACAACACTGT,104.0,0.0007778027073517314,0.0,0.0,0.0,0.0,0.0007778027073517314,0.00025926756911724377,104.0,2.0165901718789433e-07,0.00044906460246594177
102,TTGCTCACCATGGTGGCGCGGAGGAGTTAGAAAACGAGGCGGAGAACGCCTCAGG,101.0,0.0007553660907935084,0.0,0.0,3.0,1.8744728045237275e-05,0.0007741108188387457,0.0002580369396129152,104.0,1.855900546678794e-07,0.00043080164190480917
101,TTGCTCACCATGGTGGCGCGGAGGAGTTCTTAGCCTCAGAGCGCGCAGAGAGGGC,102.0,0.0007628449629795827,0.0,0.0,0.0,0.0,0.0007628449629795827,0.00025428165432652756,102.0,1.93977479181107e-07,0.0004404287447262122
61420,TTGCTCACCATGGTGGCGCGGAGGCGTTATTAGCCGAGGCGGAGCACGCCGCGGG,0.0,0.0,109.0,0.0007597354169135226,0.0,0.0,0.0007597354169135226,0.0002532451389711742,109.0,1.9239930123758804e-07,0.0004386334474679149
61419,TTGCTCACCATGGTGGCGCGGAGGAGTTAGTAGGCGAGGCGGAGAACGACAAGGG,0.0,0.0,109.0,0.0007597354169135226,0.0,0.0,0.0007597354169135226,0.0002532451389711742,109.0,1.9239930123758804e-07,0.0004386334474679149
336,TTGCTCACCATGGTGGCGCGGAGGAGTTAGTAGCCGGGGGAAGAACTCCTCAGAG,2.0,1.495774437214868e-05,0.0,0.0,116.0,0.000724796151082508,0.0007397538954546567,0.0002465846318182189,118.0,1.7157062639697032e-07,0.0004142108477538587
161,TTGCTCACCATGGTGGCGCGGAGGAGTTGGTAGGCGAGGCGGAGCACGCCGCGGG,4.0,2.991548874429736e-05,101.0,0.0007039750193418879,0.0,0.0,0.0007338905080861853,0.0002446301693620617,105.0,1.584720025189443e-07,0.00039808542113338474
120,TTGCTCACCATGGTGGCGCGGAGGAGTTGGTATGCGAGGCGGAGAACGCCACGGG,47.0,0.00035150699274549396,52.0,0.00036244258421562546,0.0,0.0,0.0007139495769611195,0.00023798319232037313,99.0,4.2506896660447184e-08,0.00020617200746087522
61421,TTGCTCACCATGGTGGCGCGGAGGAGTTAGTAAACGAGGCGGAGAACGCCACATG,0.0,0.0,99.0,0.0006900349199489793,0.0,0.0,0.0006900349199489793,0.00023001163998299305,99.0,1.5871606358299808e-07,0.00039839184678278506
106,TTGCTCACCATGGTGGCGCGGAGGAGTTCTTAGCCTCAGAGCGCGCAGAGAGGGT,92.0,0.0006880562411188392,0.0,0.0,0.0,0.0,0.0006880562411188392,0.00022935208037294639,92.0,1.578071303141954e-07,0.0003972494560275639
107,TTGCTCACCATGGTGGCGCGGAGGAGTTGGTATACGAGGCGGAGAACGCCACAGG,89.0,0.0006656196245606162,0.0,0.0,0.0,0.0,0.0006656196245606162,0.00022187320818687205,89.0,1.4768316153340522e-07,0.0003842956694179694
108,TTGCTCACCATGGTGGCGCGGAGGAGTTGGTAAGCGAGGGGGAGAACAACACAGG,88.0,0.0006581407523745419,0.0,0.0,0.0,0.0,0.0006581407523745419,0.00021938025079151392,88.0,1.443830833120427e-07,0.0003799777405481046
61422,TTGCTCACCATGGTGGCGCGGAGGAGTTAGTATGCGAGGCGGAGAACACCACGGG,0.0,0.0,93.0,0.0006482146217702533,0.0,0.0,0.0006482146217702533,0.0002160715405900844,93.0,1.400607319589175e-07,0.00037424688637170716
127677,TTGCTCACCATGGTGGCGCGGAGGAGTTCTTAGCCTCTGCGCGCTCGCTCGCTCC,0.0,0.0,0.0,0.0,103.0,0.0006435689962198132,0.0006435689962198132,0.0002145229987399377,103.0,1.3806035096512597e-07,0.0003715647332096064
61423,TTGCTCACCATGGTGGCGCGGAGGAGTTAGTAACCGAGGCTGAGAACGCCACAGG,0.0,0.0,92.0,0.0006412445720737989,0.0,0.0,0.0006412445720737989,0.00021374819069126629,92.0,1.3706486707136984e-07,0.0003702227263031942
127678,TTGCTCACCATGGTGGCGCGGAGGAGTTAGTATCCGAGGCGAAGAACGACAAAGG,0.0,0.0,0.0,0.0,101.0,0.0006310725108563216,0.0006310725108563216,0.00021035750361877385,101.0,1.327508379861674e-07,0.00036434988402107035
127679,TTGCTCACCATGGTGGCGCGGAGGAGTTGGTAGGCGAGGCGAAGAAAGACACTGA,0.0,0.0,0.0,0.0,100.0,0.0006248242681745759,0.0006248242681745759,0.00020827475605819196,100.0,1.3013512203329812e-07,0.0003607424594268023
127680,TTGCTCACCATGGTGGCGCGGAGGAGTTGGTATGCGAGGCGGAGAAAGGCGCTGG,0.0,0.0,0.0,0.0,100.0,0.0006248242681745759,0.0006248242681745759,0.00020827475605819196,100.0,1.3013512203329812e-07,0.0003607424594268023
61425,TTGCTCACCATGGTGGCGCGGAGGAGTTAGAAACCGAGGCGGAGAACGCCTCAGG,0.0,0.0,89.0,0.0006203344229844358,0.0,0.0,0.0006203344229844358,0.00020677814099481193,89.0,1.2827159877981098e-07,0.00035815024609765517
61424,TTGCTCACCATGGTGGCGCGGAGGAGATAGTATGCGAGGCGGAGAACACCACGGG,0.0,0.0,89.0,0.0006203344229844358,0.0,0.0,0.0006203344229844358,0.00020677814099481193,89.0,1.2827159877981098e-07,0.00035815024609765517
127681,TTGCTCACCATGGTGGCGCGGAGGAGTTCTTAGCCTAGAGGCTAAGAACTCCTCT,0.0,0.0,0.0,0.0,99.0,0.0006185760254928301,0.0006185760254928301,0.00020619200849761,99.0,1.2754543310483545e-07,0.0003571350348325342
149,TTGCTCACCATGGTGGCGCGGAGGAGTTAGTATGCGAGGCGAAGAACAACACAGG,4.0,2.991548874429736e-05,84.0,0.0005854841745021642,0.0,0.0,0.0006153996632464615,0.0002051332210821538,88.0,1.0872386994233571e-07,0.0003297330282855142
127682,TTGCTCACCATGGTGGCGCGGAGGAGTTGGTATGCGAGGCGGAGAAAGCCGCAGG,0.0,0.0,0.0,0.0,97.0,0.0006060795401293386,0.0006060795401293386,0.00020202651337644618,97.0,1.2244413632113023e-07,0.0003499201856439983
127683,TTGCTCACCATGGTGGCGCGGAGGAGTTGGTATGCGAGGCGGAGAACAACGCAGG,0.0,0.0,0.0,0.0,96.0,0.0005998312974475928,0.0005998312974475928,0.00019994376581586423,96.0,1.1993252846588752e-07,0.0003463127610497302
61427,TTGCTCACCATGGTGGCGCGGAGGAGTTGGTATGCGAGGCGGAGAACGCCGCGGG,0.0,0.0,83.0,0.0005785141248057098,0.0,0.0,0.0005785141248057098,0.00019283804160190326,83.0,1.1155953086657213e-07,0.0003340052856865773
61460,TTGCTCACCATGGTGGCGCGGAGGAGTTGGTATGCGAGGCGGAGAACGACACGGG,0.0,0.0,32.0,0.00022304159028653875,56.0,0.0003499015901777625,0.0005729431804643013,0.00019098106015476708,88.0,3.13786888964794e-08,0.00017714030850283455
61428,TTGCTCACCATGGTGGCGCGGAGGAGTTGGTATGCGAGGCGAAGAACACCACAGG,0.0,0.0,82.0,0.0005715440751092555,0.0,0.0,0.0005715440751092555,0.00019051469170308514,82.0,1.088875432641648e-07,0.0003299811256180644
110,TTGCTCACCATGGTGGCGCGGAGGAGTTAGTAGGCGAGGCGGAGAACACCACGGG,76.0,0.0005683942861416498,0.0,0.0,0.0,0.0,0.0005683942861416498,0.0001894647620472166,76.0,1.0769068817282523e-07,0.0003281625941097267
112,TTGCTCACCATGGTGGCGCGGAGGAGTTGGTATGCGAGGGGGAGAACACCAAGGG,73.0,0.0005459576695834268,3.0,2.0910149089363008e-05,0.0,0.0,0.0005668678186727898,0.00018895593955759658,76.0,9.569698501481165e-08,0.0003093492928952831
224,TTGCTCACCATGGTGGCGCGGAGGAGTTGGTATGCGAGGCGGAGAACAACAAAGT,3.0,2.243661655822302e-05,0.0,0.0,86.0,0.0005373488706301353,0.0005597854871883583,0.0001865951623961194,89.0,9.239697332058e-08,0.0003039687045085069
61430,TTGCTCACCATGGTGGCGCGGAGGAGTTAGTATGCAAGGCGGAGAACAACAAAGG,0.0,0.0,79.0,0.0005506339260198925,0.0,0.0,0.0005506339260198925,0.0001835446420066308,79.0,1.0106590682802683e-07,0.00031790864541252545
61429,TTGCTCACCATGGTGGCGCGGAGGAGTTAGTAAGCGAGGCGGAGAACGCCGCAGG,0.0,0.0,79.0,0.0005506339260198925,0.0,0.0,0.0005506339260198925,0.0001835446420066308,79.0,1.0106590682802683e-07,0.00031790864541252545
61431,TTGCTCACCATGGTGGCGCGGAGGAGTTAGTAAGCGAGGCGGAGAACGCCACAGG,0.0,0.0,78.0,0.0005436638763234382,0.0,0.0,0.0005436638763234382,0.0001812212921078127,78.0,9.852347013967555e-08,0.00031388448534401244
61432,TTGCTCACCATGGTGGCGCGGAGGAGTTAGTATGCAAGGCGGAGAACAACAAGGG,0.0,0.0,78.0,0.0005436638763234382,0.0,0.0,0.0005436638763234382,0.0001812212921078127,78.0,9.852347013967555e-08,0.00031388448534401244
127684,TTGCTCACCATGGTGGCGCGGAGGAGTTGGTATGCGAGGCGGAGAACGCCGCGGT,0.0,0.0,0.0,0.0,86.0,0.0005373488706301353,0.0005373488706301353,0.00017911629021004507,86.0,9.624793625582728e-08,0.00031023851510704996
61433,TTGCTCACCATGGTGGCGCGGAGGCGTTGGTATGCGAGGCGGAGAACACCACGGG,0.0,0.0,73.0,0.0005088136278411665,4.0,2.4992970726983036e-05,0.0005338065985681495,0.0001779355328560498,77.0,8.226639745217488e-08,0.00028682119421718973
150,TTGCTCACCATGGTGGCGCGGAGGAGTTAGTATGCGAGGCGAAGAACAACACGGG,4.0,2.991548874429736e-05,71.0,0.0004948735284482579,0.0,0.0,0.0005247890171925552,0.00017492967239751838,75.0,7.699678738516477e-08,0.0002774829497197346
127685,TTGCTCACCATGGTGGCGCGGAGGAGTTGGTAGGCGAGGCGGAGAAAGACACTGG,0.0,0.0,0.0,0.0,82.0,0.0005123558999031523,0.0005123558999031523,0.0001707852999677174,82.0,8.750285605518964e-08,0.00029580881672997786
226,TTGCTCACCATGGTGGCGCGGAGGAGTTGGTATGCGAGGCGGAGAACAACGCGGG,3.0,2.243661655822302e-05,28.0,0.0001951613915007214,45.0,0.0002811709206785592,0.0004987689287375036,0.00016625630957916784,76.0,1.736248785282744e-08,0.00013176679343760111
61434,TTGCTCACCATGGTGGCGCGGAGGAGTTAGTATGCGAGGCGGAGAACGCCGCGGG,0.0,0.0,71.0,0.0004948735284482579,0.0,0.0,0.0004948735284482579,0.00016495784281608594,71.0,8.163326971960956e-08,0.0002857153648644216
61448,GTCTCGGGGGACCGGAGACACCTGTCTCTTATACACATCTCCGAGCCCACGAGAC,0.0,0.0,50.0,0.0003485024848227168,22.0,0.0001374613389984067,0.00048596382382112347,0.0001619879412737078,72.0,3.08146611462801e-08,0.0001755410525953405
61435,TTGCTCACCATGGTGGCGCGGAGGAGTTAGTAGGCGAGGCGGAGAACGCCGAGGG,0.0,0.0,69.0,0.00048093342905534915,0.0,0.0,0.00048093342905534915,0.00016031114301844968,69.0,7.709898772764553e-08,0.00027766704472739567
61436,TTGCTCACCATGGTGGCGCGGAGGAGTTGGTATGCGAGGCGGAGAACAGCAAAGG,0.0,0.0,68.0,0.0004739633793588948,0.0,0.0,0.0004739633793588948,0.00015798779311963158,68.0,7.488042832443455e-08,0.00027364288465888266
116,TTGCTCACCATGGTGGCGCGGAGGAGTTGGTAGGCGAGGCGGAGAACGCCACGGG,63.0,0.0004711689477226834,0.0,0.0,0.0,0.0,0.0004711689477226834,0.0001570563159075611,63.0,7.400005909936695e-08,0.000272029518801484
117,TTGCTCACCATGGTGGCGCGGAGGAGTTGGTATGCGAGGCGAAGAACACCAAGGG,63.0,0.0004711689477226834,0.0,0.0,0.0,0.0,0.0004711689477226834,0.0001570563159075611,63.0,7.400005909936695e-08,0.000272029518801484
119,TTGCTCACCATGGTGGCGCGGAGGAGTTGGTAAGCGAGGCGGAGAACACCACAGG,59.0,0.00044125345897838607,4.0,2.7880198785817343e-05,0.0,0.0,0.0004691336577642034,0.0001563778859214011,63.0,6.105989546449334e-08,0.0002471030057779414
151,TTGCTCACCATGGTGGCGCGGAGGAGTTAGTATGCGAGGCGGAGAACAACACGGG,4.0,2.991548874429736e-05,62.0,0.00043214308118016883,0.0,0.0,0.0004620585699244662,0.00015401952330815536,66.0,5.823826919924296e-08,0.00024132606406943068
440,TTGCTCACCATGGTGGCGCGGAGGAGTTGGTAGGCGAGGCGGAGTAAGCCGCTGG,2.0,1.495774437214868e-05,4.0,2.7880198785817343e-05,66.0,0.0004123840169952201,0.0004552219601531861,0.00015174065338439534,72.0,5.0992969702791765e-08,0.00022581622993662738
61437,TTGCTCACCATGGTGGCGCGGAGGAGTTAGTATCCGTGTTAGGCATGGGCGAGCG,0.0,0.0,64.0,0.0004460831805730775,0.0,0.0,0.0004460831805730775,0.00014869439352435915,64.0,6.633006799673095e-08,0.0002575462443848307
61438,TTGCTCACCATGGTGGCGCGGAGGAGTTGGTAGGCGAGGCGGAGAACACCGCGGG,0.0,0.0,64.0,0.0004460831805730775,0.0,0.0,0.0004460831805730775,0.00014869439352435915,64.0,6.633006799673095e-08,0.0002575462443848307
61439,TTGCTCACCATGGTGGCGCGGAGGAGTTAGTAAACGAGGCTGAGAACGCCACAGG,0.0,0.0,61.0,0.0004251730314837145,3.0,1.8744728045237275e-05,0.0004439177595289518,0.00014797258650965056,64.0,5.771790622773675e-08,0.00024024551239874752
61440,TTGCTCACCATGGTGGCGCGGAGGAGTTAGTAGGCGAGGCGGAGAAAGACACTGA,0.0,0.0,61.0,0.0004251730314837145,3.0,1.8744728045237275e-05,0.0004439177595289518,0.00014797258650965056,64.0,5.771790622773675e-08,0.00024024551239874752
225,TTGCTCACCATGGTGGCGCGGAGGAGTTGGTATGCGAGGCGGAGAACAACAAGGT,3.0,2.243661655822302e-05,59.0,0.00041123293209080583,0.0,0.0,0.00043366954864902885,0.00014455651621634292,62.0,5.346308352838229e-08,0.00023122085444090526
61441,TTGCTCACCATGGTGGCGCGGAGGAGTTAGTAACCGAGGCGGAGAACGACACAGG,0.0,0.0,60.0,0.00041820298178726017,0.0,0.0,0.00041820298178726017,0.0001394009939290867,60.0,5.829791132525183e-08,0.00024144960411077884
127686,TTGCTCACCATGGTGGCGCGGAGGAGTTCTGAGCGAGCGAGCGCGCAGAGAGGGA,0.0,0.0,0.0,0.0,64.0,0.0003998875316317286,0.0003998875316317286,0.00013329584387724284,64.0,5.33033459848389e-08,0.00023087517403315346
61443,TTGCTCACCATGGTGGCGCGGAGGCGTTGGTATGCGAGGCGGAGAACAACAAAGG,0.0,0.0,57.0,0.0003972928326978971,0.0,0.0,0.0003972928326978971,0.00013243094423263235,57.0,5.261386497103974e-08,0.0002293771239052398
61445,TTGCTCACCATGGTGGCGCGGAGGAGTTGGTAGGCGAGGCGGAGAAAGACACAGA,0.0,0.0,53.0,0.0003694126339120798,4.0,2.4992970726983036e-05,0.00039440560463906285,0.0001314685348796876,57.0,4.2619207844692604e-08,0.00020644420031740442
61444,TTGCTCACCATGGTGGCGCGGAGGAGTTGGTATGCGAGGCGGAGAAAGCCGCTGG,0.0,0.0,54.0,0.0003763826836085341,0.0,0.0,0.0003763826836085341,0.00012546089453617802,54.0,4.722130817345396e-08,0.00021730464369970091
61446,TTGCTCACCATGGTGGCGCGGAGGAGTTGGTAGGCGAGGCGGAGAACGCCGCGGG,0.0,0.0,53.0,0.0003694126339120798,0.0,0.0,0.0003694126339120798,0.00012313754463735992,53.0,4.548856469795343e-08,0.00021328048363118796
127687,TTGCTCACCATGGTGGCGCGGAGGAGTTGTTAGGCGAGGCGGAGAAAGCCGCTGG,0.0,0.0,0.0,0.0,59.0,0.0003686463182229998,0.0003686463182229998,0.00012288210607433326,59.0,4.530003597979108e-08,0.00021283805106181339
61447,TTGCTCACCATGGTGGCGCGGAGGAGTTAGTATCCGTGTTGGGCATGGGCGAGCG,0.0,0.0,52.0,0.00036244258421562546,0.0,0.0,0.00036244258421562546,0.0001208141947385418,52.0,4.378820895096692e-08,0.00020925632356267497
121,TTGCTCACCATGGTGGCGCGGAGGAGTTCGTAGGCGAGGCGGAGAAAGCCGCTGC,46.0,0.0003440281205594196,0.0,0.0,0.0,0.0,0.0003440281205594196,0.00011467604018647319,46.0,3.945178257854885e-08,0.00019862472801378194
124,TTGCTCACCATGGTGGCGCGGAGGAGTTGGTAAGCGAGGCGGAGAACAACACGGG,42.0,0.00031411263181512227,4.0,2.7880198785817343e-05,0.0,0.0,0.0003419928306009396,0.00011399761020031318,46.0,3.02288427780058e-08,0.0001738644379337126
61449,TTGCTCACCATGGTGGCGCGGAGGAGTTAGTATGCGAGGCGGAGAACGACACGGG,0.0,0.0,49.0,0.00034153243512626246,0.0,0.0,0.00034153243512626246,0.00011384414504208747,49.0,3.888146808109155e-08,0.00019718384335713602
61450,TTGCTCACCATGGTGGCGCGGAGGGGTTGGTATGCGAGGCGGAGAACAACAAAGG,0.0,0.0,49.0,0.00034153243512626246,0.0,0.0,0.00034153243512626246,0.00011384414504208747,49.0,3.888146808109155e-08,0.00019718384335713602
61451,TTGCTCACCATGGTGGCGCGGAGGAGTTGGTATGCGAGGGGGAGAACAACACGGG,0.0,0.0,48.0,0.00033456238542980813,0.0,0.0,0.00033456238542980813,0.00011152079514326936,48.0,3.731066324816116e-08,0.00019315968328862304
61523,TTGCTCACCATGGTGGCGCGGAGGAGTTCGTAGGCGAGGCGGAGAAAGACACTGA,0.0,0.0,3.0,2.0910149089363008e-05,50.0,0.00031241213408728796,0.00033332228317665096,0.0001111074277255503,53.0,3.050199718627391e-08,0.000174648209799797
61452,TTGCTCACCATGGTGGCGCGGAGGCGTTGGTATGCGAGGCGGAGAACAACACAGG,0.0,0.0,47.0,0.0003275923357333538,0.0,0.0,0.0003275923357333538,0.00010919744524445124,47.0,3.5772246143744797e-08,0.00018913552322011008
123,TTGCTCACCATGGTGGCGCGGAGGAGTTAGTATCCGCCGGCGGCCTCAGTGAGCG,43.0,0.0003215915040011966,0.0,0.0,0.0,0.0,0.0003215915040011966,0.00010719716800039885,43.0,3.4473698481917216e-08,0.00018567094140418746
61453,TTGCTCACCATGGTGGCGCGGAGGAGTTCTTAGCCTGGGGCTAAGAACGACTCTG,0.0,0.0,43.0,0.0002997121369475364,0.0,0.0,0.0002997121369475364,9.99040456491788e-05,43.0,2.994245501121961e-08,0.00017303888294605812
126,TTGCTCACCATGGTGGCGCGGAGGAGTTAGTAGGCGAGGCGGAGAACAACACGGG,37.0,0.0002767182708847506,0.0,0.0,0.0,0.0,0.0002767182708847506,9.223942362825018e-05,37.0,2.5524333813815393e-08,0.00015976336818499852
127,TTGCTCACCATGGTGGCGCGGAGGAGTTCTTAGCCTGAAGCCGGAAGGGAGCAGA,37.0,0.0002767182708847506,0.0,0.0,0.0,0.0,0.0002767182708847506,9.223942362825018e-05,37.0,2.5524333813815393e-08,0.00015976336818499852
61455,TTGCTCACCATGGTGGCGCGGAGGAGTTGGTATGCGAGGCGAAGAACAACACAGG,0.0,0.0,39.0,0.0002718319381617191,0.0,0.0,0.0002718319381617191,9.061064605390635e-05,39.0,2.4630867534918887e-08,0.00015694224267200622
61454,TTGCTCACCATGGTGGCGCGGAGGAGTTGGTAGGCGAGGCGGAGAAAGACACTGA,0.0,0.0,39.0,0.0002718319381617191,0.0,0.0,0.0002718319381617191,9.061064605390635e-05,39.0,2.4630867534918887e-08,0.00015694224267200622
127688,TTGCTCACCATGGTGGCGCGGAGGAGTTCGTAGCCGAGAGGCTAAGCACTCCTCT,0.0,0.0,0.0,0.0,42.0,0.0002624261926333219,0.0002624261926333219,8.747539754444062e-05,42.0,2.295583552667379e-08,0.000151511832959257
127689,TTGCTCACCATGGTGGCGCGGAGGAGTTCTTAGCCTCTGCGCGCTCGCGCGCTCC,0.0,0.0,0.0,0.0,42.0,0.0002624261926333219,0.0002624261926333219,8.747539754444062e-05,42.0,2.295583552667379e-08,0.000151511832959257
128,TTGCTCACCATGGTGGCGCGGAGGAGTTGGTATGCGTGGCGGAGAACAACAAGGG,34.0,0.00025428165432652756,0.0,0.0,0.0,0.0,0.00025428165432652756,8.476055144217584e-05,34.0,2.1553053242345217e-08,0.00014680958157540404
429,TTGCTCACCATGGTGGCGCGGAGGAGTTGGTAGGCGAGGCGGAGAAAGCCACTGA,2.0,1.495774437214868e-05,0.0,0.0,38.0,0.00023743322190633885,0.0002523909662784875,8.413032209282916e-05,40.0,1.7682267847598876e-08,0.00013297468874789246
61457,TTGCTCACCATGGTGGCGCGGAGGAGTTGTTATGCGAGGCGGAGAACAACAAAGG,0.0,0.0,36.0,0.0002509217890723561,0.0,0.0,0.0002509217890723561,8.364059635745202e-05,36.0,2.0987248077090653e-08,0.0001448697624664673
61456,GTCTCGTGGGACCGGAGACACCTGTCTCTTATACACATCTCCGAGCCCACGAGAC,0.0,0.0,36.0,0.0002509217890723561,0.0,0.0,0.0002509217890723561,8.364059635745202e-05,36.0,2.0987248077090653e-08,0.0001448697624664673
129,TTGCTCACCATGGTGGCGCGGAGGAGTTCTTAGCCTGAAGCCGGAAGGGAGCAGC,32.0,0.00023932390995437888,0.0,0.0,0.0,0.0,0.00023932390995437888,7.977463665145962e-05,32.0,1.9091977958617215e-08,0.0001381737238356744
61458,TTGCTCACCATGGTGGCGCGGAGGAGTTCTTAGCCTTGTTCGGCTTGTACAGCTC,0.0,0.0,34.0,0.0002369816896794474,0.0,0.0,0.0002369816896794474,7.899389655981579e-05,34.0,1.8720107081108638e-08,0.00013682144232944133
61459,TTGCTCACCATGGTGGCGCGGAGGAGTTAGTAAGCGAGGCGGAGAACACCACGGG,0.0,0.0,33.0,0.00023001163998299308,0.0,0.0,0.00023001163998299308,7.667054666099767e-05,33.0,1.7635118175888674e-08,0.00013279728226092834
127690,TTGCTCACCATGGTGGCGCGGAGGAGTTGGTATGCGAGGCGGAGAACACCGCGGG,0.0,0.0,0.0,0.0,36.0,0.00022493673654284732,0.00022493673654284732,7.49789121809491e-05,36.0,1.6865511815515437e-08,0.00012986728539364883
127691,TTGCTCACCATGGTGGCGCGGAGGAGTTGGTATGCGAGGCGAAGAACAACACGGG,0.0,0.0,0.0,0.0,35.0,0.00021868849386110157,0.00021868849386110157,7.289616462036718e-05,35.0,1.5941552449079022e-08,0.00012625986079938082
61461,TTGCTCACCATGGTGGCGCGGAGGAGTTGGTATGCGAGGCGGAGAACACCAAAGG,0.0,0.0,29.0,0.00020213144119717572,0.0,0.0,0.00020213144119717572,6.737714706572523e-05,29.0,1.3619039840149102e-08,0.00011670064198687641
130,TTGCTCACCATGGTGGCGCGGAGGAGTTCTTAGCCTGGTCGCCCGGCCTCA,27.0,0.0002019295490240072,0.0,0.0,0.0,0.0,0.0002019295490240072,6.730984967466906e-05,27.0,1.3591847589679641e-08,0.00011658407948635029
61462,TTGCTCACCATGGTGGCGCGGAGGGGTTAGTATGCGAGGCGGAGAACAACAAGGG,0.0,0.0,28.0,0.0001951613915007214,0.0,0.0,0.0001951613915007214,6.505379716690713e-05,28.0,1.2695989577499284e-08,0.00011267648191836344
61463,GCGCCCTCTCCTGCCGCAGGCCCCGCCTTCCGCGCCTACTCGCTCCCCTCCC,0.0,0.0,25.0,0.0001742512424113584,0.0,0.0,0.0001742512424113584,5.808374747045279e-05,25.0,1.0121165160633995e-08,0.0001006040017128245
61464,TTGCTCACCATGGTGGCGCGGAGGAGTTCTTAGCCTAAAGGTCGCCCGGCCTCAG,0.0,0.0,24.0,0.00016728119271490407,0.0,0.0,0.00016728119271490407,5.576039757163468e-05,24.0,9.32766581204029e-09,9.657984164431152e-05
127692,TTGCTCACCATGGTGGCGCGGAGGAGTTATTAGCCTAGAGGCTAAGAACTCCTCT,0.0,0.0,0.0,0.0,26.0,0.00016245430972538973,0.00016245430972538973,5.41514365751299e-05,26.0,8.79713424945095e-09,9.379303945096859e-05
127693,TTGCTCACCATGGTGGCGCGGAGGAGTTCTTAGCCTCGGCGCGCTCGCTCGCTCC,0.0,0.0,0.0,0.0,25.0,0.00015620606704364398,0.00015620606704364398,5.206868901454799e-05,25.0,8.133445127081133e-09,9.018561485670058e-05
127694,TTGCTCACCATGGTGGCGCGGAGGAGTTCTGAGCGAGCGAGCGCGCAGAGAGGGG,0.0,0.0,0.0,0.0,24.0,0.0001499578243618982,0.0001499578243618982,4.998594145396606e-05,24.0,7.49578302911797e-09,8.657819026243256e-05
61465,TTGCTCACCATGGTGGCGCGGAGGAGTTAGTATCCGAGGCGGAGAACAACAAGGG,0.0,0.0,21.0,0.00014637104362554104,0.0,0.0,0.00014637104362554104,4.879034787518034e-05,21.0,7.141494137343346e-09,8.450736143877257e-05
131,CCACCTCTCGCTCTCCCCGGGCGGGCGGGGCCGCAGCCGCGCACCGTGGGCTCGC,18.0,0.00013461969934933812,0.0,0.0,0.0,0.0,0.00013461969934933812,4.487323311644603e-05,18.0,6.040821150968729e-09,7.772271965756685e-05
61466,GTCTCGTGGGGCCGGAGACACCTGTCTCTTATACACATCTCCGAGCCCACGAGAC,0.0,0.0,13.0,9.061064605390636e-05,3.0,1.8744728045237275e-05,0.00010935537409914364,3.645179136638121e-05,16.0,2.287727363170825e-09,4.783019300787762e-05
127695,TTGCTCACCATGGTGGCGCGGAGGAGTTCTGAGCGAGCGAGCGCGCAGAGAGGGC,0.0,0.0,0.0,0.0,17.0,0.00010622012558967791,0.00010622012558967791,3.5406708529892634e-05,17.0,3.760905026762316e-09,6.13262181025564e-05
127696,TTGCTCACCATGGTGGCGCGGAGGAGTTCGTAGGCGAGGCGGAGAAAGCCACTGA,0.0,0.0,0.0,0.0,16.0,9.997188290793214e-05,9.997188290793214e-05,3.332396096931071e-05,16.0,3.3314591240524312e-09,5.7718793508288366e-05
133,TTGCTCACCATGGTGGCGCGGAGGAGCTTAGCGAGTGTGGCAGGCTCGTCGCCGC,11.0,8.226759404681774e-05,0.0,0.0,1.0,6.248242681745759e-06,8.85158367285635e-05,2.9505278909521163e-05,12.0,2.0976565581380437e-09,4.580018076534244e-05
155,TTGCTCACCATGGTGGCGCGGAGGAGTTCGAAAACGAGGCGGAGAACGCCTCAGG,4.0,2.991548874429736e-05,3.0,2.0910149089363008e-05,4.0,2.4992970726983036e-05,7.58186085606434e-05,2.5272869520214465e-05,11.0,2.03327930760226e-11,4.509189846970584e-06
