,sequence,17_S10_count,17_S10_percent,16_S9_count,16_S9_percent,18_S11_count,18_S11_percent,percent_sum_unit,percent_sum,total_reads_seq,variance,sd
0,CTGTACAAGCCGAACAGTTCGGAGCCGCAGCACCGACGACCAGATGGAGCTGGACCATA,142464.0,0.2752369084533573,105535.0,0.17969949905156943,103561.0,0.21412473534471352,0.6690611428496402,0.22302038094988005,351560.0,0.002341198531850746,0.04838593320223085
3,CTGTACAAGCCGAACAGGTTCGGAGCCGCAGCACCGACGACCAGATGGAGCTGGACCAT,48354.0,0.09341872663517548,125439.0,0.21359099314473698,65733.0,0.1359108277094085,0.4429205474893209,0.1476401824964403,239526.0,0.003713526732301319,0.06093871291963196
1,CTGTACAAGCCGAACTGTTCGGAGCCGCAGCACCGACGACCAGATGGAGCTGGACCATA,63967.0,0.1235826547270602,87027.0,0.14818504101919677,65554.0,0.13554072383220855,0.40730841957846553,0.13576947319282182,216548.0,0.00015135859751936307,0.012302788201028378
2,CTGTACAAGCCGAACATGTTCGGAGCCGCAGCACCGACGACCAGATGGAGCTGGACCAT,51983.0,0.1004298644719429,66901.0,0.11391553689343863,42516.0,0.08790690750297737,0.3022523088683589,0.10075076962278628,161400.0,0.0001691894357794696,0.013007283950904953
5,CTGTACAAGCCGAACGTTCGGAGCCGCAGCACCGACGACCAGATGGAGCTGGACCATAT,33186.0,0.06411452748717651,44879.0,0.07641762275960946,21804.0,0.04508237395791981,0.18561452420470578,0.06187150806823525,99869.0,0.00024924780645125893,0.015787583933308445
4,CTGTACAAGCCGAACCTGTTCGGAGCCGCAGCACCGACGACCAGATGGAGCTGGACCAT,39014.0,0.07537407868934806,0.0,0.0,36092.0,0.07462452031229323,0.1499985990016413,0.049999533000547096,75106.0,0.001875105434644752,0.04330248762651809
7902,CTGTACAAGCGGAGCCGCAGCACCGACGACCAGATGGAGCTGGACCATATGACCACCGG,0.0,0.0,72916.0,0.12415756547917028,0.0,0.0,0.12415756547917028,0.04138585515972342,72916.0,0.005138367021904819,0.07168240385132756
7,CTGTACAAGCCGAACACTGTTCGGAGCCGCAGCACCGACGACCAGATGGAGCTGGACCA,16115.0,0.03113377961959409,0.0,0.0,34503.0,0.07133907304485908,0.10247285266445316,0.034157617554817714,50618.0,0.0012791735326188078,0.03576553554217814
9,CCTCGGCATGGACGAGCTGTACAAGCCGAACAGTTCGGAGCCGCAGCACCGACGACCAGATGGAGCTGGACCATA,8823.0,0.01704581679079607,4768.0,0.008118701961225026,7108.0,0.014696638877861585,0.03986115762988268,0.013287052543294226,20699.0,2.141354502103609e-05,0.00462747717671693
8,CTGTACAAGCCGAACAGCTGTTCGGAGCCGCAGCACCGACGACCAGATGGAGCTGGACC,13982.0,0.02701287661440674,0.0,0.0,5442.0,0.01125198491464867,0.03826486152905541,0.012754953843018467,19424.0,0.00018411806244602444,0.013569011107889346
6,CTGTACAAGCCGAACAGTGTTCGGAGCCGCAGCACCGACGACCAGATGGAGCTGGACCA,19453.0,0.037582712686314856,0.0,0.0,0.0,0.0,0.037582712686314856,0.012527570895438284,19453.0,0.00047082009762069717,0.021698389286320244
7903,CTGTACAAGCCGAACAGAGCCGCAGCACCGACGACCAGATGGAGCTGGACCATATGACC,0.0,0.0,15995.0,0.027235452573362892,0.0,0.0,0.027235452573362892,0.009078484191120962,15995.0,0.00024725662562529984,0.01572439587473235
14,CCGCGTCATGGACGAGCTGTACAAGCCGAACAGTTCGGAGCCGCAGCACCGACGACCAGATGGAGCTGGACCATA,4439.0,0.008576037712155022,3509.0,0.00597494236198377,3116.0,0.006442702130475056,0.020993682204613846,0.006997894068204614,11064.0,1.9226028209605554e-06,0.0013865795400771481
7904,CTGTACAAGCCGATGTTCGGAGCCGCAGCACCGACGACCAGATGGAGCTGGACCATATG,0.0,0.0,11607.0,0.019763794812067716,0.0,0.0,0.019763794812067716,0.0065879316040225715,11607.0,0.00013020252845783825,0.011410632254955824
20,CCTCGGCATGGACGAGCTGTACAAGCCGAACAGGTTCGGAGCCGCAGCACCGACGACCAGATGGAGCTGGACCAT,1876.0,0.0036243853904038793,6353.0,0.010817557374090308,2154.0,0.004453652242953553,0.018895595007447738,0.006298531669149245,10383.0,1.548811586962295e-05,0.003935494361528543
18211,CTGTACGCCTACCCTGCCCCGCGGGGTGGGCCGGCCGCCAAACCCAATGTGATCCTGCA,0.0,0.0,0.0,0.0,7925.0,0.016385883948656876,0.016385883948656876,0.005461961316218958,7925.0,8.949906425961701e-05,0.009460394508667015
17,CCTCGGCATGGACGAGCTGTACAAGCCGAACTGTTCGGAGCCGCAGCACCGACGACCAGATGGAGCTGGACCATA,2357.0,0.0045536654398624435,3474.0,0.005915346185674441,2799.0,0.0057872667725287815,0.016256278398065666,0.005418759466021888,8630.0,5.653918395905035e-07,0.0007519254215615426
10,CTGTACAAGCCGTTCGGAGCCGCAGCACCGACGACCAGATGGAGCTGGACCATATGACC,8395.0,0.01621893142454188,0.0,0.0,0.0,0.0,0.01621893142454188,0.005406310474847293,8395.0,8.768457885133067e-05,0.009364004423927333
16,CCTCGGCATGGACGAGCTGTACAAGCCGAACATGTTCGGAGCCGCAGCACCGACGACCAGATGGAGCTGGACCAT,2443.0,0.0047198153031752016,2784.0,0.004740450138433404,2825.0,0.00584102487759693,0.015301290319205536,0.005100430106401844,8052.0,4.1146691044765853e-07,0.0006414568656173684
18212,CTGTTCGGAGCCGCAGCACCGACGACCAGATGGAGCTGGACCATATGACCACCGGCGGC,0.0,0.0,0.0,0.0,7348.0,0.015192867540029112,0.015192867540029112,0.005064289180009703,7348.0,7.69410746962901e-05,0.008771606163998136
11,CTGGAGCCGCAGCACCGACGACCAGATGGAGCTGGACCATATGACCACCGGCGGCCTCC,6905.0,0.013340288443890612,0.0,0.0,0.0,0.0,0.013340288443890612,0.0044467628146302035,6905.0,5.93210985887338e-05,0.007702019124147499
12,CTGTACAAGCCGAACAGGTGTTCGGAGCCGCAGCACCGACGACCAGATGGAGCTGGACC,6847.0,0.01322823388491224,0.0,0.0,0.0,0.0,0.01322823388491224,0.004409411294970746,6847.0,5.832872390464678e-05,0.00763732439435741
18213,CTGTACAAGCCGAACACCACCGGCGGCCTCCACGCCTACCCTGCCCCGCGGGGTGGGCC,0.0,0.0,0.0,0.0,6045.0,0.012498759428344582,0.012498759428344582,0.004166253142781527,6045.0,5.207299574921087e-05,0.007216162120491118
18214,CTGTACAAGCCGAACAGGCTAAGAACTCCTCGTGCGGACCGAGCGGCCGCAGGAACCAA,0.0,0.0,0.0,0.0,5974.0,0.01235195844912002,0.01235195844912002,0.004117319483040006,5974.0,5.085695917626248e-05,0.0071314065356185155
13,CTGTACAAGCCGAACACCCGAGCCGCAGCACCGACGACCAGATGGAGCTGGACCATATG,6189.0,0.011956994233054163,0.0,0.0,0.0,0.0,0.011956994233054163,0.003985664744351387,6189.0,4.765657036309684e-05,0.006903373839152624
18215,CTCTGTTCGGAGCCGCAGCACCGACGACCAGATGGAGCTGGACCATATGACCACCGGCG,0.0,0.0,0.0,0.0,5471.0,0.011311945877993912,0.011311945877993912,0.00377064862599797,5471.0,4.2653373182221154e-05,0.0065309549977182624
18216,CTGTACAAGCCGAACCGGCGGCCTCCACGCCTACCCTGCCCCGCGGGGTGGGCCGGCCG,0.0,0.0,0.0,0.0,4736.0,0.009792245600105862,0.009792245600105862,0.0032640818667019535,4736.0,3.196269129759754e-05,0.005653555633192048
67,CTGTACAAGCCGAACAGAGGCTAAGAACTCCTCGTGCGGACCGAGCGGCCGCAGGAACC,58.0,0.00011205455897837153,3892.0,0.006627094805597273,1194.0,0.0024687375942834457,0.009207886958859091,0.00306929565295303,5144.0,1.0881939840140752e-05,0.00329877853760157
18217,CTGTGTTCGGAGCCGCAGCACCGACGACCAGATGGAGCTGGACCATATGACCACCGGCG,0.0,0.0,0.0,0.0,4450.0,0.009200906444356225,0.009200906444356225,0.003066968814785408,4450.0,2.8218893132598637e-05,0.005312145812437629
29,CCGCGTCATGGACGAGCTGTACAAGCCGAACAGGTTCGGAGCCGCAGCACCGACGACCAGATGGAGCTGGACCAT,993.0,0.0019184513287159126,2163.0,0.00368304369591647,1645.0,0.003401233955273257,0.009002728979905639,0.003000909659968546,4801.0,8.986412116540263e-07,0.0009479668832053292
27,CCGCGTCATGGACGAGCTGTACAAGCCGAACTGTTCGGAGCCGCAGCACCGACGACCAGATGGAGCTGGACCATA,1255.0,0.0024246288192733842,1508.0,0.0025677438249847606,1305.0,0.002698243350535927,0.007690615994794072,0.002563538664931357,4068.0,1.8729490457811305e-08,0.0001368557286262117
25,CCTCGGCATGGACGAGCTGTACAAGCCGAACGTTCGGAGCCGCAGCACCGACGACCAGATGGAGCTGGACCATAT,1387.0,0.0026796495397069194,1833.0,0.0031211368907142346,900.0,0.0018608574831282254,0.0076616439135493795,0.0025538813045164594,4120.0,4.089392830335277e-07,0.0006394836065400955
22,CCGCGTCATGGACGAGCTGTACAAGCCGAACATGTTCGGAGCCGCAGCACCGACGACCAGATGGAGCTGGACCAT,1612.0,0.003114343949536809,1591.0,0.0027090719002325955,764.0,0.0015796612412332935,0.007403077091002698,0.0024676923636675653,3967.0,6.325108142957145e-07,0.0007953054848897463
18218,CTGTACAAGCCGAACTCGGAGCCGCAGCACCGACGACCAGATGGAGCTGGACCATATGA,0.0,0.0,0.0,0.0,3519.0,0.007275952759031362,0.007275952759031362,0.002425317586343787,3519.0,1.7646496183885364e-05,0.004200773284037757
21,CTTCGGCATGGACGAGCTGTACAAGCCGAACAGTTCGGAGCCGCAGCACCGACGACCAGATGGAGCTGGACCATA,1635.0,0.0031587793780971977,1033.0,0.001758938575072452,988.0,0.002042807992589652,0.006960525945759301,0.0023201753152531,3656.0,5.475880422143584e-07,0.0007399919203709987
18219,CGTTCGGAGCCGCAGCACCGACGACCAGATGGAGCTGGACCATATGACCACCGGCGGCC,0.0,0.0,0.0,0.0,3144.0,0.006500595474394601,0.006500595474394601,0.0021668651581315335,3144.0,1.4085913840573188e-05,0.0037531205470345856
24,CCTCGGCATGGACGAGCTGTACAAGCCGAACCTGTTCGGAGCCGCAGCACCGACGACCAGATGGAGCTGGACCAT,1452.0,0.0028052279247688873,0.0,0.0,1587.0,0.003281312028582771,0.006086539953351658,0.002028846651117219,3039.0,3.1438280687882345e-06,0.0017730843377539137
15,CCTCGCCCTGTTCGGAGCCGCAGCACCGACGACCAGATGGAGCTGGACCATATGACCAC,3124.0,0.006035490383593667,0.0,0.0,0.0,0.0,0.006035490383593667,0.0020118301278645554,3124.0,1.2142381390150544e-05,0.0034845919976592013
18220,CTGTACAAGCCGAACAGCGGAGCCGCAGCACCGACGACCAGATGGAGCTGGACCATATG,0.0,0.0,0.0,0.0,2765.0,0.0057169677120550485,0.0057169677120550485,0.0019056559040183491,2765.0,1.0894573273559978e-05,0.0033006928475033813
7905,CCTCGGCATGGACGAGCTGTACAAGCGGAGCCGCAGCACCGACGACCAGATGGAGCTGGACCATATGACCACCGG,0.0,0.0,3159.0,0.0053789805988904895,0.0,0.0,0.0053789805988904895,0.0017929935329634961,3159.0,9.644477427746762e-06,0.0031055558967351985
35,CCTCGGCATGGACGAGCTGTACAAGCCGAACACTGTTCGGAGCCGCAGCACCGACGACCAGATGGAGCTGGACCA,681.0,0.0013156750804184658,0.0,0.0,1820.0,0.0037630673547704115,0.005078742435188877,0.0016929141450629588,2501.0,3.646900963055085e-06,0.0019096860901873598
18221,CTGTACAAGCCGAACTCGGAGCCGCAGCACCGACGACCAGATGGAGCTGGACCATATGC,0.0,0.0,0.0,0.0,2176.0,0.00449913987031891,0.00449913987031891,0.001499713290106303,2176.0,6.747419857564419e-06,0.0025975796152504006
18222,CTGTACAAGCCGAACGAGCCGCAGCACCGACGACCAGATGGAGCTGGACCATATGACCA,0.0,0.0,0.0,0.0,2139.0,0.004422637951568082,0.004422637951568082,0.0014742126505226938,2139.0,6.519908816883442e-06,0.0025534112118660874
7906,CTGTACAAGCCGAACAAAAGGTCGCCCGGCCTCAGTGAGCGAGCGAGCGCGCAGAGAGG,0.0,0.0,2563.0,0.004364142853737362,0.0,0.0,0.004364142853737362,0.0014547142845791204,2563.0,6.348580949275627e-06,0.002519639051387247
18,CTGTACAAGCGTTCGGAGCCGCAGCACCGACGACCAGATGGAGCTGGACCATATGACCA,2047.0,0.0039547531418745955,0.0,0.0,0.0,0.0,0.0039547531418745955,0.0013182510472915317,2047.0,5.2133574710556606e-06,0.002283277791039816
19,CTGTACAAGCCGAACACCTGCGCGGGGGAGCCGCAGCACCGACGACCAGATGGAGCTGG,1954.0,0.0037750794524782413,0.0,0.0,0.0,0.0,0.0037750794524782413,0.0012583598174927468,1954.0,4.750408290841141e-06,0.002179543138100538
31,CTGTACAAGCCGAACCTTTGGTCGCCCGGCCTCAGTGAGCGAGCGAGCGCGCAGAGAGG,892.0,0.0017233218380811623,0.0,0.0,877.0,0.001813302236337171,0.003536624074418333,0.0011788746914727776,1769.0,1.044333271663855e-06,0.0010219262554919779
7907,CCGCGTCATGGACGAGCTGTACAAGCGGAGCCGCAGCACCGACGACCAGATGGAGCTGGACCATATGACCACCGG,0.0,0.0,1829.0,0.003114325899136026,0.0,0.0,0.003114325899136026,0.0010381086330453419,1829.0,3.233008602009806e-06,0.001798056896210408
33,CCGCGTCATGGACGAGCTGTACAAGCCGAACCTGTTCGGAGCCGCAGCACCGACGACCAGATGGAGCTGGACCAT,774.0,0.0014953487698148203,0.0,0.0,774.0,0.001600337435490274,0.0030956862053050944,0.0010318954017683646,1548.0,8.013617451230992e-07,0.000895188105999571
23,CTGTACAAGGTTCGGAGCCGCAGCACCGACGACCAGATGGAGCTGGACCATATGACCAC,1595.0,0.003081500371905217,0.0,0.0,0.0,0.0,0.003081500371905217,0.0010271667906350723,1595.0,3.165214847350664e-06,0.001779105069227409
18223,CTGTACAAGCCGAACAGGCTAAGAACTCCTCGTGCGGACCGAGCGGCCGCAGGAACCCC,0.0,0.0,0.0,0.0,1401.0,0.0028967348154029376,0.0028967348154029376,0.0009655782718009791,1401.0,2.797024196922497e-06,0.0016724306254438468
41,CCGCGTCATGGACGAGCTGTACAAGCCGAACACTGTTCGGAGCCGCAGCACCGACGACCAGATGGAGCTGGACCA,420.0,0.0008114295650157939,0.0,0.0,918.0,0.00189807463279079,0.002709504197806584,0.000903168065935528,1338.0,9.069837923242233e-07,0.0009523569668586581
26,CTGTACAAGCCGAACGGAGCCGCAGCACCGACGACCAGATGGAGCTGGACCATATGACC,1322.0,0.002554071154644951,0.0,0.0,0.0,0.0,0.002554071154644951,0.0008513570515483169,1322.0,2.1744264876631314e-06,0.001474593668663721
18224,CTGTACAAGCCGAACGAGCCGCAGCACCGACGACCAGATGGAGCTGGACCATATGACCC,0.0,0.0,0.0,0.0,1234.0,0.0025514423713113668,0.0025514423713113668,0.0008504807904371221,1234.0,2.1699527247076566e-06,0.0014730759398984346
18225,CTGTACAAGCCGAACATTTGCCCGGGCGGCCTCAGTGAGCGAGCGAGCGCGCAGAGAGG,0.0,0.0,0.0,0.0,1223.0,0.0025286985576286887,0.0025286985576286887,0.0008428995192095627,1223.0,2.131438798451137e-06,0.0014599447929463417
44,CTGTACAAGCCGAACAGCTAAGAACTCCTCGTGCGGACCGAGCGGCCGCAGGAACCCCT,302.0,0.0005834564967494518,0.0,0.0,870.0,0.0017988289003572845,0.0023822853971067364,0.000794095132368912,1172.0,8.422228293018702e-07,0.0009177269906142405
28,CTGTACAAGCCGAAGCCGCAGCACCGACGACCAGATGGAGCTGGACCATATGACCACCG,1121.0,0.00216574414853025,0.0,0.0,0.0,0.0,0.00216574414853025,0.0007219147161767499,1121.0,1.5634825722976726e-06,0.0012503929671497968
7908,CCGCGTCATGGACGAGCTGTACAAGCCGAACGTTCGGAGCCGCAGCACCGACGACCAGATGGAGCTGGACCATAT,0.0,0.0,1252.0,0.00213184036397939,0.0,0.0,0.00213184036397939,0.0007106134546597965,1252.0,1.5149144458305928e-06,0.0012308186080128105
37,CCTCGGCATGGACGAGCTGTACAAGCCGAACAGTGTTCGGAGCCGCAGCACCGACGACCAGATGGAGCTGGACCA,660.0,0.001275103602167676,0.0,0.0,393.0,0.0008125744342993252,0.0020876780364670012,0.0006958926788223337,1053.0,4.1668327311114005e-07,0.0006455100875363142
30,CTGTACGGAGCCGCAGCACCGACGACCAGATGGAGCTGGACCATATGACCACCGGCGGC,941.0,0.0018179886206663382,0.0,0.0,0.0,0.0,0.0018179886206663382,0.0006059962068887794,941.0,1.101694208290765e-06,0.0010496162195253868
18226,CTGTACAAGCCGAACCCGGCCTCAGTGAGCGAGCGAGCGCGCAGCTGCCTGCAGGGGCG,0.0,0.0,0.0,0.0,846.0,0.0017492060341405319,0.0017492060341405319,0.0005830686780468439,846.0,1.0199072499578824e-06,0.0010099045746791537
7909,CTTCGGCATGGACGAGCTGTACAAGCCGAACAGGTTCGGAGCCGCAGCACCGACGACCAGATGGAGCTGGACCAT,0.0,0.0,1011.0,0.001721478121392303,0.0,0.0,0.001721478121392303,0.0005738260404641009,1011.0,9.87828974144124e-07,0.0009938958567898973
32,CCTCGCCCTGTTCGGAGCCGCAGCTCCGACGACCAGATGGAGCTGGACCATATGACCAC,797.0,0.0015397841983752088,0.0,0.0,0.0,0.0,0.0015397841983752088,0.0005132613994584029,797.0,7.903117925219947e-07,0.0008889948214258589
34,CCTCGGCATGGACGAGCTGTACAAGCCGAACAGCTGTTCGGAGCCGCAGCACCGACGACCAGATGGAGCTGGACC,749.0,0.0014470493909448324,0.0,0.0,0.0,0.0,0.0014470493909448324,0.0004823497969816107,749.0,6.979839799446035e-07,0.000835454355392683
7910,CTTCGGCATGGACGAGCTGTACAAGCCGAACTGTTCGGAGCCGCAGCACCGACGACCAGATGGAGCTGGACCATA,0.0,0.0,825.0,0.0014047670130055885,0.0,0.0,0.0014047670130055885,0.00046825567100186274,825.0,6.577901202762144e-07,0.0008110426131074831
36,CTGTACAAGCCGAACAGCGACCTTTGCCCGGGCGGCCTCAGTGAGCGAGCGAGCGCGCA,681.0,0.0013156750804184658,0.0,0.0,0.0,0.0,0.0013156750804184658,0.0004385583601394885,681.0,5.770003057447121e-07,0.0007596053618456837
38,CTGTACAAGCCGATGGAGTTGGCCACTCCCTCTCTGCGCGCTCGCTCGCTCACTGAGGC,598.0,0.0011553211425701065,0.0,0.0,0.0,0.0,0.0011553211425701065,0.0003851070475233688,598.0,4.449223141564987e-07,0.0006670249726633169
7911,CCTCGGCATGGACGAGCTGTACAAGCCGAACAGAGCCGCAGCACCGACGACCAGATGGAGCTGGACCATATGACC,0.0,0.0,634.0,0.0010795421651461129,0.0,0.0,0.0010795421651461129,0.0003598473883820376,634.0,3.884704287761191e-07,0.0006232739596486597
7912,CTTCGGCATGGACGAGCTGTACAAGCGGAGCCGCAGCACCGACGACCAGATGGAGCTGGACCATATGACCACCGG,0.0,0.0,595.0,0.0010131349972585758,0.0,0.0,0.0010131349972585758,0.00033771166575285853,595.0,3.421475075567115e-07,0.0005849337633926695
18227,CTGCGCCCGGGCGGCCTCAGTGAGCGAGCGAGCGCGCAGAGAGGGAGTGGCCAACTCCA,0.0,0.0,0.0,0.0,476.0,0.0009841868466322614,0.0009841868466322614,0.00032806228221075374,476.0,3.228745830279849e-07,0.0005682205408360251
39,CTTCGGCATGGACGAGCTGTACAAGCCGAACCTGTTCGGAGCCGCAGCACCGACGACCAGATGGAGCTGGACCAT,478.0,0.0009234841239941654,0.0,0.0,0.0,0.0,0.0009234841239941654,0.0003078280413313884,478.0,2.8427430908975707e-07,0.0005331738075803772
40,CTGTACAAGCCGAACACTCTCTGCGCGCTCGCTCGCTCACTGAGGCCGGGCGACCTTTG,452.0,0.0008732527699693782,0.0,0.0,0.0,0.0,0.0008732527699693782,0.00029108425665645937,452.0,2.541901334197306e-07,0.0005041727218124068
7913,CCTCGGCATGGACGAGCTGTACAAGCCGATGTTCGGAGCCGCAGCACCGACGACCAGATGGAGCTGGACCATATG,0.0,0.0,485.0,0.0008258327288578307,0.0,0.0,0.0008258327288578307,0.00027527757628594354,485.0,2.2733323201759045e-07,0.0004767947483116718
18228,CCTCGGCATGGACGAGCTGTACGCCTACCCTGCCCCGCGGGGTGGGCCGGCCGCCAAACCCAATGTGATCCTGCA,0.0,0.0,0.0,0.0,375.0,0.0007753572846367606,0.0007753572846367606,0.0002584524282122535,375.0,2.0039297294643024e-07,0.00044765273700317105
7914,CCGCGTCATGGACGAGCTGTACAAGCCGAACAGAGCCGCAGCACCGACGACCAGATGGAGCTGGACCATATGACC,0.0,0.0,432.0,0.0007355870904465627,0.0,0.0,0.0007355870904465627,0.00024519569681552084,432.0,1.8036278921054654e-07,0.00042469140468173657
42,CCGCGTCATGGACGAGCTGTACAAGCCGAACAGTGTTCGGAGCCGCAGCACCGACGACCAGATGGAGCTGGACCA,362.0,0.0006993750060374223,0.0,0.0,0.0,0.0,0.0006993750060374223,0.00023312500201247408,362.0,1.6304179968994817e-07,0.0004037843480002019
43,CCTCGGCATGGACGAGCTGTACAAGCCGTTCGGAGCCGCAGCACCGACGACCAGATGGAGCTGGACCATATGACC,325.0,0.0006278919253098405,0.0,0.0,0.0,0.0,0.0006278919253098405,0.00020929730843661346,325.0,1.3141608995643275e-07,0.00036251357209962876
18229,CCTCGGCATGGACGAGCTCTGTTCGGAGCCGCAGCACCGACGACCAGATGGAGCTGGACCATATGACCACCGGCG,0.0,0.0,0.0,0.0,294.0,0.0006078801111552203,0.0006078801111552203,0.00020262670371840676,294.0,1.2317274317936098e-07,0.00035095974581048604
18230,CCTCGGCATGGACGAGCTGTACAAGCCGAACAGGCTAAGAACTCCTCGTGCGGACCGAGCGGCCGCAGGAACCAA,0.0,0.0,0.0,0.0,294.0,0.0006078801111552203,0.0006078801111552203,0.00020262670371840676,294.0,1.2317274317936098e-07,0.00035095974581048604
18231,CTGCGCCCGGGCGGCCTCAGTGAGCGAGCGAGCGCGCAGAGAGGGAGTGGCCAACTCCC,0.0,0.0,0.0,0.0,294.0,0.0006078801111552203,0.0006078801111552203,0.00020262670371840676,294.0,1.2317274317936098e-07,0.00035095974581048604
18232,CCTCGGCATGGACGAGCTGTTCGGAGCCGCAGCACCGACGACCAGATGGAGCTGGACCATATGACCACCGGCGGC,0.0,0.0,0.0,0.0,281.0,0.000581001058621146,0.000581001058621146,0.00019366701954038197,281.0,1.1252074337296409e-07,0.00033544111759437615
45,CCGCGTCATGGACGAGCTGTACAAGCCGAACAGCTGTTCGGAGCCGCAGCACCGACGACCAGATGGAGCTGGACC,290.0,0.0005602727948918576,0.0,0.0,0.0,0.0,0.0005602727948918576,0.00018675759829728586,290.0,1.0463520156531119e-07,0.000323473648950438
46,CCTCGGCATGGACGAGCTGGAGCCGCAGCACCGACGACCAGATGGAGCTGGACCATATGACCACCGGCGGCCTCC,289.0,0.0005583408197370582,0.0,0.0,0.0,0.0,0.0005583408197370582,0.0001861136065790194,289.0,1.0391482366155005e-07,0.0003223582225747469
18233,CCTCGGCATGGACGAGCTGTACAAGCCGAACTCGGAGCCGCAGCACCGACGACCAGATGGAGCTGGACCATATGA,0.0,0.0,0.0,0.0,262.0,0.0005417162895328834,0.0005417162895328834,0.0001805720965109611,262.0,9.781884611509156e-08,0.00031276004558621545
18234,CCTCGGCATGGACGAGCTGTACAAGCCGAACACCACCGGCGGCCTCCACGCCTACCCTGCCCCGCGGGGTGGGCC,0.0,0.0,0.0,0.0,261.0,0.0005396486701071853,0.0005396486701071853,0.0001798828900357284,261.0,9.707356238281793e-08,0.000311566304954207
47,CCTCGGCATGGACGAGCTGTACAAGCCGAACAGGTGTTCGGAGCCGCAGCACCGACGACCAGATGGAGCTGGACC,270.0,0.0005216332917958675,0.0,0.0,0.0,0.0,0.0005216332917958675,0.0001738777639319558,270.0,9.070043036993089e-08,0.0003011651214366147
18235,CCGCGTCATGGACGAGCTGTACGCCTACCCTGCCCCGCGGGGTGGGCCGGCCGCCAAACCCAATGTGATCCTGCA,0.0,0.0,0.0,0.0,247.0,0.000510701998147413,0.000510701998147413,0.00017023399938247098,247.0,8.693884363725343e-08,0.00029485393610608867
1613,CCTCGGCATGGACGAGCTGTACAAGCCGAACAGAGGCTAAGAACTCCTCGTGCGGACCGAGCGGCCGCAGGAACC,1.0,1.931975154799509e-06,138.0,0.00023497920944820752,100.0,0.00020676194256980283,0.00044367312717280983,0.00014789104239093658,239.0,1.6177090518854173e-08,0.0001271891918319091
18236,CCTCGGCATGGACGAGCTGTACAAGCCGAACCGGCGGCCTCCACGCCTACCCTGCCCCGCGGGGTGGGCCGGCCG,0.0,0.0,0.0,0.0,201.0,0.0004155915045653037,0.0004155915045653037,0.00013853050152176787,201.0,5.757209955561762e-08,0.0002399418670336997
48,CCGCGTCATGGACGAGCTGGAGCCGCAGCACCGACGACCAGATGGAGCTGGACCATATGACCACCGGCGGCCTCC,208.0,0.00040185083219829794,0.0,0.0,0.0,0.0,0.00040185083219829794,0.00013395027739943264,208.0,5.382803044615488e-08,0.00023200868614376246
18237,CCTCGGCATGGACGAGCTGTGTTCGGAGCCGCAGCACCGACGACCAGATGGAGCTGGACCATATGACCACCGGCG,0.0,0.0,0.0,0.0,192.0,0.0003969829297340214,0.0003969829297340214,0.0001323276432446738,192.0,5.2531815500068996e-08,0.00022919820134562356
18238,CCGCGTCATGGACGAGCTGTACAAGCCGAACAGGCTAAGAACTCCTCGTGCGGACCGAGCGGCCGCAGGAACCAA,0.0,0.0,0.0,0.0,191.0,0.0003949153103083234,0.0003949153103083234,0.00013163843676944112,191.0,5.198603410530646e-08,0.00022800446071361512
18239,CCGCGTCATGGACGAGCTCTGTTCGGAGCCGCAGCACCGACGACCAGATGGAGCTGGACCATATGACCACCGGCG,0.0,0.0,0.0,0.0,188.0,0.00038871245203122933,0.00038871245203122933,0.00012957081734374308,188.0,5.036579012137692e-08,0.00022442323881758974
18240,CCGCGTCATGGACGAGCTGTTCGGAGCCGCAGCACCGACGACCAGATGGAGCTGGACCATATGACCACCGGCGGC,0.0,0.0,0.0,0.0,185.0,0.0003825095937541352,0.0003825095937541352,0.00012750319791804505,185.0,4.877119643798453e-08,0.00022084201692156437
49,CCTCGGCATGGACGAGCTGTACAAGCCGAACACCCGAGCCGCAGCACCGACGACCAGATGGAGCTGGACCATATG,195.0,0.00037673515518590433,0.0,0.0,0.0,0.0,0.00037673515518590433,0.0001255783850619681,195.0,4.73097923843158e-08,0.0002175081432597773
50,CTGTACAAGCCGAACAGCGAGCGCGCAGAGAGGGAGTGGCCAATTCTCAGTCTGGCAGA,194.0,0.0003748031800311048,0.0,0.0,0.0,0.0,0.0003748031800311048,0.0001249343933437016,194.0,4.6825807920476256e-08,0.00021639271688408612
18241,CCTCGGCATGGACGAGCGTTCGGAGCCGCAGCACCGACGACCAGATGGAGCTGGACCATATGACCACCGGCGGCC,0.0,0.0,0.0,0.0,158.0,0.00032668386926028845,0.00032668386926028845,0.0001088946230867628,158.0,3.557411681162441e-08,0.00018861101985733603
18242,CTGTACAAGCCGAACACGGCCTCAGTGAGCGAGCGAGCGCGCAGAGAGGGAGTGGCCAA,0.0,0.0,0.0,0.0,154.0,0.00031841339155749636,0.00031841339155749636,0.00010613779718583211,154.0,3.37956959743825e-08,0.00018383605732930224
51,CCGCGTCATGGACGAGCTGTACAAGCCGAACAGGTGTTCGGAGCCGCAGCACCGACGACCAGATGGAGCTGGACC,162.0,0.00031297997507752053,0.0,0.0,0.0,0.0,0.00031297997507752053,0.0001043266583591735,162.0,3.265215493317512e-08,0.00018069907286196883
52,CTGTACAAGCCGAACAGCGAGCGCGCAGAGAGGGAGTGGCCAATTCTCAGTCTGGCAGC,159.0,0.000307184049613122,0.0,0.0,0.0,0.0,0.000307184049613122,0.00010239468320437398,159.0,3.145401344557233e-08,0.00017735279373489533
53,CCGCGTCATGGACGAGCCTCGCCCTGTTCGGAGCCGCAGCACCGACGACCAGATGGAGCTGGACCATATGACCAC,158.0,0.0003052520744583225,0.0,0.0,0.0,0.0,0.0003052520744583225,0.00010175069148610748,158.0,3.105960965370309e-08,0.0001762373673592042
55,CTGTACAAGCCGCCTCGTGCGGACCGAGCGGCCGCAGGAACCCCTAGTGATGGAGTTGG,157.0,0.00030332009930352297,0.0,0.0,0.0,0.0,0.00030332009930352297,0.00010110669976784098,157.0,3.0667694213833006e-08,0.00017512194098351298
54,CTGTACAAGCCGAACAGGCGGCCTCAGTGAGCGAGCGAGCGCGCAGAGAGGGAGTGGCC,157.0,0.00030332009930352297,0.0,0.0,0.0,0.0,0.00030332009930352297,0.00010110669976784098,157.0,3.0667694213833006e-08,0.00017512194098351298
56,CTTCGGCATGGACGAGCTGTACAAGCCGAACAGCTGTTCGGAGCCGCAGCACCGACGACCAGATGGAGCTGGACC,157.0,0.00030332009930352297,0.0,0.0,0.0,0.0,0.00030332009930352297,0.00010110669976784098,157.0,3.0667694213833006e-08,0.00017512194098351298
18243,CCTCGGCATGGACGAGCTGTACAAGCCGAACGAGCCGCAGCACCGACGACCAGATGGAGCTGGACCATATGACCA,0.0,0.0,0.0,0.0,143.0,0.00029566957787481807,0.00029566957787481807,9.855652595827267e-05,143.0,2.9140166426891038e-08,0.00017070491037720923
57,CCGCGTCATGGACGAGCTGTACAAGCCGTTCGGAGCCGCAGCACCGACGACCAGATGGAGCTGGACCATATGACC,147.0,0.00028400034775552784,0.0,0.0,0.0,0.0,0.00028400034775552784,9.466678258517593e-05,147.0,2.6885399175086915e-08,0.00016396767722660132
58,CCGCGTCATGGACGAGCTGTACAAGCCGAACACCCGAGCCGCAGCACCGACGACCAGATGGAGCTGGACCATATG,143.0,0.00027627244713632985,0.0,0.0,0.0,0.0,0.00027627244713632985,9.209081571210994e-05,143.0,2.544215501556539e-08,0.00015950597172383668
7915,CTTCGGCATGGACGAGCTGTACAAGCCGAACAGAGCCGCAGCACCGACGACCAGATGGAGCTGGACCATATGACC,0.0,0.0,162.0,0.000275845158917461,0.0,0.0,0.000275845158917461,9.194838630582032e-05,162.0,2.53635172327331e-08,0.0001592592767556512
18244,CCGCGTCATGGACGAGCTGTACAAGCCGAACACCACCGGCGGCCTCCACGCCTACCCTGCCCCGCGGGGTGGGCC,0.0,0.0,0.0,0.0,130.0,0.0002687905253407437,0.0002687905253407437,8.959684178024788e-05,130.0,2.408278217098433e-08,0.0001551862821610993
18245,CCGCGTCATGGACGAGCTGTACAAGCCGAACCGGCGGCCTCCACGCCTACCCTGCCCCGCGGGGTGGGCCGGCCG,0.0,0.0,0.0,0.0,123.0,0.0002543171893608575,0.0002543171893608575,8.477239645361915e-05,123.0,2.155907760146875e-08,0.00014683009773704012
59,CCTCGGCATGGACGAGCTGTACAAGCGTTCGGAGCCGCAGCACCGACGACCAGATGGAGCTGGACCATATGACCA,121.0,0.00023376899373074063,0.0,0.0,0.0,0.0,0.00023376899373074063,7.792299791024686e-05,121.0,1.8215980809961018e-08,0.00013496659145863105
60,CCTCGGCATGGACGAGCCTCGCCCTGTTCGGAGCCGCAGCACCGACGACCAGATGGAGCTGGACCATATGACCAC,117.0,0.00022604109311154258,0.0,0.0,0.0,0.0,0.00022604109311154258,7.534703103718085e-05,117.0,1.7031525258353685e-08,0.00013050488595586635
18246,CCGCGTCATGGACGAGCGTTCGGAGCCGCAGCACCGACGACCAGATGGAGCTGGACCATATGACCACCGGCGGCC,0.0,0.0,0.0,0.0,108.0,0.00022330289797538707,0.00022330289797538707,7.443429932512901e-05,108.0,1.6621394748068708e-08,0.00012892398825691326
61,CCTCGGCATGGACGAGCTGTACAAGCCGAACACCTGCGCGGGGGAGCCGCAGCACCGACGACCAGATGGAGCTGG,110.0,0.00021251726702794602,0.0,0.0,0.0,0.0,0.00021251726702794602,7.083908900931533e-05,110.0,1.5054529595009104e-08,0.0001226969013260282
7916,CTTCGGCATGGACGAGCTGTACAAGCCGATGTTCGGAGCCGCAGCACCGACGACCAGATGGAGCTGGACCATATG,0.0,0.0,124.0,0.0002111407389244763,0.0,0.0,0.0002111407389244763,7.038024630815877e-05,124.0,1.4860137211191292e-08,0.0001219021624549429
18247,CCTCGGCATGGACGAGCTGTACAAGCCGAACAGCGGAGCCGCAGCACCGACGACCAGATGGAGCTGGACCATATG,0.0,0.0,0.0,0.0,94.0,0.00019435622601561466,0.00019435622601561466,6.478540867187154e-05,94.0,1.259144753034423e-08,0.00011221161940879487
18248,CCGCGTCATGGACGAGCTGTGTTCGGAGCCGCAGCACCGACGACCAGATGGAGCTGGACCATATGACCACCGGCG,0.0,0.0,0.0,0.0,88.0,0.0001819505094614265,0.0001819505094614265,6.065016982047549e-05,88.0,1.1035329297757551e-08,0.00010504917561674415
18249,CCGCGTCATGGACGAGCTGTACAAGCCGAACTCGGAGCCGCAGCACCGACGACCAGATGGAGCTGGACCATATGA,0.0,0.0,0.0,0.0,76.0,0.00015713907635305014,0.00015713907635305014,5.237969211768338e-05,76.0,8.230896439029906e-09,9.072428803264265e-05
18250,CCGCGTCATGGACGAGCTGTACAAGCCGAACGAGCCGCAGCACCGACGACCAGATGGAGCTGGACCATATGACCA,0.0,0.0,0.0,0.0,75.0,0.00015507145692735214,0.00015507145692735214,5.169048564245071e-05,75.0,8.015718917857208e-09,8.953054740063421e-05
130,CTTCGGCATGGACGAGCTGTACAAGCCGAACAGAGGCTAAGAACTCCTCGTGCGGACCGAGCGGCCGCAGGAACC,2.0,3.863950309599018e-06,58.0,9.875937788402925e-05,24.0,4.962286621675268e-05,0.00015224619441038095,5.074873147012698e-05,84.0,2.2522362230600502e-09,4.7457730909305495e-05
62,CTGTACAAGCCGAACAGACGGTTTTTCGCCCTTTGACGTTGGAGTCCACGTTCTTTAAT,76.0,0.0001468301117647627,0.0,0.0,0.0,0.0,0.0001468301117647627,4.8943370588254225e-05,76.0,7.18636057361757e-09,8.477240455252858e-05
18251,CTTCGGCATGGACGAGCTGTTCGGAGCCGCAGCACCGACGACCAGATGGAGCTGGACCATATGACCACCGGCGGC,0.0,0.0,0.0,0.0,69.0,0.00014266574037316394,0.00014266574037316394,4.755524679105464e-05,69.0,6.784504492074341e-09,8.236810360858347e-05
7917,CCTCGGCATGGACGAGCTGTACAAGCCGAACAAAAGGTCGCCCGGCCTCAGTGAGCGAGCGAGCGCGCAGAGAGG,0.0,0.0,82.0,0.00013962532735328274,0.0,0.0,0.00013962532735328274,4.654177578442757e-05,82.0,6.4984106795037895e-09,8.061272033310742e-05
18252,CTGTACAAGCCGAACACGGCCTCAGTGAGCGAGCGAGCGCGCAGAGAGGGAGTGGCCAC,0.0,0.0,0.0,0.0,65.0,0.00013439526267037185,0.00013439526267037185,4.479842089012394e-05,65.0,6.020695542746082e-09,7.759314108054965e-05
63,CCGCGTCATGGACGAGCTGTACAAGCGTTCGGAGCCGCAGCACCGACGACCAGATGGAGCTGGACCATATGACCA,69.0,0.00013330628568116614,0.0,0.0,0.0,0.0,0.00013330628568116614,4.4435428560388705e-05,69.0,5.923521934036228e-09,7.696441992269043e-05
64,CTGTACAAGCCGAACAAGGCTAAGAACTCCTCGTGCGGACCGAGCGGCCGCAGGAACCC,68.0,0.00013137431052636663,0.0,0.0,0.0,0.0,0.00013137431052636663,4.37914368421222e-05,68.0,5.753069822092735e-09,7.584899354699925e-05
18253,CGGCGGCATGGCCGCGCTGTACAAGCCGAACATGTTCGGAGCCGCAGCACCGACGACCAGATGGAGCTGGACCAT,0.0,0.0,0.0,0.0,58.0,0.00011992192669048564,0.00011992192669048564,3.9973975563495206e-05,58.0,4.793756167052737e-09,6.923695665649045e-05
18254,CTTCGGCATGGACGAGCTGTACAAGCCGAACTCGGAGCCGCAGCACCGACGACCAGATGGAGCTGGACCATATGA,0.0,0.0,0.0,0.0,56.0,0.00011578668783908959,0.00011578668783908959,3.859556261302986e-05,56.0,4.468852360248925e-09,6.684947539247354e-05
65,CCTCGGCATGGACGAGCTGTACAAGTGTTCGGAGCCGCAGCACCGACGACCAGATGGAGCTGGACCATATGACCA,59.0,0.00011398653413317105,0.0,0.0,0.0,0.0,0.00011398653413317105,3.799551137772368e-05,59.0,4.33097665456419e-09,6.581015616577878e-05
66,CCGCGTCATGGACGAGCTGTACAAGCCGAAGCCGCAGCACCGACGACCAGATGGAGCTGGACCATATGACCACCG,58.0,0.00011205455897837153,0.0,0.0,0.0,0.0,0.00011205455897837153,3.735151965945717e-05,58.0,4.185408062612448e-09,6.46947297900876e-05
68,CTTCGGCATGGACGAGCTGGAGCCGCAGCACCGACGACCAGATGGAGCTGGACCATATGACCACCGGCGGCCTCC,56.0,0.00010819060866877252,0.0,0.0,0.0,0.0,0.00010819060866877252,3.606353622292417e-05,56.0,3.901735934706492e-09,6.246387703870528e-05
18255,CTTCGGCATGGACGAGCTGTACAAGCCGAACACCACCGGCGGCCTCCACGCCTACCCTGCCCCGCGGGGTGGGCC,0.0,0.0,0.0,0.0,52.0,0.00010751621013629747,0.00010751621013629747,3.5838736712099153e-05,52.0,3.8532451473574915e-09,6.207451286443971e-05
7918,CCGCGGCATGGACTAGCTGTACAAGCCGAACAAAAGGTCGCCCGGCCTCAGTGAGCGAGCGAGCGCGCAGAGAGG,0.0,0.0,59.0,0.00010046212577858148,0.0,0.0,0.00010046212577858148,3.3487375259527153e-05,59.0,3.3642129053171757e-09,5.8001835361626067e-05
18256,CCGCGTCATGGACGAGCTGTACAAGCCGAACAGCGGAGCCGCAGCACCGACGACCAGATGGAGCTGGACCATATG,0.0,0.0,0.0,0.0,48.0,9.924573243350536e-05,9.924573243350536e-05,3.308191081116845e-05,48.0,3.2832384687543123e-09,5.729955033640589e-05
1619,CCTCGGCATGGACGAGCTGTACAAGCCGAACAGCTAAGAACTCCTCGTGCGGACCGAGCGGCCGCAGGAACCCCT,1.0,1.931975154799509e-06,0.0,0.0,47.0,9.717811300780733e-05,9.911008816260684e-05,3.303669605420228e-05,48.0,3.0865241586118513e-09,5.55564951973381e-05
69,CTTCGGCATGGACGAGCTGTACAAGCCGAACACCCGAGCCGCAGCACCGACGACCAGATGGAGCTGGACCATATG,50.0,9.659875773997546e-05,0.0,0.0,0.0,0.0,9.659875773997546e-05,3.219958591332515e-05,50.0,3.1104399989688224e-09,5.577131878455827e-05
18257,CCTCGGCATGGACGAGCTGTACAAGCCGAACTCGGAGCCGCAGCACCGACGACCAGATGGAGCTGGACCATATGC,0.0,0.0,0.0,0.0,46.0,9.51104935821093e-05,9.51104935821093e-05,3.1703497860703094e-05,46.0,3.0153353298108173e-09,5.491206907238897e-05
18258,CTTCGGCATGGACGAGCTCTGTTCGGAGCCGCAGCACCGACGACCAGATGGAGCTGGACCATATGACCACCGGCG,0.0,0.0,0.0,0.0,46.0,9.51104935821093e-05,9.51104935821093e-05,3.1703497860703094e-05,46.0,3.0153353298108173e-09,5.491206907238897e-05
102,CGGCGGCATGGCCGCGCTGTACAAGCCGAACAGGTTCGGAGCCGCAGCACCGACGACCAGATGGAGCTGGACCAT,4.0,7.727900619198036e-06,45.0,7.662365525485027e-05,4.0,8.270477702792114e-06,9.262203357684043e-05,3.087401119228014e-05,53.0,1.5698460463618044e-09,3.962128274503243e-05
89,CCTCGGCATGGACGAGCTGTACAAGCCGAACCTTTGGTCGCCCGGCCTCAGTGAGCGAGCGAGCGCGCAGAGAGG,22.0,4.2503453405589206e-05,0.0,0.0,24.0,4.962286621675268e-05,9.212631962234188e-05,3.0708773207447286e-05,46.0,7.199430736237643e-10,2.6831754948638083e-05
70,CTTCGGCATGGACGAGCTGTACAAGCCGTTCGGAGCCGCAGCACCGACGACCAGATGGAGCTGGACCATATGACC,47.0,9.080283227557694e-05,0.0,0.0,0.0,0.0,9.080283227557694e-05,3.026761075852564e-05,47.0,2.748384783088852e-09,5.242503965748478e-05
7919,CCGCGTCATGGACGAGCTGTACAAGCCGAACAGAGGCTAAGAACTCCTCGTGCGGACCGAGCGGCCGCAGGAACC,0.0,0.0,53.0,9.02456384112681e-05,0.0,0.0,9.02456384112681e-05,3.00818794704227e-05,53.0,2.714758417419116e-09,5.210334362993527e-05
72,CGGCGGCATGGACGTTCGGAGCCGCAGCACCGACGACCAGATGGAGCTGGACCATATGACCACCGGCGGCCTCCA,45.0,8.693888196597791e-05,0.0,0.0,0.0,0.0,8.693888196597791e-05,2.8979627321992633e-05,45.0,2.519456399164747e-09,5.019418690610245e-05
71,CCTCGGCATGGACGAGCTGTACGGAGCCGCAGCACCGACGACCAGATGGAGCTGGACCATATGACCACCGGCGGC,45.0,8.693888196597791e-05,0.0,0.0,0.0,0.0,8.693888196597791e-05,2.8979627321992633e-05,45.0,2.519456399164747e-09,5.019418690610245e-05
18260,CTTCGGCATGGACGAGCTGTACAAGCCGAACAGGCTAAGAACTCCTCGTGCGGACCGAGCGGCCGCAGGAACCAA,0.0,0.0,0.0,0.0,42.0,8.684001587931719e-05,8.684001587931719e-05,2.894667195977239e-05,42.0,2.5137294526400205e-09,5.013710654435516e-05
18259,CCTCGGCATGGACGAGCTGTACAAGCCGAACATTTGCCCGGGCGGCCTCAGTGAGCGAGCGAGCGCGCAGAGAGG,0.0,0.0,0.0,0.0,42.0,8.684001587931719e-05,8.684001587931719e-05,2.894667195977239e-05,42.0,2.5137294526400205e-09,5.013710654435516e-05
18261,CTTCGGCATGGACGAGCTGTACAAGCCGAACCGGCGGCCTCCACGCCTACCCTGCCCCGCGGGGTGGGCCGGCCG,0.0,0.0,0.0,0.0,41.0,8.477239645361915e-05,8.477239645361915e-05,2.8257465484539715e-05,41.0,2.3954530668298604e-09,4.8943365912346696e-05
7920,GCTGTCTCTTATACACATCTCCGAGCCCACGAGACTCCTGAGCATCGGGGTTGGGGGGGT,0.0,0.0,49.0,8.343464683305919e-05,0.0,0.0,8.343464683305919e-05,2.781154894435306e-05,49.0,2.3204467640524375e-09,4.8171015808808076e-05
73,CCTCGGCATGGACGAGCTGTACAAGCCGAACACCCGAGCCGCAGCACAGACGACCAGATGGAGCTGGACCATATG,43.0,8.30749316563789e-05,0.0,0.0,0.0,0.0,8.30749316563789e-05,2.769164388545963e-05,43.0,2.300481423237342e-09,4.7963334154720124e-05
74,CCTCGGCATGGACGAGCTGTACAAGGTTCGGAGCCGCAGCACCGACGACCAGATGGAGCTGGACCATATGACCAC,43.0,8.30749316563789e-05,0.0,0.0,0.0,0.0,8.30749316563789e-05,2.769164388545963e-05,43.0,2.300481423237342e-09,4.7963334154720124e-05
75,CGGCGGCATGGACGTTCGGAGCCGCAGCACCGACGACCAGATGGAGCTGGACCATATGACCACCGGCGGCCTCCC,43.0,8.30749316563789e-05,0.0,0.0,0.0,0.0,8.30749316563789e-05,2.769164388545963e-05,43.0,2.300481423237342e-09,4.7963334154720124e-05
18262,CTTCGGCATGGACGAGCTGTACAAGCCGAACGAGCCGCAGCACCGACGACCAGATGGAGCTGGACCATATGACCA,0.0,0.0,0.0,0.0,39.0,8.063715760222311e-05,8.063715760222311e-05,2.6879052534074365e-05,39.0,2.1674503953885894e-09,4.655588464832979e-05
7921,CGGCGGCATGGCATGGACGAGCTGTACAAGCCGAACGTTCGGAGCCGCAGCACCGACGACCAGATGGAGCTGGAC,0.0,0.0,47.0,8.002915104395473e-05,0.0,0.0,8.002915104395473e-05,2.667638368131824e-05,47.0,2.134888338938707e-09,4.6204851898244486e-05
7922,CGGCGGCATGGCCGCGCTGTACAAGCCGAACAGTTCGGAGCCGCAGCACCGACGACCAGATGGAGCTGGACCATT,0.0,0.0,45.0,7.662365525485027e-05,0.0,0.0,7.662365525485027e-05,2.554121841828342e-05,45.0,1.9570615148713814e-09,4.423868798768089e-05
18263,CTGTACAAGCCGAACAGGCTAAGAACTCCTCGTGCGGACCGAGCGGCCGCCAAACCCAA,0.0,0.0,0.0,0.0,37.0,7.650191875082705e-05,7.650191875082705e-05,2.5500639583609012e-05,37.0,1.950847857519381e-09,4.416840338431287e-05
76,CCGCGTCATGGACGAGCTGTACAAGCCGAACACCTGCGCGGGGGAGCCGCAGCACCGACGACCAGATGGAGCTGG,39.0,7.534703103718086e-05,0.0,0.0,0.0,0.0,7.534703103718086e-05,2.5115677012393618e-05,39.0,1.892391695372632e-09,4.350162865195546e-05
77,CCGCGTCATGGACGAGCTGTACAAGCCGAACGGAGCCGCAGCACCGACGACCAGATGGAGCTGGACCATATGACC,39.0,7.534703103718086e-05,0.0,0.0,0.0,0.0,7.534703103718086e-05,2.5115677012393618e-05,39.0,1.892391695372632e-09,4.350162865195546e-05
78,CCGCGTCATGGACGAGCTGTACAAGTGTTCGGAGCCGCAGCACCGACGACCAGATGGAGCTGGACCATATGACCA,39.0,7.534703103718086e-05,0.0,0.0,0.0,0.0,7.534703103718086e-05,2.5115677012393618e-05,39.0,1.892391695372632e-09,4.350162865195546e-05
79,CTTCGGCATGGACGAGCCTCGCCCTGTTCGGAGCCGCAGCACCGACGACCAGATGGAGCTGGACCATATGACCAC,37.0,7.148308072758184e-05,0.0,0.0,0.0,0.0,7.148308072758184e-05,2.382769357586061e-05,37.0,1.7032769434353274e-09,4.1270775900573124e-05
18264,CCTCGGCATGGACGAGCTGTACAAGCCGAACAGCGGAGCCGCAGCACAGACGACCAGATGGAGCTGGACCATATG,0.0,0.0,0.0,0.0,33.0,6.823144104803493e-05,6.823144104803493e-05,2.2743813682678306e-05,33.0,1.5518431824971555e-09,3.939344085627905e-05
7923,CTTCGGCATGGACGAGCTGTACAAGCCGAACAAAAGGTCGCCCGGCCTCAGTGAGCGAGCGAGCGCGCAGAGAGG,0.0,0.0,37.0,6.300167209843245e-05,0.0,0.0,6.300167209843245e-05,2.1000557366144146e-05,37.0,1.323070229066134e-09,3.637403234542651e-05
80,CCGCGTCATGGACGAGCTGTACAAGCCGAACACCCGAGCCGCAGCACAGACGACCAGATGGAGCTGGACCATATG,32.0,6.182320495358429e-05,0.0,0.0,0.0,0.0,6.182320495358429e-05,2.0607734984528094e-05,32.0,1.2740362235776296e-09,3.569364402211729e-05
81,CCTCGGCATGGACGAGCTGTACAAGCCGAAGCCGCAGCACCGACGACCAGATGGAGCTGGACCATATGACCACCG,32.0,6.182320495358429e-05,0.0,0.0,0.0,0.0,6.182320495358429e-05,2.0607734984528094e-05,32.0,1.2740362235776296e-09,3.569364402211729e-05
18265,CCTCGGCATGGACGAGCTGCGCCCGGGCGGCCTCAGTGAGCGAGCGAGCGCGCAGAGAGGGAGTGGCCAACTCCA,0.0,0.0,0.0,0.0,29.0,5.996096334524282e-05,5.996096334524282e-05,1.9986987781747603e-05,29.0,1.1984390417631842e-09,3.4618478328245224e-05
18266,CCTCGGCATGGACGAGCTGTACAAGCCGAACCCGGCCTCAGTGAGCGAGCGAGCGCGCAGCTGCCTGCAGGGGCG,0.0,0.0,0.0,0.0,29.0,5.996096334524282e-05,5.996096334524282e-05,1.9986987781747603e-05,29.0,1.1984390417631842e-09,3.4618478328245224e-05
82,CCGCGTCATGGACGAGCTGTACAAGGTTCGGAGCCGCAGCACCGACGACCAGATGGAGCTGGACCATATGACCAC,31.0,5.9891229798784785e-05,0.0,0.0,0.0,0.0,5.9891229798784785e-05,1.9963743266261593e-05,31.0,1.1956531356036153e-09,3.457821764642613e-05
18267,CTGTACAAGCCGAACATGATCACCTCCCACAACGAGGACTACACCATCGTGGAACAGTA,0.0,0.0,0.0,0.0,28.0,5.7893343919544796e-05,5.7893343919544796e-05,1.929778130651493e-05,28.0,1.1172130900622313e-09,3.342473769623677e-05
91,CTTCGGCATGGACGAGCTGTACAAGCCGAACCTTTGGTCGCCCGGCCTCAGTGAGCGAGCGAGCGCGCAGAGAGG,19.0,3.6707527941190676e-05,0.0,0.0,9.0,1.8608574831282253e-05,5.531610277247293e-05,1.8438700924157642e-05,28.0,3.368822947465649e-10,1.8354353563843236e-05
83,CTTCGGCATGGACGAGCTGTACAAGTGTTCGGAGCCGCAGCACCGACGACCAGATGGAGCTGGACCATATGACCA,28.0,5.409530433438626e-05,0.0,0.0,0.0,0.0,5.409530433438626e-05,1.8031768111462084e-05,28.0,9.75433983676623e-10,3.123193851935264e-05
18268,CCGCGTCATGGACGAGCTGTACAAGCCGAACAGCGGAGCCGCAGCACAGACGACCAGATGGAGCTGGACCATATG,0.0,0.0,0.0,0.0,26.0,5.375810506814874e-05,5.375810506814874e-05,1.7919368356049577e-05,26.0,9.633112868393729e-10,3.1037256432219854e-05
7924,CCGCGTCATGGACGAGCTGTACAAGCCGAACAAAAGGTCGCCCGGCCTCAGTGAGCGAGCGAGCGCGCAGAGAGG,0.0,0.0,31.0,5.278518473111908e-05,0.0,0.0,5.278518473111908e-05,1.759506157703969e-05,31.0,9.287585756994557e-10,3.0475540613735726e-05
84,CTGTACAAGCCGAACAGACGCTTTTTCGCCCTTTGACGTTGGAGTCCACGTTCTTTAAT,25.0,4.829937886998773e-05,0.0,0.0,0.0,0.0,4.829937886998773e-05,1.6099792956662574e-05,25.0,7.776099997422056e-10,2.7885659392279136e-05
85,CCTCGGCATGGACGAGCTGTACAAGCCGAACAGCGACCTTTGCCCGGGCGGCCTCAGTGAGCGAGCGAGCGCGCA,24.0,4.6367403715188224e-05,0.0,0.0,0.0,0.0,4.6367403715188224e-05,1.5455801238396073e-05,24.0,7.166453757624168e-10,2.677023301658797e-05
86,CCTCGGCATGGACGAGCTGTACAAGCCGATGGAGTTGGCCACTCCCTCTCTGCGCGCTCGCTCGCTCACTGAGGC,24.0,4.6367403715188224e-05,0.0,0.0,0.0,0.0,4.6367403715188224e-05,1.5455801238396073e-05,24.0,7.166453757624168e-10,2.677023301658797e-05
87,CTGTACAAGCCGAACAGGCGGCCTCAGAGAGCGAGCGAGCGCGCAGAGAGGGAGTGGCC,24.0,4.6367403715188224e-05,0.0,0.0,0.0,0.0,4.6367403715188224e-05,1.5455801238396073e-05,24.0,7.166453757624168e-10,2.677023301658797e-05
88,CCGCGTCATGGACGAGCTGTACGGAGCCGCAGCACCGACGACCAGATGGAGCTGGACCATATGACCACCGGCGGC,22.0,4.2503453405589206e-05,0.0,0.0,0.0,0.0,4.2503453405589206e-05,1.4167817801863067e-05,22.0,6.021811838003642e-10,2.4539380265205646e-05
90,CTTCGGCATGGACGAGCTGTACAAGGTTCGGAGCCGCAGCACCGACGACCAGATGGAGCTGGACCATATGACCAC,20.0,3.863950309599019e-05,0.0,0.0,0.0,0.0,3.863950309599019e-05,1.2879834365330062e-05,20.0,4.976703998350117e-10,2.230852751382331e-05
7925,CGGCGGCATGGCCGCGCTGTACAAGCGGAGCCGCAGCACCGACGACCAGATGGAGCTGGACCATATGACCACCGG,0.0,0.0,22.0,3.746045368014902e-05,0.0,0.0,3.746045368014902e-05,1.2486817893383005e-05,22.0,4.677618633075301e-10,2.1627803016199544e-05
18269,CTTCGGCATGGACGAGCTGCGCCCGGGCGGCCTCAGTGAGCGAGCGAGCGCGCAGAGAGGGAGTGGCCAACTCCA,0.0,0.0,0.0,0.0,17.0,3.5149530236866484e-05,3.5149530236866484e-05,1.1716510078955493e-05,17.0,4.1182982529079706e-10,2.0293590744143754e-05
18270,CTTCGGCATGGACGAGCTGTACAAGCCGAACAGCGGAGCCGCAGCACCGACGACCAGATGGAGCTGGACCATATG,0.0,0.0,0.0,0.0,16.0,3.3081910811168454e-05,3.3081910811168454e-05,1.1027303603722816e-05,16.0,3.648042743060348e-10,1.90998501121353e-05
125,CTGCGTCATGGACGAGCTGTACAAGCCGAACAGCTAAGAACTCCTCGTGCGGACCGAGCGGCCGCAGGAACCCCT,2.0,3.863950309599018e-06,0.0,0.0,13.0,2.687905253407437e-05,3.074300284367339e-05,1.0247667614557796e-05,15.0,2.1118475125460508e-10,1.453219705531841e-05
92,CCTCGGCATGGACGAGCTGTACAAGCCGAACAGGCGGCCTCAGTGAGCGAGCGAGCGCGCAGAGAGGGAGTGGCC,15.0,2.897962732199264e-05,0.0,0.0,0.0,0.0,2.897962732199264e-05,9.659875773997545e-06,15.0,2.7993959990719405e-10,1.6731395635367484e-05
93,CTTCGGCATGGACGAGCTGTACGGAGCCGCAGCACCGACGACCAGATGGAGCTGGACCATATGACCACCGGCGGC,15.0,2.897962732199264e-05,0.0,0.0,0.0,0.0,2.897962732199264e-05,9.659875773997545e-06,15.0,2.7993959990719405e-10,1.6731395635367484e-05
18271,CTTCGGCATGGACGAGCTGTACAAGCCGAACATTTGCCCGGGCGGCCTCAGTGAGCGAGCGAGCGCGCAGAGAGG,0.0,0.0,0.0,0.0,14.0,2.8946671959772398e-05,2.8946671959772398e-05,9.648890653257465e-06,14.0,2.7930327251555783e-10,1.6712368848118385e-05
18272,CTTCGGCATGGACGAGCTGTACAAGCCGAACCCGGCCTCAGTGAGCGAGCGAGCGCGCAGCTGCCTGCAGGGGCG,0.0,0.0,0.0,0.0,14.0,2.8946671959772398e-05,2.8946671959772398e-05,9.648890653257465e-06,14.0,2.7930327251555783e-10,1.6712368848118385e-05
108,CTGCGTCATGGACGAGCTGTACAAGCCGAACCTTTGGTCGCCCGGCCTCAGTGAGCGAGCGAGCGCGCAGAGAGG,3.0,5.795925464398528e-06,0.0,0.0,11.0,2.2743813682678313e-05,2.853973914707684e-05,9.513246382358946e-06,14.0,1.396841213134259e-10,1.1818803717526825e-05
94,CCGCGTCATGGACGAGCTGTACAAGCCGAACAGCGACCTTTGCCCGGGCGGCCTCAGTGAGCGAGCGAGCGCGCA,14.0,2.704765216719313e-05,0.0,0.0,0.0,0.0,2.704765216719313e-05,9.015884055731042e-06,14.0,2.4385849591915574e-10,1.561596925967632e-05
95,CCGCGTCATGGACGAGCTGTACAAGCCGATGGAGTTGGCCACTCCCTCTCTGCGCGCTCGCTCGCTCACTGAGGC,13.0,2.511567701239362e-05,0.0,0.0,0.0,0.0,2.511567701239362e-05,8.37189233746454e-06,13.0,2.102657439302925e-10,1.4500542883985154e-05
96,CTTCGGCATGGACGAGCTGTACAAGCCGAACACTCTCTGCGCGCTCGCTCGCTCACTGAGGCCGGGCGACCTTTG,13.0,2.511567701239362e-05,0.0,0.0,0.0,0.0,2.511567701239362e-05,8.37189233746454e-06,13.0,2.102657439302925e-10,1.4500542883985154e-05
97,GCTGTCTCTTATACACATCTCCGAGCCCACGAGACGGACTCCTATCTCGTATGCC,13.0,2.511567701239362e-05,0.0,0.0,0.0,0.0,2.511567701239362e-05,8.37189233746454e-06,13.0,2.102657439302925e-10,1.4500542883985154e-05
110,CTTCGGCATGGACGAGCTGTACAAGCCGAACAGCTAAGAACTCCTCGTGCGGACCGAGCGGCCGCAGGAACCCCT,3.0,5.795925464398528e-06,0.0,0.0,8.0,1.6540955405584227e-05,2.2336880869982754e-05,7.445626956660917e-06,11.0,7.044193769256108e-11,8.392969539594498e-06
