,sequence,count_x,count_y,count,total_reads_seq,count_percent,count_percent,count_percent,percent_mean,sd
0,CTGTACAAGATGGAGCTGGACCATATGACCCGGTGCACCGGCGGCCTCCACGCCTACCC,216728.0,700078.0,449359.0,1366165.0,0.946484876540514,0.9188303804977669,0.926522953844885,0.9306127369610552,0.012361357094719517
1610,CTGTACAAGATGGAGCTGGACCATATGACCCGGTGTGGGCCGGCCGCCAAACCCAATGT,0.0,32759.0,0.0,32759.0,0.0,0.04299515830339811,0.0,0.014331719434466036,0.021497579151699055
1612,CTGTACAAGATGGAGCTGGACCATATGACCCACCGGCGGCCTCCACGCCTACCCTGCCC,0.0,11516.0,9754.0,21270.0,0.0,0.015114388199332479,0.020111547541727233,0.011741978580353236,0.009068425143434214
1,CTGTACAAGATGGAGCTGGACCATATGACCCGGTGCCGGCGGCCTCCACGCCTACCCTG,4971.0,0.0,0.0,4971.0,0.0217091299752819,0.0,0.0,0.0072363766584273,0.01085456498764095
1611,CTGTACAAGCGGAGCCGCAGCACCGACGACCAGATGGAGCTGGACCATATGACCACCGG,0.0,14125.0,0.0,14125.0,0.0,0.018538618731814106,0.0,0.006179539577271369,0.009269309365907053
7776,CTGTACAAGATGGAGCTGGACCATATCACCGGCGGCCTCCACGCCTACCCTGCCCCGCG,0.0,0.0,6803.0,6803.0,0.0,0.0,0.014026948731430221,0.004675649577143407,0.00701347436571511
7777,CTGTACACCGGCGGCCTCCACGCCTACCCTGCCCCGCGGGGTGGGCCGGCCGCCAAACC,0.0,0.0,4941.0,4941.0,0.0,0.0,0.010187733894163857,0.003395911298054619,0.005093866947081928
2,CTGTACAAGATGGAGCTGGACCATATGACACCGGCGGCCTCCACGCCTACCCTGCCCCG,1866.0,0.0,0.0,1866.0,0.008149112157287473,0.0,0.0,0.002716370719095824,0.0040745560786437365
6,CTGTACAAGATGGAGCTGGACCATATGACCCGGTGCTTTGGTCGCCCGGCCTCAGTGAG,673.0,0.0,2231.0,2904.0,0.002939095649439694,0.0,0.004600047423169311,0.002513047690869669,0.0020173460389400696
7778,CTGTACAAGATGGAGCTGGACCATATGACCCGGCACCGGCGGCCTCCACGCCTACCCTG,0.0,0.0,3241.0,3241.0,0.0,0.0,0.006682543119001226,0.002227514373000409,0.003341271559500613
3,CTGTACAAGATGGAGCTGGACCATATGACCCGGTGCGGCCTCAGTGAGCGAGCGAGCGC,1412.0,0.0,0.0,1412.0,0.006166423561677337,0.0,0.0,0.0020554745205591126,0.0030832117808386687
7779,CTGTACAAGATGGAGCTGGACCATATGACCCGGTGGGCCACTCCCTCTCTGCGCGCTCG,0.0,0.0,2978.0,2978.0,0.0,0.0,0.006140269487314302,0.0020467564957714337,0.003070134743657151
4,CTGTACAAGATGGAGCTGGACCATATGACGCCACCGGCGGCCTCCACGCCTACCCTGCC,1186.0,0.0,0.0,1186.0,0.005179446419369208,0.0,0.0,0.0017264821397897359,0.002589723209684604
7780,CTGTACAAGATGGAGCTGGACCATATGACCCGGGGCGGCCTCAGTGAGCGAGCGAGCGC,0.0,0.0,1797.0,1797.0,0.0,0.0,0.003705192837039557,0.0012350642790131857,0.0018525964185197783
5,CTGTACAAGATGGAGCTGGACCATATGACCCGGGTCATATGGTCCAGCTCGTGCGGACC,707.0,0.0,0.0,707.0,0.0030875789363356072,0.0,0.0,0.0010291929787785358,0.0015437894681678036
8,CTGTACAAGATGGAGCTGGACCATATGACCCGGTGGTCATATGGTCCAGCTCGTGCGGC,267.0,0.0,526.0,793.0,0.0011660305176826127,0.0,0.0010845472633738491,0.0007501925936854872,0.0005637496624601688
7781,CTGTACAAGATGGAGCTGGACCATATGACCACGTTTTAGAGCTAGAAATAGCAAGTTAA,0.0,0.0,1087.0,1087.0,0.0,0.0,0.0022412602191775174,0.0007470867397258392,0.0011206301095887587
7,CTGTACAAGATGGAGCTGGACCATATGACCACCGGCGGCCTCCACGCCTACCCTGCCCC,472.0,0.0,0.0,472.0,0.0020612973945550307,0.0,0.0,0.0006870991315183436,0.0010306486972775154
7782,CTGTACAAGATGGAGCTGGACCATATGACCCGCACCGGCGGCCTCCACGCCTACCCTGC,0.0,0.0,932.0,932.0,0.0,0.0,0.001921669295559748,0.0006405564318532494,0.000960834647779874
1613,CTGTACAAGATGGAGCTGGACCATATGACCCGGTGGGTCATATGGTCCAGCTCGTGCGG,0.0,952.0,320.0,1272.0,0.0,0.0012494700908097013,0.000659800616501201,0.0006364235691036341,0.0005413204284772826
13,CTGTACAAGATGGAGCTGGACCATATGACCCGGTGGTCATATGGTCCAGCTCGTGCGGG,93.0,0.0,274.0,367.0,0.00040614546121529204,0.0,0.0005649542778791534,0.00032369991303148185,0.0002523261064599524
12,CTGTACAAGATGGAGCTGGACCATATGACCCGGTGGTCATATGGTCCAGCTCGTGCGGA,95.0,0.0,248.0,343.0,0.00041487977220916927,0.0,0.0005113454777884309,0.0003087417499992,0.00023529371416272356
9,CTGTACAAGATGGAGCTGGACCATATGACCCGGTGCCGGCGGCCGCCCCGCCGACCCAG,211.0,0.0,0.0,211.0,0.0009214698098540497,0.0,0.0,0.0003071566032846832,0.0004607349049270249
10,CTGTACAAGATGGAGCTGGACCATATGACCCGGTGGCCTCAGTGAGCGAGCGAGCGCGC,150.0,0.0,0.0,150.0,0.0006550733245407936,0.0,0.0,0.00021835777484693122,0.0003275366622703968
7783,CTGTACAAGATGGAGCTGGACCATATGACCCGGCACCGGCGGCCGCCCCGCCGACCCAG,0.0,0.0,263.0,263.0,0.0,0.0,0.0005422736316869246,0.00018075787722897485,0.0002711368158434623
11,CTGTACAAGATGGAGCTGGACCATATGACCGGCCTCAGTGAGCGAGCGAGCGCGCAGAG,116.0,0.0,0.0,116.0,0.0005065900376448804,0.0,0.0,0.0001688633458816268,0.0002532950188224402
1614,GCTGTCTCTTATACACATCTCCGAGCCCACGAGACATCTCAGGATCGGGGTTGGCGGGGT,0.0,279.0,0.0,279.0,0.0,0.0003661787345965406,0.0,0.00012205957819884685,0.0001830893672982703
14,CCTGCCACACTCGCTAAGCTCCTCCGGCACCGCACACCTGCCACTGCCGCTGCAGCCGC,11.0,219.0,0.0,230.0,4.803871046632487e-05,0.00028743061962954264,0.0,0.00011182311003195584,0.00013333818141135555
1615,GCTGTCTCTTATACACATCTCCGAGCCCACGAGACATCTCAGGATCGCGTATGCCGGCTT,0.0,247.0,0.0,247.0,0.0,0.000324179739947475,0.0,0.000108059913315825,0.0001620898699737375
1616,GCTGTCTCTTATACACATCTCCGAGCCCACGAGACATCTCAGGATCTCGTTTGCCGTCTT,0.0,229.0,0.0,229.0,0.0,0.00030055530545737563,0.0,0.00010018510181912521,0.00015027765272868782
1617,GCTGTCTCTTATACACATCTCCGAGCCCACGAGACATCTCAGGATCTCGTATGCCGTCTT,0.0,158.0,0.0,158.0,0.0,0.00020737003607976135,0.0,6.912334535992044e-05,0.00010368501803988067
1618,GCTGTCTCTTATACACATCTCCGAGCCCACGAGACATCTCAGGATCGCGTATGCCGTCTT,0.0,129.0,0.0,129.0,0.0,0.00016930844717904565,0.0,5.6436149059681874e-05,8.465422358952283e-05
1632,CTGTACAAGATGGAGCTGGACCATATGACCCGGTGCACCCGCCGCCGGCCCCCCAACCC,0.0,38.0,55.0,93.0,0.0,4.9873806145765385e-05,0.00011340323096114393,5.442567903563644e-05,4.92235679696027e-05
7784,CTGTACAAGATGGAGCTGGACCATATGACCCGGCACCGGCGGGCGCCCCGCCGACCCAG,0.0,0.0,79.0,79.0,0.0,0.0,0.000162888277198734,5.4296092399578e-05,8.1444138599367e-05
1619,GCTGTCTCTTATACACATCTCCGAGCCCACGAGACATCTCAGGATCGGGGTTGGCGGGTT,0.0,87.0,0.0,87.0,0.0,0.00011418476670214707,0.0,3.8061588900715695e-05,5.7092383351073536e-05
1620,GCTGTCTCTTATACACATCTCCGAGCCCACGAGACATCTCAGGATCGCGGTTGGCGGGGT,0.0,74.0,0.0,74.0,0.0,9.712267512596418e-05,0.0,3.2374225041988054e-05,4.856133756298209e-05
1621,GCTGTCTCTTATACACATCTCCGAGCCCACGAGACATCTCAGGATCGGGTATGGCGGATT,0.0,71.0,0.0,71.0,0.0,9.318526937761427e-05,0.0,3.106175645920476e-05,4.6592634688807137e-05
1622,GCTGTCTCTTATACACATCTCCGAGCCCACGAGACATCTCAGGATCTCGGTTGCCGTCTT,0.0,68.0,0.0,68.0,0.0,8.924786362926437e-05,0.0,2.9749287876421454e-05,4.4623931814632185e-05
18,CTGTACAAGATGGAGCTGGACCATATGACCCGGTGCCCCCGCCGGCCGCCCCCCCTCCC,3.0,0.0,34.0,37.0,1.3101466490815872e-05,0.0,7.010381550325262e-05,2.773509399802283e-05,3.227898148420211e-05
1623,CTGTACAAGATGGAGCTGGACCATATGACCCGGTGCACCGGCGGCCAAACCCAATGTGA,0.0,54.0,0.0,54.0,0.0,7.087330347029818e-05,0.0,2.3624434490099392e-05,3.543665173514909e-05
1624,GCTGTCTCTTATACACATCTCCGAGCCCACGAGACATCTCAGGATCGGGGTTGGGGGGGT,0.0,54.0,0.0,54.0,0.0,7.087330347029818e-05,0.0,2.3624434490099392e-05,3.543665173514909e-05
7785,CTGTACAAGATGGAGTTGGCCACTCCCTCTCTGCGCGCTCGCTCGCTCACTGCCACCGG,0.0,0.0,34.0,34.0,0.0,0.0,7.010381550325262e-05,2.3367938501084205e-05,3.505190775162631e-05
1627,CTGTACAAGATGGAGCTGGACCATATGACCCGGTGCACCCGCCGCCGGCCCCCCATCCC,0.0,44.0,3.0,47.0,0.0,5.7748617642465184e-05,6.1856307796987595e-06,2.1311416140721315e-05,2.7458847576801686e-05
1625,GCTGTCTCTTATACACATCTCCGAGCCCTCGAGACATCTCAGGATCGGGGTTGGCGGGGT,0.0,47.0,0.0,47.0,0.0,6.168602339081509e-05,0.0,2.056200779693836e-05,3.0843011695407544e-05
1125,CTGTACAAGATGGAGCTGGACCATATGACCCGGTGCCCCCGCCGCCGGCCCCCCAACCC,1.0,43.0,0.0,44.0,4.367155496938624e-06,5.643614905968188e-05,0.0,2.0267768185540167e-05,2.7192119856812544e-05
1626,GCTGTCTCTTATACACATCTCCGAGCCCTCGAGACATCTCAGGATCGGGTATGGCGGATT,0.0,46.0,0.0,46.0,0.0,6.0373554808031784e-05,0.0,2.012451826934393e-05,3.0186777404015892e-05
1628,GCTGTCTCTTATACACATCTCCGAGCCCACGAGACATCTCAGGATCTCGTTTGCCGGCTT,0.0,44.0,0.0,44.0,0.0,5.7748617642465184e-05,0.0,1.924953921415506e-05,2.8874308821232592e-05
1629,GCTGTCTCTTATACACATCTCCGAGCCCACGAGACATCTCAGGATCTCGTATGCCGGCTT,0.0,41.0,0.0,41.0,0.0,5.381121189411528e-05,0.0,1.793707063137176e-05,2.690560594705764e-05
1630,GCTGTCTCTTATACACATCTCCGAGCCCACGAGACATCTCAGGATCGCGGATGCCGGCGT,0.0,40.0,0.0,40.0,0.0,5.2498743311331985e-05,0.0,1.749958110377733e-05,2.6249371655665992e-05
1631,GCTGTCTCTTATACACATCTCCGAGCCCACGAGACATCTCAGGATCGCGTTTGCCGTCTT,0.0,40.0,0.0,40.0,0.0,5.2498743311331985e-05,0.0,1.749958110377733e-05,2.6249371655665992e-05
1633,GCTGTCTCTTATACACATCTCCGAGCCCACGAGACATCTCAGGATCGCGTATGGCGTCTT,0.0,37.0,0.0,37.0,0.0,4.856133756298209e-05,0.0,1.6187112520994027e-05,2.4280668781491044e-05
1634,GCTGTCTCTTATACACATCTCCGAGCCCACGAGACATCTCAGGATCGCGTTTGCCGGCTT,0.0,37.0,0.0,37.0,0.0,4.856133756298209e-05,0.0,1.6187112520994027e-05,2.4280668781491044e-05
1635,GCTGTCTCTTATACACATCTCCGAGCCCACGAGACATCTCAGGATCGCGGTTGCCGGCTT,0.0,35.0,0.0,35.0,0.0,4.593640039741549e-05,0.0,1.5312133465805165e-05,2.2968200198707744e-05
1636,GCTGTCTCTTATACACATCTCCGAGCCCACGAGACATCTCAGGATCGCGTATGGCGGCTT,0.0,35.0,0.0,35.0,0.0,4.593640039741549e-05,0.0,1.5312133465805165e-05,2.2968200198707744e-05
16,CTGTACAAGATGGAGTTGGCCACTCCCTCTCTGCGCGCTCGCTCGCTCACTGAGGCCGC,4.0,2.0,11.0,17.0,1.7468621987754496e-05,2.624937165566599e-06,2.2680646192228784e-05,1.4258068448516626e-05,9.012017254551116e-06
1123,CTGTACAAGATGGAGCTGGACCATATGACCCGGTGCCCCCGCCGCCCGCCCCCCCACCC,1.0,28.0,0.0,29.0,4.367155496938624e-06,3.674912031793239e-05,0.0,1.3705425271623674e-05,1.7385919363612868e-05
1637,GCTGTCTCTTATACACATCTCCGAGCCCACGAGACATCTCAGGATCGCGGTTGCCGTCTT,0.0,30.0,0.0,30.0,0.0,3.937405748349899e-05,0.0,1.3124685827832998e-05,1.9687028741749496e-05
1638,GCTGTCTCTTATACACATCTCCGAGCCCACGAGACATCTCAGGATCGCGGTTGCCGGGGT,0.0,27.0,0.0,27.0,0.0,3.543665173514909e-05,0.0,1.1812217245049696e-05,1.7718325867574544e-05
1639,GCTGTCTCTTATACACATCTCCGAGCCCACGAGACATCTCAGGATCGGGGTTGGGGGGGG,0.0,27.0,0.0,27.0,0.0,3.543665173514909e-05,0.0,1.1812217245049696e-05,1.7718325867574544e-05
1640,GCTGTCTCTTATACACATCTCCGAGCCCACGAGACATCTCAGGATCGCGGTTGGCGGGTT,0.0,25.0,0.0,25.0,0.0,3.281171456958249e-05,0.0,1.093723818986083e-05,1.6405857284791244e-05
1641,GCTGTCTCTTATACACATCTCCGAGCCCACGAGACATCTCAGGATCTCGTATGCCGTATT,0.0,22.0,0.0,22.0,0.0,2.8874308821232592e-05,0.0,9.62476960707753e-06,1.4437154410616296e-05
1642,CTGTACAAGATGGAGCTGGACCATATGACCCGGTGCACCCGCGGCCGGCCCCCCATCCC,0.0,21.0,0.0,21.0,0.0,2.7561840238449292e-05,0.0,9.187280079483096e-06,1.3780920119224646e-05
7786,CTGTACAAGATGGAGCTGGACCATATGACCCGGTGAGTGGCGCCCGGCCTCAGTGAGCG,0.0,0.0,13.0,13.0,0.0,0.0,2.680440004536129e-05,8.93480001512043e-06,1.3402200022680646e-05
1643,GCTGTCTCTTATACACATCTCCGAGCCCACGAGACATCTCAGGATCGCGGTTGCCGGCGT,0.0,19.0,0.0,19.0,0.0,2.4936903072882692e-05,0.0,8.31230102429423e-06,1.2468451536441348e-05
1644,GCTGTCTCTTATACACATCTCCGAGCCCACGAGACATCTCAGGAGCGGGGTTGGGGGGGG,0.0,17.0,0.0,17.0,0.0,2.2311965907316092e-05,0.0,7.437321969105364e-06,1.1155982953658046e-05
1645,GCTGTCTCTTATACACATCTCCGAGCCCACGAGACATCTCAGGCTCGCGGTTGCCGGCGT,0.0,16.0,0.0,16.0,0.0,2.0999497324532793e-05,0.0,6.99983244151093e-06,1.0499748662266396e-05
15,CTGTACAAGATGGAGCTGGACCATACACCGGCGGCCTCCACGCCTACCCTGCCCCGCGG,4.0,0.0,0.0,4.0,1.7468621987754496e-05,0.0,0.0,5.8228739959181655e-06,8.734310993877248e-06
17,CTGTACAAGATGGAGTTGGCCACTCCCTCTCTGCGCGCTCGCTCGCTCACTGAGGCCGG,4.0,0.0,0.0,4.0,1.7468621987754496e-05,0.0,0.0,5.8228739959181655e-06,8.734310993877248e-06
1646,GCTGTCTCTTATACACATCTCCGAGCCCTCGAGACATCTCAGGAGCGGGGTTGGGGGGGG,0.0,13.0,0.0,13.0,0.0,1.7062091576182896e-05,0.0,5.687363858727632e-06,8.531045788091448e-06
1647,CTGTACAAGATGGAGCTGGACCATATGACCCGGTGCACCGGCGGCCAAACCCAATGTGC,0.0,12.0,0.0,12.0,0.0,1.5749622993399596e-05,0.0,5.249874331133198e-06,7.874811496699798e-06
19,CTGTACAAGATGGAGCTGGACCATATGACCCGGTGCCCCCGCCGCCGGCCCCCCATCCC,2.0,4.0,0.0,6.0,8.734310993877248e-06,5.249874331133198e-06,0.0,4.661395108336816e-06,3.8077333790447285e-06
1104,CTGTACAAGATGGAGCTGGACCATATGACCCGGTGCACCCGCCGCCGGCCACCCAACCC,1.0,0.0,4.0,5.0,4.367155496938624e-06,0.0,8.247507706265014e-06,4.204887734401213e-06,3.5733486355197387e-06
1107,CTGTACAAGATGGAGCTGGACCATATGACCCGGTGCACCCGCCGGCGGCCCCCCATCCC,1.0,3.0,2.0,6.0,4.367155496938624e-06,3.937405748349899e-06,4.123753853132507e-06,4.142771699473676e-06,1.8663293612585582e-07
1651,CTGTACAAGATGGAGCTGGACCATATGACCCGGTGCCCCCGCCGCCCGCCCCCCCTCCC,0.0,4.0,3.0,7.0,0.0,5.249874331133198e-06,6.1856307796987595e-06,3.811835036943986e-06,2.887448024780705e-06
1133,CTGTACAAGATGGAGCTGGACCATATGACCCGGTGCCCCCGCGGCCGGCCCCCCGACCC,1.0,4.0,0.0,5.0,4.367155496938624e-06,5.249874331133198e-06,0.0,3.205676609357274e-06,2.4344511744789195e-06
1075,CTGTACAAGATGGAGCTGGACCATATGACCCGGTCACCCGCCGCCGGCCCCCCCTCCCC,1.0,2.0,1.0,4.0,4.367155496938624e-06,2.624937165566599e-06,2.0618769265662534e-06,3.0179898630238253e-06,1.0408332499691013e-06
1115,CTGTACAAGATGGAGCTGGACCATATGACCCGGTGCCACCGCCGCCCGCCCCCCCACCC,1.0,3.0,0.0,4.0,4.367155496938624e-06,3.937405748349899e-06,0.0,2.768187081762841e-06,2.0844632405007813e-06
1685,CTGTACAAGATGGAGCTGGACCATATGACCCGGTGCCCCCGCCGGCGGCCCCCCATCCC,0.0,2.0,2.0,4.0,0.0,2.624937165566599e-06,4.123753853132507e-06,2.249563672899702e-06,1.807695094150423e-06
1649,CTGTACAAGATGGAGCNGNNCCANANGACCCGGTGCACCGGCGGCCTCCACGCCTACCC,0.0,4.0,0.0,4.0,0.0,5.249874331133198e-06,0.0,1.7499581103777325e-06,2.624937165566599e-06
1652,CTGTACAAGATGGAGCTGGACCATATGACCCGGTGCCCCCGCCGGCGGCCCCCCATACC,0.0,4.0,0.0,4.0,0.0,5.249874331133198e-06,0.0,1.7499581103777325e-06,2.624937165566599e-06
1650,CTGTACAAGATGGAGCTGGACCATATGACCCGGTGCAACCGCCGCCGGCCCCCCATCCC,0.0,4.0,0.0,4.0,0.0,5.249874331133198e-06,0.0,1.7499581103777325e-06,2.624937165566599e-06
1648,ATGGACGAGCTGTACAAGATGGAGCTGGACCATATGACCCGGTGCACCGGCGGCCTCCA,0.0,4.0,0.0,4.0,0.0,5.249874331133198e-06,0.0,1.7499581103777325e-06,2.624937165566599e-06
