,sequence,20_S16_count,20_S16_percent,21_S17_count,21_S17_percent,19_S15_count,19_S15_percent,total_reads_seq,percent_mean,sd
0,CTGTACAAGATGGAGCTGGACCATATGACCCGGTGCACCGGCGGCCTCCACGCCTACCC,220559.0,0.8789907660915899,700078.0,0.8424463842619668,451347.0,0.8482483325283362,1371984.0,0.8565618276272976,0.01963946565967778
1,CCTCGGCATGGACGAGCTGTACAAGATGGAGCTGGACCATATGACCCGGTGCACCGGCGGCCTCCACGCCTACCC,10796.0,0.0430251511419838,29124.0,0.03504667836333312,21682.0,0.04074851576698058,61602.0,0.03960678175743249,0.004109948221247626
2,CCGCGTCATGGACGAGCTGTACAAGATGGAGCTGGACCATATGACCCGGTGCACCGGCGGCCTCCACGCCTACCC,4595.0,0.018312390653706514,17697.0,0.021295875120035234,9001.0,0.01691621577431013,31293.0,0.01884149384935063,0.0022372564984551764
3,CTTCGGCATGGACGAGCTGTACAAGATGGAGCTGGACCATATGACCCGGTGCACCGGCGGCCTCCACGCCTACCC,2493.0,0.0099353188029794,6400.0,0.007701508773703198,6560.0,0.012328671867511883,15453.0,0.009988499814731494,0.002314039917370598
4,CTGTACAAGATGGAGCTGGACCATATGACACCGGCGGCCTCCACGCCTACCCTGCCCCG,1865.0,0.007432558992200794,0.0,0.0,0.0,0.0,1865.0,0.0024775196640669313,0.004291189934914902
5,CTGTACAAGATGGAGCTGGACCATATGACCCGGTGCGGCCTCAGTGAGCGAGCGAGCGC,1412.0,0.005627224287928966,0.0,0.0,0.0,0.0,1412.0,0.0018757414293096555,0.0032488794574261886
6,CTGTACAAGATGGAGCTGGACCATATGACGCCACCGGCGGCCTCCACGCCTACCCTGCC,1186.0,0.0047265495789545,0.0,0.0,0.0,0.0,1186.0,0.0015755165263181667,0.0027288746717474928
7,CTGTACAAGATGGAGCTGGACCATATGACCCGGGTCATATGGTCCAGCTCGTGCGGACC,707.0,0.002817597430287379,0.0,0.0,0.0,0.0,707.0,0.0009391991434291263,0.0016267406348444162
8,CTGTACAAGATGGAGCTGGACCATATGACCCGGTGCTTTGGTCGCCCGGCCTCAGTGAG,673.0,0.0026820976953089194,0.0,0.0,2231.0,0.004192876057380946,2904.0,0.0022916579175632887,0.0021235312154932267
9,CTGTACAAGATGGAGCTGGACCATATGACCCGGTGCGGCGGCCTCCACGCCTACCCTGC,491.0,0.0019567755845418715,0.0,0.0,0.0,0.0,491.0,0.0006522585281806239,0.0011297449104789368
10,CTGTACAAGATGGAGCTGGACCATATGACCACCGGCGGCCTCCACGCCTACCCTGCCCC,472.0,0.00188105514440685,0.0,0.0,0.0,0.0,472.0,0.00062701838146895,0.001086027693983825
11,CTGTACAAGATGGAGCTGGACCATATGACCCGGTGCCGGCGGCCTCCACGCCGACCCAG,320.0,0.0012752916233266778,0.0,0.0,0.0,0.0,320.0,0.0004250972077755593,0.0007362899620229322
12,CTGTACAAGATGGAGCTGGACCATATGACCCGGTGGTCATATGGTCCAGCTCGTGCGGC,267.0,0.0010640714482131968,0.0,0.0,526.0,0.0009885489942547637,793.0,0.0006842068141559868,0.0005937424809343608
13,CTGTACAAGATGGAGCTGGACCATATGACCCGGTGCCGGCGGCCGCCCCGCCGACCCAG,219.0,0.0008727777047141952,0.0,0.0,0.0,0.0,219.0,0.0002909259015713984,0.0005038984427594444
14,CTGTACAAGATGGAGCTGGACCATATGACCCGGTGCCGGCGGCCGCCACGCCGACCCAG,187.0,0.0007452485423815274,0.0,0.0,0.0,0.0,187.0,0.00024841618079384246,0.00043026944655715106
15,CTGTACAAGATGGAGCTGGACCATATGACCCGGTGGCCTCAGTGAGCGAGCGAGCGCGC,150.0,0.0005977929484343803,0.0,0.0,0.0,0.0,150.0,0.00019926431614479342,0.0003451359196982495
16,CTGTACAAGATGGAGCTGGACCATATGACCCGGTGCCGGCGGCCTCCCCGCCGACCCAG,130.0,0.0005180872219764629,0.0,0.0,0.0,0.0,130.0,0.00017269574065882098,0.0002991177970718162
17,CTGTACAAGATGGAGCTGGACCATATGACCGGCCTCAGTGAGCGAGCGAGCGCGCAGAG,116.0,0.00046229321345592076,0.0,0.0,0.0,0.0,116.0,0.00015409773781864026,0.00026690511123331293
18,CTGTACAAGATGGAGCTGGACCATATGACCCGGTGGTCATATGGTCCAGCTCGTGCGGA,95.0,0.0003786022006751075,0.0,0.0,248.0,0.0004660839364547175,343.0,0.00028156204570994165,0.0002477320179387978
19,CTGTACAAGATGGAGCTGGACCATATGACCCGGTGGTCATATGGTCCAGCTCGTGCGGG,93.0,0.0003706316280293158,0.0,0.0,274.0,0.0005149475749540024,367.0,0.00029519306766110607,0.00026563317475528726
20,CGGCGGCATGGCCGCGCTGTACAAGATGGAGCTGGACCATATGACCCGGTGCACCGGCGGCCTCCACGCCTACCC,86.0,0.0003427346237690447,213.0,0.0002563158388748096,201.0,0.00037775351301370247,500.0,0.0003256013252191856,6.250551667225011e-05
21,CCTCGGCATGGACGAGCTGTACAAGATGGAGCTGGACCATATGACCCGGTGCGGCCTCAGTGAGCGAGCGAGCGC,77.0,0.00030686704686298187,0.0,0.0,0.0,0.0,77.0,0.00010228901562099396,0.00017716977211176807
22,CCTCGGCATGGACGAGCTGTACAAGATGGAGCTGGACCATATGACACCGGCGGCCTCCACGCCTACCCTGCCCCG,58.0,0.00023114660672796038,0.0,0.0,0.0,0.0,58.0,7.704886890932013e-05,0.00013345255561665647
23,CCTCGGCATGGACGAGCTGTACAAGATGGAGCTGGACCATATGACCCGGTGCCGGCGGCCTCCACGCCTACCCAG,56.0,0.00022317603408216863,0.0,0.0,0.0,0.0,56.0,7.439201136072287e-05,0.00012885074335401315
24,CCTCGGCATGGACGAGCTGTACAAGATGGAGCTGGACCATATGACGCCACCGGCGGCCTCCACGCCTACCCTGCC,38.0,0.000151440880270043,0.0,0.0,0.0,0.0,38.0,5.048029342334767e-05,8.743443299022321e-05
25,CCTCGGCATGGACGAGCTGTACAAGATGGAGCTGGACCATATGACCCGGTGCGGCGGCCTCCACGCCTACCCTGC,32.0,0.0001275291623326678,0.0,0.0,0.0,0.0,32.0,4.250972077755593e-05,7.362899620229323e-05
26,CCTCGGCATGGACGAGCTGTACAAGATGGAGCTGGACCATATGACCCGGGTCATATGGTCCAGCTCGTGCGGACC,31.0,0.00012354387600977193,0.0,0.0,0.0,0.0,31.0,4.118129200325731e-05,7.132809007097157e-05
27,CCGCGTCATGGACGAGCTGTACAAGATGGAGCTGGACCATATGACACAGGCGGCCTCCACGCCTACCCTGCCCCG,27.0,0.00010760273071818845,0.0,0.0,0.0,0.0,27.0,3.586757690606282e-05,6.212446554568492e-05
28,CCGCGTCATGGACGAGCTGTACAAGATGGAGCTGGACCATATGACGCCACCGGCGGCCTCCACGCCTACCCTGCC,25.0,9.963215807239671e-05,0.0,0.0,0.0,0.0,25.0,3.321071935746557e-05,5.7522653283041584e-05
29,CCGCGTCATGGACGAGCTGTACAAGATGGAGCTGGACCATATGACCCGGTGCTTTGGTCGCCCGGCCTCAGTGAG,22.0,8.76762991037091e-05,0.0,0.0,40.0,7.517482846043831e-05,62.0,5.4283709188049135e-05,4.7424808955552554e-05
30,CCTCGGCATGGACGAGCTGTACAAGATGGAGCTGGACCATATGACCACCGGCGGCCTCCACGCCTACCCTGCCCC,19.0,7.57204401350215e-05,0.0,0.0,0.0,0.0,19.0,2.5240146711673835e-05,4.371721649511161e-05
31,CTTCGGCATGGACGAGCTGTACAAGATGGAGCTGGACCATATGACACCGGCGGCCTCCACGCCTACCCTGCCCCG,19.0,7.57204401350215e-05,0.0,0.0,0.0,0.0,19.0,2.5240146711673835e-05,4.371721649511161e-05
32,CCGCGTCATGGACGAGCTGTACAAGATGGAGCTGGACCATATGACACCGGCGGCCTCCACGCCTACCCTGCCCCG,16.0,6.37645811663339e-05,0.0,0.0,0.0,0.0,16.0,2.1254860388777964e-05,3.6814498101146616e-05
33,CCGCGTCATGGACGAGCTGTACAAGATGGAGCTGGACCATATGACCCGGTGCCGGCGGCCTCCACGCCGACCCAG,16.0,6.37645811663339e-05,0.0,0.0,0.0,0.0,16.0,2.1254860388777964e-05,3.6814498101146616e-05
34,CCTCGGCATGGACGAGCTGTACAAGATGGAGCTGGACCATATGACACAGGCGGCCTCCACGCCTACCCTGCCCCG,16.0,6.37645811663339e-05,0.0,0.0,0.0,0.0,16.0,2.1254860388777964e-05,3.6814498101146616e-05
35,CCTCGGCATGGACGAGCTGTACAAGATGGAGCTGGACCATATGACCCGGTGCTTTGGTCGCCCGGCCTCAGTGAG,16.0,6.37645811663339e-05,0.0,0.0,59.0,0.00011088287197914651,75.0,5.821581771516013e-05,5.564929834655384e-05
36,CTTCGGCATGGACGAGCTGTACAAGATGGAGCTGGACCATATGACCCGGGTCATATGGTCCAGCTCGTGCGGACC,14.0,5.5794008520542156e-05,0.0,0.0,0.0,0.0,14.0,1.8598002840180718e-05,3.221268583850329e-05
37,CTTCGGCATGGACGAGCTGTACAAGATGGAGCTGGACCATATGACCCGGTGCGGCCTCAGTGAGCGAGCGAGCGC,13.0,5.180872219764629e-05,0.0,0.0,0.0,0.0,13.0,1.7269574065882098e-05,2.991177970718163e-05
38,CCTCGGCATGGACGAGCTGTACAAGATGGAGCTGGACCATATGACCCGGCCGGCGGCCTCCACGCCTACCCTGCC,12.0,4.782343587475042e-05,0.0,0.0,0.0,0.0,12.0,1.5941145291583474e-05,2.7610873575859963e-05
39,CCTGCCACACTCGCTAAGCTCCTCCGGCACCGCACACCTGCCACTGCCGCTGCAGCCGC,11.0,4.383814955185455e-05,219.0,0.00026353600335015634,0.0,0.0,230.0,0.00010245805096733696,0.0001412091565618677
40,CTTCGGCATGGACGAGCTGTACAAGATGGAGCTGGACCATATGACCCGGTGCTTTGGTCGCCCGGCCTCAGTGAG,10.0,3.985286322895868e-05,0.0,0.0,50.0,9.396853557554788e-05,60.0,4.4607132934835525e-05,4.71643268782712e-05
46,CCTCGGCATGGACGAGCTGTACAAGATGGAGCTGGACCATATGACCCGGTGGTCATATGGTCCAGCTCGTGCGGC,4.0,1.5941145291583474e-05,0.0,0.0,49.0,9.208916486403692e-05,53.0,3.6010103385206804e-05,4.921560606719834e-05
48,CTGTACAAGATGGAGTTGGCCACTCCCTCTCTGCGCGCTCGCTCGCTCACTGAGGCCGC,4.0,1.5941145291583474e-05,2.0,2.4067214917822496e-06,11.0,2.0673077826620535e-05,17.0,1.3006981536662087e-05,9.480080756161441e-06
55,CTGTACAAGATGGAGCTGGACCATATGACCCGGTGCCCCCGCCGGCCGCCCCCCCTCCC,3.0,1.1955858968687606e-05,0.0,0.0,34.0,6.389860419137256e-05,37.0,2.5284821053353385e-05,3.3970631832397046e-05
2776,CTGTACAAGATGGAGCTGGACCATATGACCCGGTGCCCCCGCCGCCCGCCCCCCCACCC,1.0,3.9852863228958686e-06,28.0,3.3694100884951495e-05,0.0,0.0,29.0,1.2559795735949122e-05,1.841099582769021e-05
2778,CTGTACAAGATGGAGCTGGACCATATGACCCGGTGCCCCCGCCGCCGGCCCCCCAACCC,1.0,3.9852863228958686e-06,43.0,5.1744512073318364e-05,0.0,0.0,44.0,1.8576599465404745e-05,2.879328822561799e-05
3464,CTGTACAAGATGGAGCTGGACCATATGACCCGGTGTGGGCCGGCCGCCAAACCCAATGT,0.0,0.0,32759.0,0.03942089467464736,0.0,0.0,32759.0,0.013140298224882453,0.022759664152103534
3465,CTGTACAAGCGGAGCCGCAGCACCGACGACCAGATGGAGCTGGACCATATGACCACCGG,0.0,0.0,14126.0,0.016998673896458028,0.0,0.0,14126.0,0.005666224632152676,0.009814188949986707
3466,CTGTACAAGATGGAGCTGGACCATATGACCCACCGGCGGCCTCCACGCCTACCCTGCCC,0.0,0.0,11516.0,0.013857902349682193,9754.0,0.018331381920077883,21270.0,0.010729761423253359,0.009557658709989536
3467,CCTCGGCATGGACGAGCTGTACAAGATGGAGCTGGACCATATGACCCGGTGTGGGCCGGCCGCCAAACCCAATGT,0.0,0.0,1333.0,0.0016040798742728692,0.0,0.0,1333.0,0.0005346932914242897,0.000926115947213102
3468,CCGCGTCATGGACGAGCTGTACAAGATGGAGCTGGACCATATGACCCGGTGTGGGCCGGCCGCCAAACCCAATGT,0.0,0.0,961.0,0.0011564296768013709,0.0,0.0,961.0,0.0003854765589337903,0.0006676649852001434
3469,CTGTACAAGATGGAGCTGGACCATATGACCCGGTGGGTCATATGGTCCAGCTCGTGCGG,0.0,0.0,952.0,0.0011455994300883508,318.0,0.0005976398862604846,1270.0,0.0005810797721162784,0.0005729792243965225
3470,CCTCGGCATGGACGAGCTGTACAAGCGGAGCCGCAGCACCGACGACCAGATGGAGCTGGACCATATGACCACCGG,0.0,0.0,510.0,0.0006137139804044736,0.0,0.0,510.0,0.0002045713268014912,0.00035432793179195955
3471,CCTCGGCATGGACGAGCTGTACAAGATGGAGCTGGACCATATGACCCACCGGCGGCCTCCACGCCTACCCTGCCC,0.0,0.0,442.0,0.0005318854496838771,423.0,0.0007949738109691351,865.0,0.0004422864202176708,0.00040498991295174515
3472,CCGCGTCATGGACGAGCTGTACAAGCGGAGCCGCAGCACCGACGACCAGATGGAGCTGGACCATATGACCACCGG,0.0,0.0,345.0,0.00041515945733243805,0.0,0.0,345.0,0.00013838648577747936,0.00023969242444750203
3473,CCGCGTCATGGACGAGCTGTACAAGATGGAGCTGGACCATATGACCCACCGGCGGCCTCCACGCCTACCCTGCCC,0.0,0.0,301.0,0.00036221158451322854,201.0,0.00037775351301370247,502.0,0.000246655032508977,0.0002137508284940244
3474,GCTGTCTCTTATACACATCTCCGAGCCCACGAGACATCTCAGGATCGGGGTTGGCGGGGT,0.0,0.0,281.0,0.00033814436959540606,0.0,0.0,281.0,0.00011271478986513535,0.00019522774281086397
3475,CTTCGGCATGGACGAGCTGTACAAGATGGAGCTGGACCATATGACCCGGTGTGGGCCGGCCGCCAAACCCAATGT,0.0,0.0,263.0,0.0003164838761693658,0.0,0.0,263.0,0.0001054946253897886,0.00018272205110055954
3476,GCTGTCTCTTATACACATCTCCGAGCCCACGAGACATCTCAGGATCGCGTATGCCGGCTT,0.0,0.0,232.0,0.00027917969304674093,0.0,0.0,232.0,9.305989768224698e-05,0.00016118447093281296
3477,GCTGTCTCTTATACACATCTCCGAGCCCACGAGACATCTCAGGATCTCGTTTGCCGTCTT,0.0,0.0,227.0,0.0002731628893172853,0.0,0.0,227.0,9.10542964390951e-05,0.0001577106676799506
3478,GCTGTCTCTTATACACATCTCCGAGCCCACGAGACATCTCAGGATCTCGTATGCCGTCTT,0.0,0.0,156.0,0.00018772427635901546,0.0,0.0,156.0,6.257475878633849e-05,0.00010838266148930527
3479,CTTCGGCATGGACGAGCTGTACAAGCGGAGCCGCAGCACCGACGACCAGATGGAGCTGGACCATATGACCACCGG,0.0,0.0,137.0,0.00016486042218708408,0.0,0.0,137.0,5.495347406236136e-05,9.518220912842836e-05
3480,GCTGTCTCTTATACACATCTCCGAGCCCACGAGACATCTCAGGATCGCGTATGCCGTCTT,0.0,0.0,123.0,0.00014801337174460833,0.0,0.0,123.0,4.933779058153611e-05,8.545556002041376e-05
3481,CTTCGGCATGGACGAGCTGTACAAGATGGAGCTGGACCATATGACCCACCGGCGGCCTCCACGCCTACCCTGCCC,0.0,0.0,118.0,0.0001419965680151527,134.0,0.0002518356753424683,252.0,0.00013127741445254036,0.0001262595621472822
3482,GCTGTCTCTTATACACATCTCCGAGCCCACGAGACATCTCAGGATCGGGGTTGGCGGGTT,0.0,0.0,80.0,9.626885967128997e-05,0.0,0.0,80.0,3.208961989042999e-05,5.558085204579757e-05
3483,GCTGTCTCTTATACACATCTCCGAGCCCACGAGACATCTCAGGATCGCGGTTGGCGGGGT,0.0,0.0,76.0,9.145541668772547e-05,0.0,0.0,76.0,3.048513889590849e-05,5.2801809443507696e-05
3484,GCTGTCTCTTATACACATCTCCGAGCCCACGAGACATCTCAGGATCGGGTATGGCGGATT,0.0,0.0,71.0,8.543861295826985e-05,0.0,0.0,71.0,2.847953765275662e-05,4.932800619064535e-05
3485,GCTGTCTCTTATACACATCTCCGAGCCCACGAGACATCTCAGGATCTCGGTTGCCGTCTT,0.0,0.0,66.0,7.942180922881423e-05,0.0,0.0,66.0,2.6473936409604743e-05,4.5854202937783e-05
3486,CTGTACAAGATGGAGCTGGACCATATGACCCGGTGCACCGGCGGCCAAACCCAATGTGA,0.0,0.0,54.0,6.498148027812073e-05,0.0,0.0,54.0,2.1660493426040243e-05,3.7517075130913365e-05
3487,GCTGTCTCTTATACACATCTCCGAGCCCACGAGACATCTCAGGATCGGGGTTGGGGGGGT,0.0,0.0,54.0,6.498148027812073e-05,0.0,0.0,54.0,2.1660493426040243e-05,3.7517075130913365e-05
3488,GCTGTCTCTTATACACATCTCCGAGCCCTCGAGACATCTCAGGATCGGGGTTGGCGGGGT,0.0,0.0,48.0,5.7761315802773985e-05,0.0,0.0,48.0,1.9253771934257994e-05,3.334851122747855e-05
3489,GCTGTCTCTTATACACATCTCCGAGCCCTCGAGACATCTCAGGATCGGGTATGGCGGATT,0.0,0.0,46.0,5.5354594310991735e-05,0.0,0.0,46.0,1.8451531436997246e-05,3.19589899263336e-05
3490,CTGTACAAGATGGAGCTGGACCATATGACCCGGTGCACCCGCCGCCGGCCCCCCATCCC,0.0,0.0,44.0,5.2947872819209485e-05,3.0,5.638112134532873e-06,47.0,1.9528661651247453e-05,2.907885543529904e-05
3491,GCTGTCTCTTATACACATCTCCGAGCCCACGAGACATCTCAGGATCTCGTTTGCCGGCTT,0.0,0.0,44.0,5.2947872819209485e-05,0.0,0.0,44.0,1.7649290939736495e-05,3.056946862518867e-05
3492,GCTGTCTCTTATACACATCTCCGAGCCCACGAGACATCTCAGGATCGCGGATGCCGGCGT,0.0,0.0,41.0,4.9337790581536114e-05,0.0,0.0,41.0,1.644593019384537e-05,2.8485186673471263e-05
3493,GCTGTCTCTTATACACATCTCCGAGCCCACGAGACATCTCAGGATCTCGTATGCCGGCTT,0.0,0.0,40.0,4.8134429835644986e-05,0.0,0.0,40.0,1.6044809945214997e-05,2.7790426022898785e-05
3494,GCTGTCTCTTATACACATCTCCGAGCCCACGAGACATCTCAGGATCGCGTTTGCCGTCTT,0.0,0.0,39.0,4.6931069089753865e-05,0.0,0.0,39.0,1.5643689696584623e-05,2.709566537232632e-05
3495,CTGTACAAGATGGAGCTGGACCATATGACCCGGTGCACCCGCCGCCGGCCCCCCAACCC,0.0,0.0,38.0,4.5727708343862737e-05,55.0,0.00010336538913310268,93.0,4.9697699158988465e-05,5.179692595090535e-05
3496,GGGCGGCATGGCCGAGCTGTACAAGATGGAGCTGGACCATATGACCCGGTGCACCGGCGGCCTCCACGCCTACCC,0.0,0.0,37.0,4.4524347597971615e-05,0.0,0.0,37.0,1.4841449199323872e-05,2.570614407118138e-05
3497,GCTGTCTCTTATACACATCTCCGAGCCCACGAGACATCTCAGGATCGCGTTTGCCGGCTT,0.0,0.0,36.0,4.3320986852080494e-05,0.0,0.0,36.0,1.4440328950693498e-05,2.5011383420608914e-05
3498,GCTGTCTCTTATACACATCTCCGAGCCCACGAGACATCTCAGGATCGCGTATGGCGTCTT,0.0,0.0,35.0,4.2117626106189365e-05,0.0,0.0,35.0,1.4039208702063122e-05,2.431662277003644e-05
3499,GCTGTCTCTTATACACATCTCCGAGCCCACGAGACATCTCAGGATCGCGGTTGCCGGCTT,0.0,0.0,34.0,4.0914265360298244e-05,0.0,0.0,34.0,1.3638088453432749e-05,2.362186211946397e-05
3500,GCTGTCTCTTATACACATCTCCGAGCCCACGAGACATCTCAGGATCGCGGTTGCCGTCTT,0.0,0.0,30.0,3.6100822376733745e-05,0.0,0.0,30.0,1.2033607458911248e-05,2.0842819517174094e-05
3501,GCTGTCTCTTATACACATCTCCGAGCCCACGAGACATCTCAGGATCGCGTATGGCGGCTT,0.0,0.0,30.0,3.6100822376733745e-05,0.0,0.0,30.0,1.2033607458911248e-05,2.0842819517174094e-05
3502,GCTGTCTCTTATACACATCTCCGAGCCCACGAGACATCTCAGGATCGCGGTTGCCGGGGT,0.0,0.0,27.0,3.249074013906037e-05,0.0,0.0,27.0,1.0830246713020122e-05,1.8758537565456683e-05
3503,GCTGTCTCTTATACACATCTCCGAGCCCACGAGACATCTCAGGATCGGGGTTGGGGGGGG,0.0,0.0,27.0,3.249074013906037e-05,0.0,0.0,27.0,1.0830246713020122e-05,1.8758537565456683e-05
3504,CCTCGGCATGGACGAGCTGTACAAGATGGAGCTGGACCATATGACCCGGTGGGTCATATGGTCCAGCTCGTGCGG,0.0,0.0,25.0,3.0084018647278117e-05,18.0,3.382867280719724e-05,43.0,2.1304230484825122e-05,1.8544764385326222e-05
3505,GCTGTCTCTTATACACATCTCCGAGCCCACGAGACATCTCAGGATCGCGGTTGGCGGGTT,0.0,0.0,25.0,3.0084018647278117e-05,0.0,0.0,25.0,1.0028006215759372e-05,1.7369016264311742e-05
3506,GCTGTCTCTTATACACATCTCCGAGCCCACGAGACATCTCAGGATCTCGTATGCCGTATT,0.0,0.0,22.0,2.6473936409604743e-05,0.0,0.0,22.0,8.824645469868248e-06,1.5284734312594334e-05
3507,CTGTACAAGATGGAGCTGGACCATATGACCCGGTGCACCCGCGGCCGGCCCCCCATCCC,0.0,0.0,21.0,2.5270575663713618e-05,0.0,0.0,21.0,8.423525221237872e-06,1.4589973662021863e-05
3508,GCTGTCTCTTATACACATCTCCGAGCCCACGAGACATCTCAGGCTCGCGGTTGCCGGCGT,0.0,0.0,19.0,2.2863854171931368e-05,0.0,0.0,19.0,7.621284723977123e-06,1.3200452360876924e-05
3509,CCGCGGGCATGGACGAGCTGTACAAGATGGAGCTGGACCATATGACCAGGTGCACCGGCGGCCTCCACGCCTACC,0.0,0.0,17.0,2.0457132680149122e-05,0.0,0.0,17.0,6.819044226716374e-06,1.1810931059731985e-05
3510,GCTGTCTCTTATACACATCTCCGAGCCCACGAGACATCTCAGGAGCGGGGTTGGGGGGGG,0.0,0.0,17.0,2.0457132680149122e-05,0.0,0.0,17.0,6.819044226716374e-06,1.1810931059731985e-05
3511,GCTGTCTCTTATACACATCTCCGAGCCCACGAGACATCTCAGGATCGCGGTTGCCGGCGT,0.0,0.0,17.0,2.0457132680149122e-05,0.0,0.0,17.0,6.819044226716374e-06,1.1810931059731985e-05
3512,CCGCGTCATGGACGAGCTGTACAAGATGGAGCTGGACCATATGACCCGGTGGGTCATATGGTCCAGCTCGTGCGG,0.0,0.0,13.0,1.5643689696584623e-05,0.0,0.0,13.0,5.214563232194874e-06,9.031888457442108e-06
3513,GCTGTCTCTTATACACATCTCCGAGCCCTCGAGACATCTCAGGAGCGGGGTTGGGGGGGG,0.0,0.0,13.0,1.5643689696584623e-05,0.0,0.0,13.0,5.214563232194874e-06,9.031888457442108e-06
3514,CTGTACAAGATGGAGCTGGACCATATGACCCGGTGCACCGGCGGCCAAACCCAATGTGC,0.0,0.0,12.0,1.4440328950693496e-05,0.0,0.0,12.0,4.8134429835644984e-06,8.337127806869637e-06
14612,CTGTACAAGATGGAGCTGGACCATATCACCGGCGGCCTCCACGCCTACCCTGCCCCGCG,0.0,0.0,0.0,0.0,6803.0,0.012785358950409045,6803.0,0.004261786316803015,0.007381630431704652
14613,CTGTACACCGGCGGCCTCCACGCCTACCCTGCCCCGCGGGGTGGGCCGGCCGCCAAACC,0.0,0.0,0.0,0.0,4941.0,0.009285970685575642,4941.0,0.0030953235618585476,0.005361257675004071
14614,CTGTACAAGATGGAGCTGGACCATATGACCCGGTGGGCCACTCCCTCTCTGCGCGCTCG,0.0,0.0,0.0,0.0,2978.0,0.005596765978879632,2978.0,0.001865588659626544,0.0032312943444974948
14615,CTGTACAAGATGGAGCTGGACCATATGACCCGGGGCGGCCTCAGTGAGCGAGCGAGCGC,0.0,0.0,0.0,0.0,1797.0,0.0033772291685851908,1797.0,0.0011257430561950636,0.001949844169597716
14616,CTGTACAAGATGGAGCTGGACCATATGACCCGCACCGGCGGCCTCCACGCCTACCCTGC,0.0,0.0,0.0,0.0,1166.0,0.0021913462496217766,1166.0,0.0007304487498739255,0.0012651743471068096
14617,CTGTACAAGATGGAGCTGGACCATATGACCACGTTTTAGAGCTAGAAATAGCAAGTTAA,0.0,0.0,0.0,0.0,1087.0,0.002042875963412411,1087.0,0.0006809586544708037,0.0011794549873971715
14618,CTGTACAAGATGGAGCTGGACCATATGACCCGGCACCGGCGGCCTCCACGCCGACC,0.0,0.0,0.0,0.0,569.0,0.001069361934849735,569.0,0.000356453978283245,0.0006173964009466335
14619,CCTCGGCATGGACGAGCTGTACAAGATGGAGCTGGACCATATCACCGGCGGCCTCCACGCCTACCCTGCCCCGCG,0.0,0.0,0.0,0.0,296.0,0.0005562937306072435,296.0,0.0001854312435357478,0.0003211763351145932
14620,CTGTACAAGATGGAGCTGGACCATATGACCCGGCACCGGCGGCCGCCCCGCCGACCCAG,0.0,0.0,0.0,0.0,278.0,0.0005224650578000463,278.0,0.00017415501926668208,0.0003016453417630301
14621,CTGTACAAGATGGAGCTGGACCATATGACCCGGCACCGGCGGCCTCCACGCCGACCCAG,0.0,0.0,0.0,0.0,204.0,0.0003833916251482354,204.0,0.00012779720838274514,0.00022135125798438177
14622,CCGCGTCATGGACGAGCTGTACACCGGCGGCCTCCACGCCTACCCTGCCCCGCGGGGTGGGCCGGCCGCCAAACC,0.0,0.0,0.0,0.0,194.0,0.0003645979180331258,194.0,0.00012153263934437527,0.00021050070612240227
14623,CCTCGGCATGGACGAGCTGTACACCGGCGGCCTCCACGCCTACCCTGCCCCGCGGGGTGGGCCGGCCGCCAAACC,0.0,0.0,0.0,0.0,149.0,0.0002800262360151327,149.0,9.33420786717109e-05,0.00016167322274349453
14624,CTGTACAAGATGGAGCTGGACCATATGACCCGGCACCGGCGGCCGCCACGCCGACCCAG,0.0,0.0,0.0,0.0,122.0,0.00022928322680433683,122.0,7.642774226811228e-05,0.00013237673271614987
14625,CTGTACAAGATGGAGCTGGACCATATGACCCGGCACCGGCGGCCTCCCCGCCGACCCAG,0.0,0.0,0.0,0.0,118.0,0.00022176574395829302,118.0,7.392191465276433e-05,0.0001280365119713581
14626,CCGCGTCATGGACGAGCTGTACAAGATGGAGCTGGACCATATCACCGGCGGCCTCCACGCCTACCCTGCCCCGCG,0.0,0.0,0.0,0.0,115.0,0.00021612763182376013,115.0,7.204254394125338e-05,0.00012478134641276422
14627,CTTCGGCATGGACGAGCTGTACAAGATGGAGCTGGACCATATCACCGGCGGCCTCCACGCCTACCCTGCCCCGCG,0.0,0.0,0.0,0.0,103.0,0.00019357518328562865,103.0,6.452506109520955e-05,0.00011176068417838884
14628,CCTCGGCATGGACGAGCTGTACAAGATGGAGCTGGACCATATGACCCGGTGGGCCACTCCCTCTCTGCGCGCTCG,0.0,0.0,0.0,0.0,94.0,0.00017666084688203003,94.0,5.888694896067668e-05,0.00010199518750260729
14629,CTGTACAAGATGGAGCTGGACCATATGACCCGGCACCGGCGGGCGCCCCGCCGACCCAG,0.0,0.0,0.0,0.0,70.0,0.00013155594980576705,70.0,4.385198326858902e-05,7.595386303385649e-05
14630,CCTCGGCATGGACGAGCTGTACAAGATGGAGCTGGACCATATGACCCGGGGCGGCCTCAGTGAGCGAGCGAGCGC,0.0,0.0,0.0,0.0,57.0,0.00010712413055612459,57.0,3.570804351870819e-05,6.184814561328314e-05
14631,CCGCGTCATGGACGAGCTGTACAAGATGGAGCTGGACCATATGACCCGGTGGGCCACTCCCTCTCTGCGCGCTCG,0.0,0.0,0.0,0.0,51.0,9.584790628705885e-05,51.0,3.1949302095686284e-05,5.533781449609544e-05
14632,CTTCGGCATGGACGAGCTGTACACCGGCGGCCTCCACGCCTACCCTGCCCCGCGGGGTGGGCCGGCCGCCAAACC,0.0,0.0,0.0,0.0,47.0,8.833042344101502e-05,47.0,2.944347448033834e-05,5.0997593751303644e-05
14633,CTTCGGCATGGACGAGCTGTACAAGATGGAGCTGGACCATATGACCCGGTGGGCCACTCCCTCTCTGCGCGCTCG,0.0,0.0,0.0,0.0,46.0,8.645105272950405e-05,46.0,2.881701757650135e-05,4.99125385651057e-05
14634,CTTCGGCATGGACGAGCTGTACAAGATGGAGCTGGACCATATGACCCGGGGCGGCCTCAGTGAGCGAGCGAGCGC,0.0,0.0,0.0,0.0,42.0,7.893356988346022e-05,42.0,2.6311189961153405e-05,4.557231782031389e-05
14635,CTGTACAAGATGGAGTTGGCCACTCCCTCTCTGCGCGCTCGCTCGCTCACTGCCACCGG,0.0,0.0,0.0,0.0,34.0,6.389860419137256e-05,34.0,2.129953473045752e-05,3.6891876330730295e-05
14636,CCGCGTCATGGACGAGCTGTACAAGATGGAGCTGGACCATATGACCCGGCACCGGCGGCCTCCACGCCGACCCAG,0.0,0.0,0.0,0.0,30.0,5.638112134532873e-05,30.0,1.8793707115109577e-05,3.2551655585938496e-05
14637,CCTCGGCATGGACGAGCTGTACAAGATGGAGCTGGACCATATGACCCGCACCGGCGGCCTCCACGCCTACCCTGC,0.0,0.0,0.0,0.0,28.0,5.2622379922306816e-05,28.0,1.7540793307435606e-05,3.0381545213542597e-05
14638,CCGCGTCATGGACGAGCTGTACAAGATGGAGCTGGACCATATGACCCGGGGCGGCCTCAGTGAGCGAGCGAGCGC,0.0,0.0,0.0,0.0,26.0,4.88636384992849e-05,26.0,1.6287879499761632e-05,2.82114348411467e-05
14639,CCTCGGCATGGACGAGCTGTACAAGATGGAGCTGGACCATATGACCACGTTTTAGAGCTAGAAATAGCAAGTTAA,0.0,0.0,0.0,0.0,23.0,4.3225526364752024e-05,23.0,1.4408508788250675e-05,2.495626928255285e-05
14640,CTGCGTCATGGACGAGCTGTACAAGATGGAGCTGGACCATATGACCCGGTGGGCCACTCCCTCTCTGCGCGCTCG,0.0,0.0,0.0,0.0,19.0,3.570804351870819e-05,19.0,1.1902681172902732e-05,2.0616048537761047e-05
14641,CTTCGGCATGGACGAGCTGTACAAGATGGAGCTGGACCATATGACCACGTTTTAGAGCTAGAAATAGCAAGTTAA,0.0,0.0,0.0,0.0,16.0,3.0069931384175323e-05,16.0,1.0023310461391774e-05,1.73608829791672e-05
14642,CCTCGGCATGGACGAGCTGTACAAGATGGAGCTGGACCATATGACCCGGCACCGGCGGCCGCCCCGCCGACCCAG,0.0,0.0,0.0,0.0,15.0,2.8190560672664366e-05,15.0,9.396853557554789e-06,1.6275827792969248e-05
14643,CTGTACAAGATGGAGCTGGACCATATGACCCGGTGAGTGGCGCCCGGCCTCAGTGAGCG,0.0,0.0,0.0,0.0,13.0,2.443181924964245e-05,13.0,8.143939749880816e-06,1.410571742057335e-05
14644,CTGCGTCATGGACGAGCTGTACAAGATGGAGCTGGACCATATGACCCGCACCGGCGGCCTCCACGCCTACCCTGC,0.0,0.0,0.0,0.0,12.0,2.2552448538131492e-05,12.0,7.517482846043831e-06,1.3020662234375399e-05
14645,CCGCGTCATGGACGAGCTGTACAAGATGGAGCTGGACCATATGACCCGCACCGGCGGCCTCCACGCCTACCCTGC,0.0,0.0,0.0,0.0,11.0,2.0673077826620535e-05,11.0,6.891025942206845e-06,1.193560704817745e-05
