,sequence,1_count,1_percent,2_count,2_percent,3_count,3_percent,4_count,4_percent,5_count,5_percent,6_count,6_percent,percent_sum_unit,percent_sum,total_reads_seq,variance,sd
1,CGGCGGCATGGACGAGCTGTACAAGGTCGGTGCTGCGGCTCCGACCAGATGGAGCTGGACCATATGACCACCGG,1335.0,0.6711915535444947,467.0,0.6558988764044944,1903.0,0.560860595343354,395.0,0.5993930197268589,109.0,0.5265700483091788,79.0,0.395,3.408914093328381,0.5681523488880634,4288.0,0.010211300723704558,0.10105098081515368
23,CCATGTTATCCTCCTCGCCCTTGCTCACCATGGTGGCGCGCCTGTTAACAGGCTAAGAACTCCTCTGAGGCAGAA,3.0,0.0015082956259426848,3.0,0.004213483146067416,2.0,0.0005894488653109342,13.0,0.019726858877086494,18.0,0.08695652173913043,3.0,0.015,0.12799460825353798,0.021332434708922998,42.0,0.0010931049712687645,0.03306213803232883
2,CGGCGGCATGGACGAGCTGTACAAGGTCGGTGCTGCGGCTCACCAGATGGAGCTGGACCATATGACCACCGGCGG,52.0,0.026143790849673203,26.0,0.03651685393258427,76.0,0.022399056881815503,14.0,0.021244309559939303,0.0,0.0,4.0,0.02,0.12630401122401227,0.02105066853733538,172.0,0.00014224659675718328,0.011926717769662502
1603,GGGCGGCATGGACGAGCTGTACAAGGTCGGTGCTGCGGCTCCGACCAGATGGAGCTGGACCATATGACCACCGG,0.0,0.0,0.0,0.0,0.0,0.0,0.0,0.0,0.0,0.0,21.0,0.105,0.105,0.017499999999999998,21.0,0.0018374999999999995,0.04286607049870561
4,CGGCGGCATGGACGAGCTGTACAAGGTCGGTGCTGCGGCTCCGAGATGGAGCTGGACCATATGACCACCGGCGG,22.0,0.011060834590246356,4.0,0.0056179775280898875,32.0,0.009431181844974948,17.0,0.025796661608497723,0.0,0.0,2.0,0.01,0.06190665557180892,0.01031777592863482,77.0,7.391593475882839e-05,0.008597437685661256
3,CGGCGGCATGGACGAGCTGTACAAGGTCGGTGCTGCGGCTCCGGATGGAGCTGGACCATATGACCACCGGCGGC,43.0,0.021618903971845148,3.0,0.004213483146067416,49.0,0.01444149720011789,0.0,0.0,1.0,0.004830917874396135,1.0,0.005,0.050104802192426585,0.008350800365404431,97.0,6.472197151983927e-05,0.008044996676185719
6,CGGCGGCATGGACGAGCTGTACAAGGTCGGTGCTGCGGCTCGCGATGGAGCTGGACCATATGACCACCGGCGGC,20.0,0.010055304172951232,0.0,0.0,19.0,0.005599764220453876,3.0,0.004552352048558422,3.0,0.014492753623188406,1.0,0.005,0.03970017406515194,0.006616695677525323,46.0,2.5109269591561372e-05,0.005010915045334671
5,CGGCGGCATGGACGAGCTGTACAAGGTCGGTGCTGCGGCTCCGCGGATGGAGCTGGACCATATGACCACCGGCGG,21.0,0.010558069381598794,3.0,0.004213483146067416,20.0,0.0058944886531093425,2.0,0.0030349013657056147,1.0,0.004830917874396135,2.0,0.01,0.0385318604208773,0.0064219767368128835,49.0,9.813789666041933e-06,0.0031326968678826767
9,CGGCGGCATGGACGAGCTGTACAAGGTCGGTGCTGCGGCTCCGCACGCCTACCCTGCCCCGCGGGGTGGGCCGG,16.0,0.008044243338360985,4.0,0.0056179775280898875,20.0,0.0058944886531093425,4.0,0.006069802731411229,2.0,0.00966183574879227,0.0,0.0,0.035288347999763714,0.005881391333293952,46.0,1.073310200346781e-05,0.0032761413283721157
12,CGGCGGCATGGACGAGCTGTACAAGGTCGGTGCTGCGGCTCCAGCACCGACGACCAGATGGAGCTGGACCATATG,13.0,0.006535947712418301,0.0,0.0,24.0,0.007073386383731211,4.0,0.006069802731411229,1.0,0.004830917874396135,1.0,0.005,0.02951005470195688,0.004918342450326146,43.0,6.558225077669243e-06,0.00256090317616056
10,CGGCGGCCTCCACGCCTACCCTGCCCCGCGGGGTGGGCCGGCCGCCAAACCCAATGTGATCCTGCAGATTGGTAA,14.0,0.007038712921065862,4.0,0.0056179775280898875,12.0,0.0035366931918656055,2.0,0.0030349013657056147,1.0,0.004830917874396135,1.0,0.005,0.029059202881123104,0.004843200480187184,34.0,2.084439657140132e-06,0.0014437588639174244
13,CGGCGGCATGGACGAGCTGTACAAGGTCGGTGCTGCGGCTCCGATGGAGCTGGACCATATGACCACCGGCGGC,12.0,0.006033182503770739,0.0,0.0,26.0,0.007662835249042145,3.0,0.004552352048558422,1.0,0.004830917874396135,1.0,0.005,0.028079287675767443,0.004679881279294574,43.0,6.554455826238282e-06,0.0025601671481054284
7,CGGCGGCATGGACGGAGCCGCAGCACCGACGACCAGATGGAGCTGGACCATATGACCACCGGCGGCCTCCACGC,17.0,0.008547008547008548,4.0,0.0056179775280898875,32.0,0.009431181844974948,1.0,0.0015174506828528073,0.0,0.0,0.0,0.0,0.025113618602926192,0.0041856031004876984,54.0,1.814944685755245e-05,0.004260216761803611
15,CGGCGGCATGGACGAGCTGTACAAGGTCGGTGCTGCGGCTCCGAGCACCGACGACCAGATGGAGCTGGACCATAT,11.0,0.005530417295123178,1.0,0.0014044943820224719,21.0,0.00618921308576481,7.0,0.010622154779969651,0.0,0.0,0.0,0.0,0.02374627954288011,0.003957713257146685,40.0,1.7942737072639396e-05,0.004235886810650091
18,CGGCGGCATGGACGAGCTGTACAAGGTCGGTGCTGCCGGAGCCGCAGCACCGACGACCAGATGGAGCTGGACCAT,10.0,0.005027652086475616,4.0,0.0056179775280898875,27.0,0.007957559681697613,0.0,0.0,0.0,0.0,1.0,0.005,0.02360318929626312,0.00393386488271052,42.0,1.046199112080134e-05,0.003234500134611427
19,CGGCGGCATGGACGAGCTGTACAAGGTAAGTGCCGAGCTGAGATGCTGGAACACGTACGGAGGACCCACCGGCAT,4.0,0.002011060834590246,1.0,0.0014044943820224719,4.0,0.0011788977306218685,8.0,0.012139605462822459,1.0,0.004830917874396135,0.0,0.0,0.021564976284453183,0.0035941627140755306,18.0,2.0121304923893033e-05,0.004485677755244243
11,CGGCGGCATGGACGAGCTGTACAAGGTCGGTGCTCGGAGCCGCAGCACCGACGACCAGATGGAGCTGGACCATAT,13.0,0.006535947712418301,3.0,0.004213483146067416,16.0,0.004715590922487474,4.0,0.006069802731411229,0.0,0.0,0.0,0.0,0.02153482451238442,0.0035891374187307368,36.0,8.45198224099097e-06,0.0029072293065719756
14,CGGCGGCATGGACGAGCTGTACAAGGTCGGTGCTGCGGCTCCGGTCACCGGCGGCCTCCACGCCTACCCTGCCC,12.0,0.006033182503770739,2.0,0.0028089887640449437,19.0,0.005599764220453876,0.0,0.0,1.0,0.004830917874396135,0.0,0.0,0.019272853362665692,0.003212142227110949,34.0,7.415537942207171e-06,0.0027231485347309226
8,CGGCGGCATGGACGAGCTGTACAAGGCCGCAGCACCGACGACCAGATGGAGCTGGACCATATGACCACCGGCGG,16.0,0.008044243338360985,3.0,0.004213483146067416,9.0,0.002652519893899204,2.0,0.0030349013657056147,0.0,0.0,0.0,0.0,0.01794514774403322,0.0029908579573388696,30.0,9.007678254037734e-06,0.0030012794361801323
28,CGGCGGCATGGACGAGCTGTACAAGGTCGGTGCTGCGGCTCCTCCGACGACCAGATGGAGCTGGACCATATGAC,3.0,0.0015082956259426848,3.0,0.004213483146067416,12.0,0.0035366931918656055,2.0,0.0030349013657056147,0.0,0.0,1.0,0.005,0.01729337332958132,0.0028822288882635536,21.0,3.3807521528673155e-06,0.0018386821783188403
31,CGGCGGCATGGACGAGCTGTACGGAGCCGCAGCACCGACGACCAGATGGAGCTGGACCATATGACCACCGGCGG,3.0,0.0015082956259426848,2.0,0.0028089887640449437,30.0,0.008841732979664015,1.0,0.0015174506828528073,0.0,0.0,0.0,0.0,0.01467646805250445,0.002446078008750742,36.0,1.094889729619467e-05,0.0033089117993979032
17,CGGCGGCATGGACGAGCTGTACAAGGTCGGTGCTGCGGCTCCGGCGGCACCGACGACCAGATGGAGCTGGACCAT,11.0,0.005530417295123178,1.0,0.0014044943820224719,15.0,0.004420866489832007,2.0,0.0030349013657056147,0.0,0.0,0.0,0.0,0.014390679532683272,0.0023984465887805454,29.0,5.3595061024826855e-06,0.002315060712483084
16,CGGCGGCATGGACGAGCTGTACAAGGTCGGTGCTGCGGCTCCGCGTCGGTGCTGCGGCTCCGACGATGGAGCTGG,11.0,0.005530417295123178,2.0,0.0028089887640449437,14.0,0.00412614205717654,1.0,0.0015174506828528073,0.0,0.0,0.0,0.0,0.01398299879919747,0.002330499799866245,28.0,5.043252456512033e-06,0.0022457186948752136
30,CGGCGGCATGGACGAGCTGTACAAGGTCGGTGCTGGGAGCCGCAGCACCGACGACCAGATGGAGCTGGACCATAT,3.0,0.0015082956259426848,1.0,0.0014044943820224719,10.0,0.0029472443265546712,0.0,0.0,0.0,0.0,1.0,0.005,0.010860034334519828,0.0018100057224199712,15.0,3.6554169987241935e-06,0.0019119144852017293
33,CGGCGGCATGGACGAGCCGGAGCCGCAGCACCGACGACCAGATGGAGCTGGACCATATGACCACCGGCGGCCTC,2.0,0.001005530417295123,0.0,0.0,8.0,0.002357795461243737,2.0,0.0030349013657056147,0.0,0.0,0.0,0.0,0.006398227244244475,0.001066371207374079,12.0,1.7916063690460738e-06,0.0013385090096992526
22,CGGCGGCATGGACGAGCTGTACAAGGTCGGTGCTGCGGCTCCGGGAGTTGGCCACTCCCTCTCTGCGCGCTCG,4.0,0.002011060834590246,0.0,0.0,10.0,0.0029472443265546712,0.0,0.0,0.0,0.0,0.0,0.0,0.004958305161144917,0.0008263841935241529,14.0,1.7266299577984256e-06,0.0013140129214731587
474,CGGCGGCATGGACGAGCTGTACAAGGTCGGTGCTGCGGCACCAGATGGAGCTGGACCATATGACCACCGGCGGC,0.0,0.0,0.0,0.0,13.0,0.0038314176245210726,0.0,0.0,0.0,0.0,0.0,0.0,0.0038314176245210726,0.0006385696040868454,13.0,2.446626835581783e-06,0.0015641696952638428
