,sequence,30_S20_count,30_S20_percent,28_S18_count,28_S18_percent,29_S19_count,29_S19_percent,total_reads_seq,percent_mean,sd
0,TTGCTCACCATGGTGGCGCGCCTGTTAACAGGCTAAGAACTCCTCTGAGGCAGAA,375433.0,0.8231609320151638,0.0,0.0,161483.0,0.7189708062670579,536916.0,0.5140439127607406,0.44821284426110597
1,TTGCTCACCATGGTGGCGCGCCTGTTCGAACAGGCTAAGAACTCCTCTGAGGCAG,44042.0,0.0965649097650229,0.0,0.0,0.0,0.0,44042.0,0.032188303255007635,0.05575177664710789
2,TTGCTCACCATGGTGGCGCGCCTAACAGGCTAAGAACTCCTCTGAGGCAGAAGCC,21923.0,0.04806758359698917,0.0,0.0,0.0,0.0,21923.0,0.016022527865663057,0.027751832329016537
3,TTGCTCACCATGGTGGCGCGCCAGTTGGAGCAGGCTAAGAACGCCTCGGAGGCAG,361.0,0.0007915156538116631,0.0,0.0,0.0,0.0,361.0,0.0002638385512705544,0.00045698177579596633
4,TTGCTCACCATGGTGGCGCGCCTGTTAAACAGGCAAAGAACGCCAATGAGGAAGA,3.0,6.577692413947339e-06,0.0,0.0,0.0,0.0,3.0,2.192564137982446e-06,3.7976324858390554e-06
5,TTGCTCACCGTGGCGCGCCTGTTAACAGGCTAAGAACTCCTCTGAGGCAGAAGCC,3.0,6.577692413947339e-06,0.0,0.0,0.0,0.0,3.0,2.192564137982446e-06,3.7976324858390554e-06
6,TTGCTCACCATGGAGGACACCCAGTTAACACTCTAAGAACTCCTCTGAGGCAGAC,2.0,4.385128275964892e-06,0.0,0.0,0.0,0.0,2.0,1.4617094253216308e-06,2.5317549905593704e-06
7,TTGCTCACCATGGAGGCGCGCCAGTTCGAGCAAGCTAAGAACTCCACGGCGGCAG,2.0,4.385128275964892e-06,0.0,0.0,0.0,0.0,2.0,1.4617094253216308e-06,2.5317549905593704e-06
8,TTGCTCACCATGGAGGCGCGCCTGTTATGAGGCTGGGAACTCCTCTGAGGCAGAA,2.0,4.385128275964892e-06,0.0,0.0,0.0,0.0,2.0,1.4617094253216308e-06,2.5317549905593704e-06
9,TTGCTCACCATGGATGCGCGACTGTTAAGAGGCTGGGAACTCCGCTGAGGCAGCA,2.0,4.385128275964892e-06,0.0,0.0,0.0,0.0,2.0,1.4617094253216308e-06,2.5317549905593704e-06
10,TTGCTCACCATGGTGGCGCGCCGGGTGGAACAGGCGAAGAACGCCTCGGCGGCCG,2.0,4.385128275964892e-06,0.0,0.0,0.0,0.0,2.0,1.4617094253216308e-06,2.5317549905593704e-06
11,TTGCTCACCATGGTGGCGCGCCGGGTGGAGCAGGCGAAGAACGACTCGGCGGCAG,2.0,4.385128275964892e-06,0.0,0.0,0.0,0.0,2.0,1.4617094253216308e-06,2.5317549905593704e-06
12,TTGCTCACCATGGTGGCGCGCCGGTTAAACAAGCGAAGGACGACACTGAGGCAGA,2.0,4.385128275964892e-06,0.0,0.0,0.0,0.0,2.0,1.4617094253216308e-06,2.5317549905593704e-06
13,TTGCTCACCATGGTGGCGCGCCGGTTGGGGCAGGCGAATAACGACTCGGAGGCAG,2.0,4.385128275964892e-06,0.0,0.0,0.0,0.0,2.0,1.4617094253216308e-06,2.5317549905593704e-06
14,TTGCTCACCATGGTGGCGCGCCTAACAGGCTAAGAACGCCTCGGCGGCGGCAGCC,2.0,4.385128275964892e-06,0.0,0.0,0.0,0.0,2.0,1.4617094253216308e-06,2.5317549905593704e-06
15,TTGCTCACCATGGTGGCGCGCCTACTCGCTCCCCTCCCGTGGGTGCCCTCAAGGA,2.0,4.385128275964892e-06,0.0,0.0,1.0,4.452300280940148e-06,3.0,2.945809518968347e-06,2.5513669495187265e-06
16,TTGCTCACCATGGTGGCGCGCCTATGAGGCTAAGAAGGCCTCGGAGGCGGAAGCC,2.0,4.385128275964892e-06,0.0,0.0,0.0,0.0,2.0,1.4617094253216308e-06,2.5317549905593704e-06
17,TTGCTCACCATGGTGGCGCGCCTCACAGGCGAAGAAGTCCTCGGCGGCAGCAGCC,2.0,4.385128275964892e-06,0.0,0.0,0.0,0.0,2.0,1.4617094253216308e-06,2.5317549905593704e-06
18,TTGCTCACCATGGTGGCGCGCCTGTTAAACCGGGTAAGAACTCCTATGGGGAAGA,2.0,4.385128275964892e-06,0.0,0.0,0.0,0.0,2.0,1.4617094253216308e-06,2.5317549905593704e-06
19,TTGCTCACCATGGTGGCGCGCCTGTTAACACGCGAAGGACTCCGCAGGGGCAGAA,2.0,4.385128275964892e-06,0.0,0.0,0.0,0.0,2.0,1.4617094253216308e-06,2.5317549905593704e-06
20,TTGCTCACCATGGTGGCGCGCCTGTTAACAGGCGAAGGACAGCGCTGAGGCAGCA,2.0,4.385128275964892e-06,0.0,0.0,0.0,0.0,2.0,1.4617094253216308e-06,2.5317549905593704e-06
21,TTGCTCACCATGGTGGCGCGCCTGTTAACAGGCGAAGGACGGCGCTGGGGCAGAA,2.0,4.385128275964892e-06,0.0,0.0,0.0,0.0,2.0,1.4617094253216308e-06,2.5317549905593704e-06
22,TTGCTCACCATGGTGGCGCGCCTGTTAACAGGCTAAGAACTCCTCTGAGGCAGAAGCCGGAAGG,2.0,4.385128275964892e-06,0.0,0.0,1.0,4.452300280940148e-06,3.0,2.945809518968347e-06,2.5513669495187265e-06
23,TTGCTCACCATGGTGGCGCGCCTGTTAACCAGCGAAGGACAGCGCTGAGGCAGCA,2.0,4.385128275964892e-06,0.0,0.0,0.0,0.0,2.0,1.4617094253216308e-06,2.5317549905593704e-06
24,TTGCTCACCATGGTGGCGCGCCTGTTAGAGGCGGCGAAGACCTCCTCGGCGGCAG,2.0,4.385128275964892e-06,0.0,0.0,0.0,0.0,2.0,1.4617094253216308e-06,2.5317549905593704e-06
25,TTGCTCACCATGGTGGCGCGCCTGTTAGCAGACGAGTAGATCAGCTGAGGCGGAG,2.0,4.385128275964892e-06,0.0,0.0,0.0,0.0,2.0,1.4617094253216308e-06,2.5317549905593704e-06
26,TTGCTCACCATGGTGGCGCGCCTGTTATCAGGCTAAGATCACAGCTGAGGCAGAG,2.0,4.385128275964892e-06,0.0,0.0,0.0,0.0,2.0,1.4617094253216308e-06,2.5317549905593704e-06
27,TTGCTCACCATGGTGGCGCGCCTGTTGGCACAGGATTAGAACAGCTCAGAGGCAG,2.0,4.385128275964892e-06,0.0,0.0,0.0,0.0,2.0,1.4617094253216308e-06,2.5317549905593704e-06
28,TTGCTCACCATGGTGGCGCGCCTGTTGTCAGACTAGGAGATCAGCTGAGGCGGAC,2.0,4.385128275964892e-06,0.0,0.0,0.0,0.0,2.0,1.4617094253216308e-06,2.5317549905593704e-06
29,TTGCTCACCCTGGATGCGCGCCAGTTATGAGGCTAGGAACTCCGCTGAGGCAGAT,2.0,4.385128275964892e-06,0.0,0.0,0.0,0.0,2.0,1.4617094253216308e-06,2.5317549905593704e-06
30,TTGCTCACCCTGGATGCGCGCCTGTTATAAGGCTAGGAACTCCGCTGAGGCAGAA,2.0,4.385128275964892e-06,0.0,0.0,0.0,0.0,2.0,1.4617094253216308e-06,2.5317549905593704e-06
31,TTGCTCACCCTGGTGGCGCGACTGTTAACCGGCTAAGCACGCCTCTGAGGCAGCG,2.0,4.385128275964892e-06,0.0,0.0,0.0,0.0,2.0,1.4617094253216308e-06,2.5317549905593704e-06
32,TTGCTCCCCATGGTGGCGCGCCGGTTGGAACCGGCTTAGAACTCCTCTGAGGCAG,2.0,4.385128275964892e-06,0.0,0.0,0.0,0.0,2.0,1.4617094253216308e-06,2.5317549905593704e-06
4912,TTGCTCACCATGGATGCGCGCCTGTTAAGAGGCTAGGAACTCCGCTGAGGCAGCA,1.0,2.192564137982446e-06,0.0,0.0,1.0,4.452300280940148e-06,2.0,2.2149548063075315e-06,2.226234591060871e-06
9821,TTGCTCACCATGGTGGCGCGCCTGTTAACGGGGTAGGAACGCCGCTGCGGCGGAC,1.0,2.192564137982446e-06,0.0,0.0,1.0,4.452300280940148e-06,2.0,2.2149548063075315e-06,2.226234591060871e-06
14301,TTGCTCACCATGGTGGCGCGCCTGTTACAGGCTAAGAACTCCTCTGAGGCAGAAG,0.0,0.0,178119.0,0.9898799599866622,33661.0,0.1498688797567263,211780.0,0.37991627991446286,0.5335325093518662
16123,TTGCTCACCATGGTGGCGCGCCTGTTACGAACAGGCTAAGAACTCCTCTGAGGCA,0.0,0.0,0.0,0.0,23614.0,0.10513661883412065,23614.0,0.03504553961137355,0.06070065518556664
16124,TTGCTCACCATGGTGGCGCGCCTGTTGCGGAGCCGCAGCACCGACGGCCCTCTGC,0.0,0.0,0.0,0.0,13.0,5.787990365222192e-05,13.0,1.9293301217407306e-05,3.341697795427993e-05
16125,TTGCTCACCATGGTGGCGCGCCTGTTAACAGGCGAAGGACTGCGCTGGGGCAGAA,0.0,0.0,0.0,0.0,3.0,1.3356900842820443e-05,3.0,4.452300280940148e-06,7.711610297141521e-06
16126,TTGCTCACCATGGAGGCGCGACAGTTAAGAGGCTAGGAACTCCGCTGAGGCAGAA,0.0,0.0,0.0,0.0,2.0,8.904600561880296e-06,2.0,2.968200187293432e-06,5.141073531427682e-06
16127,TTGCTCACCATGGTGGCGCGCCGGTTATCAGGCGAAGAACTGCTCTGACGCAGAA,0.0,0.0,0.0,0.0,2.0,8.904600561880296e-06,2.0,2.968200187293432e-06,5.141073531427682e-06
16128,TTGCTCACCATGGTGGCGCGCCTGTGATCATTCTAAGGCCTACTCTGAGGCAGAA,0.0,0.0,0.0,0.0,2.0,8.904600561880296e-06,2.0,2.968200187293432e-06,5.141073531427682e-06
16129,TTGCTCACCATGGTGGCGCGCCTGTTAACAGCGTAGGAACACAGCTCAGGCGGAC,0.0,0.0,0.0,0.0,2.0,8.904600561880296e-06,2.0,2.968200187293432e-06,5.141073531427682e-06
16130,TTGCTCACCATGGTGGCGCGCCTGTTAACGGGCTAGGAAAGCCGCTGAGGCGGAG,0.0,0.0,0.0,0.0,2.0,8.904600561880296e-06,2.0,2.968200187293432e-06,5.141073531427682e-06
16131,TTGCTCACCATGGTGGCGCGCCTGTTACAGGCGAAGGACGCCGCAGCGGGAGAAG,0.0,0.0,0.0,0.0,2.0,8.904600561880296e-06,2.0,2.968200187293432e-06,5.141073531427682e-06
16132,TTGCTCACCATGGTGGCGCGCCTGTTACCATCAGGCTAACTACTCCTCGGAGGCA,0.0,0.0,0.0,0.0,2.0,8.904600561880296e-06,2.0,2.968200187293432e-06,5.141073531427682e-06
16133,TTGCTCACCATGGTGGCGCGCCTGTTGACAAGCGAAGGACAGCGAATGGGCAGGA,0.0,0.0,0.0,0.0,2.0,8.904600561880296e-06,2.0,2.968200187293432e-06,5.141073531427682e-06
16134,TTGCTCACCATGGTGGCGCGCCTGTTGAGGAGCCGCAGCACCGACGGCCCTCTGC,0.0,0.0,0.0,0.0,2.0,8.904600561880296e-06,2.0,2.968200187293432e-06,5.141073531427682e-06
16135,TTGCTCACCATGGTGGCGCGCCTGTTGCGGAGCCGCAGCACCGACGGCCCTCTGG,0.0,0.0,0.0,0.0,2.0,8.904600561880296e-06,2.0,2.968200187293432e-06,5.141073531427682e-06
16136,TTGCTCACCATTAAGGAGCGCCAGTTAACACTCTAAGAACTCCTCTGAGGCAGAA,0.0,0.0,0.0,0.0,2.0,8.904600561880296e-06,2.0,2.968200187293432e-06,5.141073531427682e-06
