,sequence,20_S16_count,20_S16_percent,21_S17_count,21_S17_percent,19_S15_count,19_S15_percent,percent_sum_unit,percent_sum,total_reads_seq,variance,sd
0,CTGTACAAGATGGAGCTGGACCATATGACCCGGTGCACCGGCGGCCTCCACGCCTACCC,157385.0,0.8597172604415894,509048.0,0.8277041748778886,329915.0,0.8321121673531259,2.519533602672604,0.839844534224201,996348.0,0.0003010515348988,0.017350836720426
1,CCTCGGCATGGACGAGCTGTACAAGATGGAGCTGGACCATATGACCCGGTGCACCGGCGGCCTCCACGCCTACCC,9913.0,0.0541498694459921,26525.0,0.0431292397546714,19918.0,0.0502372130680313,0.1475163222686949,0.0491721074228983,56356.0,3.1214407224775564e-05,0.0055869855221555
2,CCGCGTCATGGACGAGCTGTACAAGATGGAGCTGGACCATATGACCCGGTGCACCGGCGGCCTCCACGCCTACCC,4101.0,0.0224017567434695,16236.0,0.0263994848880997,8179.0,0.0206290875430981,0.0694303291746674,0.0231434430582224,28516.0,8.736945321919253e-06,0.0029558324245327
2685,CTGTACAAGATGGAGCTGGACCATATGACCCGGTGTGGGCCGGCCGCCAAACCCAATGT,0.0,0.0,23690.0,0.0385195736018159,0.0,0.0,0.0385195736018159,0.0128398578672719,23690.0,0.0004945858501552,0.022239286188078
3,CTTCGGCATGGACGAGCTGTACAAGATGGAGCTGGACCATATGACCCGGTGCACCGGCGGCCTCCACGCCTACCC,2352.0,0.0128478253744551,6054.0,0.0098437103666269,6102.0,0.0153904746531342,0.0380820103942163,0.0126940034647387,14508.0,7.709394397449578e-06,0.0027765796220259
2687,CTGTACAAGATGGAGCTGGACCATATGACCCACCGGCGGCCTCCACGCCTACCCTGCCC,0.0,0.0,8382.0,0.0136290023609295,7162.0,0.0180640084342424,0.0316930107951719,0.0105643369317239,15544.0,8.862123082282107e-05,0.0094138850015719
2686,CTGTACAAGCGGAGCCGCAGCACCGACGACCAGATGGAGCTGGACCATATGACCACCGG,0.0,0.0,10185.0,0.0165606524750736,0.0,0.0,0.0165606524750736,0.0055202174916912,10185.0,9.141840346672106e-05,0.0095612971644396
11169,CTGTACAAGATGGAGCTGGACCATATCACCGGCGGCCTCCACGCCTACCCTGCCCCGCG,0.0,0.0,0.0,0.0,4991.0,0.0125883085863311,0.0125883085863311,0.0041961028621103,4991.0,5.282183768823311e-05,0.0072678633509603
11170,CTGTACACCGGCGGCCTCCACGCCTACCCTGCCCCGCGGGGTGGGCCGGCCGCCAAACC,0.0,0.0,0.0,0.0,3682.0,0.0092867465868305,0.0092867465868305,0.0030955821956101,3682.0,2.8747887389336445e-05,0.0053617056418024
4,CTGTACAAGATGGAGCTGGACCATATGACACCGGCGGCCTCCACGCCTACCCTGCCCCG,1348.0,0.0073634645428424,0.0,0.0,0.0,0.0,0.0073634645428424,0.0024544881809474,1348.0,1.8073536691232767e-05,0.0042512982359783
8,CTGTACAAGATGGAGCTGGACCATATGACCCGGTGCTTTGGTCGCCCGGCCTCAGTGAG,477.0,0.0026056176460948,0.0,0.0,1561.0,0.0039371568229338,0.0065427744690287,0.0021809248230095,2038.0,4.010573957578798e-06,0.0020026417446909
5,CTGTACAAGATGGAGCTGGACCATATGACCCGGTGCGGCCTCAGTGAGCGAGCGAGCGC,1003.0,0.0054788983208241,0.0,0.0,0.0,0.0,0.0054788983208241,0.0018262994402747,1003.0,1.0006108936643352e-05,0.0031632434203904
11171,CTGTACAAGATGGAGCTGGACCATATGACCCGGTGGGCCACTCCCTCTCTGCGCGCTCG,0.0,0.0,0.0,0.0,2171.0,0.0054756998479112,0.0054756998479112,0.001825233282637,2171.0,9.994429608138388e-06,0.0031613967811931
6,CTGTACAAGATGGAGCTGGACCATATGACGCCACCGGCGGCCTCCACGCCTACCCTGCC,705.0,0.0038510701058634,0.0,0.0,0.0,0.0,0.0038510701058634,0.0012836900352878,705.0,4.943580320091731e-06,0.0022234163622883
11172,CTGTACAAGATGGAGCTGGACCATATGACCCGGGGCGGCCTCAGTGAGCGAGCGAGCGC,0.0,0.0,0.0,0.0,1247.0,0.0031451854953225,0.0031451854953225,0.0010483951651075,1247.0,3.297397266662507e-06,0.0018158736923757
7,CTGTACAAGATGGAGCTGGACCATATGACCCGGGTCATATGGTCCAGCTCGTGCGGACC,482.0,0.0026329302000371,0.0,0.0,0.0,0.0,0.0026329302000371,0.0008776434000123,482.0,2.31077381275588e-06,0.0015201229597489
2688,CCTCGGCATGGACGAGCTGTACAAGATGGAGCTGGACCATATGACCCGGTGTGGGCCGGCCGCCAAACCCAATGT,0.0,0.0,1418.0,0.0023056460686945,0.0,0.0,0.0023056460686945,0.0007685486895648,1418.0,1.7720012646956132e-06,0.0013311653784168
11173,CTGTACAAGATGGAGCTGGACCATATGACCCGCACCGGCGGCCTCCACGCCTACCCTGC,0.0,0.0,0.0,0.0,860.0,0.00216909344505,0.00216909344505,0.00072303114835,860.0,1.568322124453036e-06,0.0012523266843971
11174,CTGTACAAGATGGAGCTGGACCATATGACCACGTTTTAGAGCTAGAAATAGCAAGTTAA,0.0,0.0,0.0,0.0,778.0,0.0019622729072662,0.0019622729072662,0.0006540909690887,778.0,1.283504987530329e-06,0.0011329187912336
9,CTGTACAAGATGGAGCTGGACCATATGACCCGGTGCGGCGGCCTCCACGCCTACCCTGC,359.0,0.0019610413730567,0.0,0.0,0.0,0.0,0.0019610413730567,0.0006536804576855,359.0,1.2818944222800514e-06,0.0011322077646262
14,CTGTACAAGATGGAGCTGGACCATATGACCCGGTGGTCATATGGTCCAGCTCGTGCGGC,164.0,0.0008958517693072,0.0,0.0,369.0,0.0009306924200272,0.0018265441893345,0.0006088480631115,533.0,2.783254407016284e-07,0.0005275655795269
10,CTGTACAAGATGGAGCTGGACCATATGACCACCGGCGGCCTCCACGCCTACCCTGCCCC,334.0,0.0018244786033452,0.0,0.0,0.0,0.0,0.0018244786033452,0.0006081595344484,334.0,1.1095740580215346e-06,0.001053363212772
2692,CCTCGGCATGGACGAGCTGTACAAGATGGAGCTGGACCATATGACCCACCGGCGGCCTCCACGCCTACCCTGCCC,0.0,0.0,411.0,0.000668279643324,428.0,0.0010795023191644,0.0017477819624884,0.0005825939874961,839.0,2.9683783798134346e-07,0.0005448282646681
2690,CTGTACAAGATGGAGCTGGACCATATGACCCGGTGGGTCATATGGTCCAGCTCGTGCGG,0.0,0.0,641.0,0.0010422560860601,233.0,0.0005876729915077,0.0016299290775678,0.0005433096925226,874.0,2.730505139549675e-07,0.0005225423561348
11,CTGTACAAGATGGAGCTGGACCATATGACCCGGTGCCGGCGGCCGCCACGCCGACCCAG,238.0,0.0013000775676531,0.0,0.0,0.0,0.0,0.0013000775676531,0.0004333591892177,238.0,5.634005606383502e-07,0.0007506001336519
2689,CCGCGTCATGGACGAGCTGTACAAGATGGAGCTGGACCATATGACCCGGTGTGGGCCGGCCGCCAAACCCAATGT,0.0,0.0,708.0,0.0011511970498136,0.0,0.0,0.0011511970498136,0.0003837323499378,708.0,4.417515491665598e-07,0.0006646439266002
12,CTGTACAAGATGGAGCTGGACCATATGACCCGGTGCCGGCGGCCTCCACGCCGACCCAG,207.0,0.0011307397332109,0.0,0.0,0.0,0.0,0.0011307397332109,0.0003769132444036,207.0,4.261907814206742e-07,0.0006528328893527
41,CGGCGGCCTCCACGCCTACCCTGCCCCGCGGGGTGGGCCGGCCGCCAAACCCAATGTGATCCTGCAGATTGGTAA,9.0,4.916259709612926e-05,467.0,0.0007593347772075,72.0,0.0001815985209809,0.0009900958952846,0.0003300319650948,548.0,1.426104968497171e-07,0.0003776380500554
19,CTGTACAAGATGGAGCTGGACCATATGACCCGGTGGTCATATGGTCCAGCTCGTGCGGG,75.0,0.0004096883091344,0.0,0.0,221.0,0.0005574065713442,0.0009670948804786,0.0003223649601595,296.0,8.339454690157846e-08,0.0002887811401417
13,CTGTACAAGATGGAGCTGGACCATATGACCCGGTGCCGGCGGCCGCCCCGCCGACCCAG,176.0,0.0009614018987687,0.0,0.0,0.0,0.0,0.0009614018987687,0.0003204672995895,176.0,3.080978703187193e-07,0.0005550656450535
15,CTGTACAAGATGGAGCTGGACCATATGACCCGGCCGGCGGCCTCCACGCCTACCCTGCC,152.0,0.0008303016398457,0.0,0.0,0.0,0.0,0.0008303016398457,0.0002767672132819,152.0,2.298002710435076e-07,0.0004793748752735
2694,CCGCGTCATGGACGAGCTGTACAAGATGGAGCTGGACCATATGACCCACCGGCGGCCTCCACGCCTACCCTGCCC,0.0,0.0,280.0,0.0004552756694178,140.0,0.0003531082352407,0.0008083839046585,0.0002694613015528,420.0,5.7066590927499826e-08,0.0002388861463699
2691,CCTCGGCATGGACGAGCTGTACAAGCGGAGCCGCAGCACCGACGACCAGATGGAGCTGGACCATATGACCACCGG,0.0,0.0,476.0,0.0007739686380103,0.0,0.0,0.0007739686380103,0.0002579895460034,476.0,1.9967581754118086e-07,0.0004468510014995
22,CTGTACAAGATGGAGCTGGACCATATGACCCGGTGGTCATATGGTCCAGCTCGTGCGGA,57.0,0.0003113631149421,0.0,0.0,168.0,0.0004237298822888,0.0007350929972309,0.0002450309990769,225.0,4.8186715482491134e-08,0.0002195147272564
24,CGGCGGCATGGCCGCGCTGTACAAGATGGAGCTGGACCATATGACCCGGTGCACCGGCGGCCTCCACGCCTACCC,54.0,0.0002949755825767,101.0,0.0001642244378971,95.0,0.0002396091596276,0.0006988091801015,0.0002329363933671,250.0,4.3073598159331685e-09,6.563047932122063e-05
11175,CCTCGGCATGGACGAGCTGTACAAGATGGAGCTGGACCATATCACCGGCGGCCTCCACGCCTACCCTGCCCCGCG,0.0,0.0,0.0,0.0,264.0,0.0006658612435967,0.0006658612435967,0.0002219537478655,264.0,1.477903985747415e-07,0.0003844351682335
11176,CTGTACAAGATGGAGCTGGACCATATGACCCGGCACCGGCGGCCGCCCCGCCGACCCAG,0.0,0.0,0.0,0.0,235.0,0.0005927173948683,0.0005927173948683,0.0001975724649561,235.0,1.1710463672649934e-07,0.0003422055474806
16,CTGTACAAGATGGAGCTGGACCATATGACCCGGTGCCGGCGGCCTCCCCGCCGACCCAG,108.0,0.0005899511651535,0.0,0.0,0.0,0.0,0.0005899511651535,0.0001966503883845,108.0,1.1601412575534425e-07,0.0003406084640101
17,CTGTACAAGATGGAGCTGGACCATATGACCCGGTGGCCTCAGTGAGCGAGCGAGCGCGC,101.0,0.0005517135896343,0.0,0.0,0.0,0.0,0.0005517135896343,0.0001839045298781,101.0,1.0146262832906947e-07,0.0003185319894909
2693,CCGCGTCATGGACGAGCTGTACAAGCGGAGCCGCAGCACCGACGACCAGATGGAGCTGGACCATATGACCACCGG,0.0,0.0,317.0,0.0005154370971623,0.0,0.0,0.0005154370971623,0.0001718123657207,317.0,8.855846704371036e-08,0.0002975877467969
2699,CTTCGGCATGGACGAGCTGTACAAGATGGAGCTGGACCATATGACCCACCGGCGGCCTCCACGCCTACCCTGCCC,0.0,0.0,109.0,0.0001772323141662,125.0,0.0003152752100363,0.0004925075242025,0.0001641691747341,234.0,2.4977598724730976e-08,0.0001580430280801
18,CTGTACAAGATGGAGCTGGACCATATGACCGGCCTCAGTGAGCGAGCGAGCGCGCAGAG,87.0,0.0004752384385959,0.0,0.0,0.0,0.0,0.0004752384385959,0.0001584128128653,87.0,7.528385783969482e-08,0.0002743790404526
2695,CCGCGGCCTCCACGCCTACCCTGCCCCGCGGGGTGGGCCGGCCGCCAAACCCAATGTGATCCTGCAGATTGGTAA,0.0,0.0,250.0,0.0004064961334087,27.0,6.809944536785051e-05,0.0004745955787766,0.0001581985262588,277.0,4.73981599021277e-08,0.000217711184605
11177,CCGCGTCATGGACGAGCTGTACACCGGCGGCCTCCACGCCTACCCTGCCCCGCGGGGTGGGCCGGCCGCCAAACC,0.0,0.0,0.0,0.0,182.0,0.0004590407058129,0.0004590407058129,0.0001530135686043,182.0,7.023945653107405e-08,0.00026502727507
38,CCTGCCACACTCGCTAAGCTCCTCCGGCACCGCACACCTGCCACTGCCGCTGCAGCCGC,11.0,6.008761867304688e-05,236.0,0.0003837323499378,2.0,5.044403360581519e-06,0.0004488643719715,0.0001496214573238,249.0,4.186337141839362e-08,0.0002046054041769
11178,CTGTACAAGATGGAGCTGGACCATATGACCCGGCACCGGCGGCCTCCACGCCGACCCAG,0.0,0.0,0.0,0.0,161.0,0.0004060744705268,0.0004060744705268,0.0001353581568422,161.0,5.49654918712103e-08,0.0002344472048696
20,CCTCGGCATGGACGAGCTGTACAAGATGGAGCTGGACCATATGACCCGGTGCGGCCTCAGTGAGCGAGCGAGCGC,72.0,0.000393300776769,0.0,0.0,0.0,0.0,0.000393300776769,0.000131100258923,72.0,5.156183366904186e-08,0.00022707230934
2696,CTTCGGCATGGACGAGCTGTACAAGATGGAGCTGGACCATATGACCCGGTGTGGGCCGGCCGCCAAACCCAATGT,0.0,0.0,241.0,0.000391862272606,0.0,0.0,0.000391862272606,0.0001306207575353,241.0,5.118534689732948e-08,0.0002262417885743
2698,CGGCGGCGAGCCTGCCACACTCGCTAAGCTCCTCCGGCACCGCACACCTGCCACTGCCGCTGCAGCCGCCGGCTC,0.0,0.0,112.0,0.0001821102677671,78.0,0.0001967317310626,0.0003788419988298,0.0001262806662766,190.0,1.2013551803673041e-08,0.0001096063492853
11179,CCTCGGCATGGACGAGCTGTACACCGGCGGCCTCCACGCCTACCCTGCCCCGCGGGGTGGGCCGGCCGCCAAACC,0.0,0.0,0.0,0.0,142.0,0.0003581526386012,0.0003581526386012,0.000119384212867,142.0,4.2757770845688234e-08,0.0002067795223074
21,CCTCGGCATGGACGAGCTGTACAAGATGGAGCTGGACCATATGACCCGGTGCCGGCGGCCTCCACGCCTACCCAG,59.0,0.000322288136519,0.0,0.0,0.0,0.0,0.000322288136519,0.0001074293788396,59.0,3.4623214313644826e-08,0.0001860731423759
23,CCTCGGCATGGACGAGCTGTACAAGATGGAGCTGGACCATATGACACCGGCGGCCTCCACGCCTACCCTGCCCCG,55.0,0.0003004380933652,0.0,0.0,0.0,0.0,0.0003004380933652,0.0001001460311217,55.0,3.008768264831244e-08,0.0001734580140792
11180,CCGCGTCATGGACGAGCTGTACAAGATGGAGCTGGACCATATCACCGGCGGCCTCCACGCCTACCCTGCCCCGCG,0.0,0.0,0.0,0.0,104.0,0.0002623089747502,0.0002623089747502,8.74363249167463e-05,104.0,2.29353327448405e-08,0.0001514441571829
11181,CCTCGGCATGGACGAGCTGTACAAGATGGAGCTGGACCATATGACCCGGTGGGCCACTCCCTCTCTGCGCGCTCG,0.0,0.0,0.0,0.0,104.0,0.0002623089747502,0.0002623089747502,8.74363249167463e-05,104.0,2.29353327448405e-08,0.0001514441571829
11182,CTTCGGCATGGACGAGCTGTACAAGATGGAGCTGGACCATATCACCGGCGGCCTCCACGCCTACCCTGCCCCGCG,0.0,0.0,0.0,0.0,99.0,0.0002496979663487,0.0002496979663487,8.323265544959504e-05,99.0,2.0783024799573016e-08,0.0001441631880875
11183,CTGTACAAGATGGAGCTGGACCATATGACCCGGCACCGGCGGCCGCCACGCCGACCCAG,0.0,0.0,0.0,0.0,97.0,0.0002446535629882,0.0002446535629882,8.155118766273452e-05,97.0,1.995178862760764e-08,0.0001412508004494
11184,CTGTACAAGATGGAGCTGGACCATATGACCCGGCACCGGCGGCCTCCCCGCCGACCCAG,0.0,0.0,0.0,0.0,97.0,0.0002446535629882,0.0002446535629882,8.155118766273452e-05,97.0,1.995178862760764e-08,0.0001412508004494
33,CCTCGGCATGGACGAGCTGTACAAGATGGAGCTGGACCATATGACCCGGTGCTTTGGTCGCCCGGCCTCAGTGAG,16.0,8.740017261534091e-05,0.0,0.0,57.0,0.0001437654957765,0.0002311656683919,7.705522279730472e-05,73.0,5.247392934024243e-09,7.243889103254027e-05
30,CCGCGTCATGGACGAGCTGTACAAGATGGAGCTGGACCATATGACCCGGTGCTTTGGTCGCCCGGCCTCAGTGAG,22.0,0.000120175237346,0.0,0.0,38.0,9.584366385104886e-05,0.0002160189011971,7.200630039904752e-05,60.0,4.0366868400545985e-09,6.353492614345749e-05
2697,CTTCGGCATGGACGAGCTGTACAAGCGGAGCCGCAGCACCGACGACCAGATGGAGCTGGACCATATGACCACCGG,0.0,0.0,127.0,0.0002065000357716,0.0,0.0,0.0002065000357716,6.883334525721989e-05,127.0,1.4214088257898918e-08,0.0001192228512404
25,CCTCGGCATGGACGAGCTGTACAAGATGGAGCTGGACCATATGACCCGGGTCATATGGTCCAGCTCGTGCGGACC,32.0,0.0001748003452306,0.0,0.0,0.0,0.0,0.0001748003452306,5.8266781743560585e-05,32.0,1.0185053564255182e-08,0.0001009210263733
40,CTTCGGCATGGACGAGCTGTACAAGATGGAGCTGGACCATATGACCCGGTGCTTTGGTCGCCCGGCCTCAGTGAG,10.0,5.462510788458807e-05,0.0,0.0,47.0,0.0001185434789736,0.0001731685868582,5.772286228608457e-05,57.0,3.520336163543973e-09,5.933242084681843e-05
1048,CGGCGGCGACGAGCCTGCCACACTCGCTAAGCTCCTCCGGCACCGCACACCTGCCACTGCCGCTGCAGCCGCCGG,1.0,5.462510788458807e-06,97.0,0.0001577204997626,1.0,2.5222016802907592e-06,0.0001657052122313,5.5235070743785256e-05,99.0,7.879608725291738e-09,8.876716017363481e-05
26,CCGCGTCATGGACGAGCTGTACAAGATGGAGCTGGACCATATGACGCCACCGGCGGCCTCCACGCCTACCCTGCC,30.0,0.0001638753236537,0.0,0.0,0.0,0.0,0.0001638753236537,5.462510788458806e-05,30.0,8.95170723420866e-09,9.461346222503782e-05
27,CCTCGGCATGGACGAGCTGTACAAGATGGAGCTGGACCATATGACCCGGTGCGGCGGCCTCCACGCCTACCCTGC,30.0,0.0001638753236537,0.0,0.0,0.0,0.0,0.0001638753236537,5.462510788458806e-05,30.0,8.95170723420866e-09,9.461346222503782e-05
28,CCTCGGCATGGACGAGCTGTACAAGATGGAGCTGGACCATATGACGCCACCGGCGGCCTCCACGCCTACCCTGCC,26.0,0.0001420252804999,0.0,0.0,0.0,0.0,0.0001420252804999,4.734176016664298e-05,26.0,6.723726767027838e-09,8.199833392836612e-05
11185,CCTCGGCATGGACGAGCTGTACAAGATGGAGCTGGACCATATGACCCGGGGCGGCCTCAGTGAGCGAGCGAGCGC,0.0,0.0,0.0,0.0,54.0,0.0001361988907357,0.0001361988907357,4.539963024523366e-05,54.0,6.183379279211809e-09,7.863446622958541e-05
11186,CTGTACAAGATGGAGCTGGACCATATGACCCGGCACCGGCGGGCGCCCCGCCGACCCAG,0.0,0.0,0.0,0.0,54.0,0.0001361988907357,0.0001361988907357,4.539963024523366e-05,54.0,6.183379279211809e-09,7.863446622958541e-05
45,CCTCGGCATGGACGAGCTGTACAAGATGGAGCTGGACCATATGACCCGGTGGTCATATGGTCCAGCTCGTGCGGC,4.0,2.1850043153835227e-05,0.0,0.0,45.0,0.000113499075613,0.0001353491187669,4.511637292230645e-05,49.0,3.6265016169275878e-09,6.0220441852643256e-05
29,CCGCGTCATGGACGAGCTGTACAAGATGGAGCTGGACCATATGACACAGGCGGCCTCCACGCCTACCCTGCCCCG,23.0,0.0001256377481345,0.0,0.0,0.0,0.0,0.0001256377481345,4.187924937818418e-05,23.0,5.261614585440423e-09,7.253698770586233e-05
57,CCGCGGCGAGCCTGCCACACTCGCTAAGCTCCTCCGGCACCGCACACCTGCCACTGCCGCTGCAGCCGCCGGCTC,2.0,1.0925021576917614e-05,40.0,6.503938134540465e-05,18.0,4.539963024523367e-05,0.0001213640331675,4.045467772251864e-05,60.0,7.504303998772411e-10,2.739398473893933e-05
11187,CCGCGTCATGGACGAGCTGTACAAGATGGAGCTGGACCATATGACCCGGTGGGCCACTCCCTCTCTGCGCGCTCG,0.0,0.0,0.0,0.0,45.0,0.000113499075613,0.000113499075613,3.783302520436138e-05,45.0,4.294013388341532e-09,6.552872185798783e-05
11188,CTTCGGCATGGACGAGCTGTACAAGATGGAGCTGGACCATATGACCCGGTGGGCCACTCCCTCTCTGCGCGCTCG,0.0,0.0,0.0,0.0,43.0,0.0001084546722525,0.0001084546722525,3.615155741750087e-05,43.0,3.920805311132589e-09,6.261633421985504e-05
11189,CTTCGGCATGGACGAGCTGTACACCGGCGGCCTCCACGCCTACCCTGCCCCGCGGGGTGGGCCGGCCGCCAAACC,0.0,0.0,0.0,0.0,43.0,0.0001084546722525,0.0001084546722525,3.615155741750087e-05,43.0,3.920805311132589e-09,6.261633421985504e-05
53,CTGTACAAGATGGAGCTGGACCATATGACCCGGTGCCCCCGCCGGCCGCCCCCCCTCCC,3.0,1.6387532365376423e-05,0.0,0.0,33.0,8.323265544959506e-05,9.962018781497149e-05,3.3206729271657155e-05,36.0,1.9440827717269342e-09,4.409175401055093e-05
11190,CTTCGGCATGGACGAGCTGTACAAGATGGAGCTGGACCATATGACCCGGGGCGGCCTCAGTGAGCGAGCGAGCGC,0.0,0.0,0.0,0.0,39.0,9.836586553133962e-05,9.836586553133962e-05,3.2788621843779864e-05,39.0,3.225281167243196e-09,5.679155894358946e-05
32,CTTCGGCATGGACGAGCTGTACAAGATGGAGCTGGACCATATGACACCGGCGGCCTCCACGCCTACCCTGCCCCG,18.0,9.832519419225852e-05,0.0,0.0,0.0,0.0,9.832519419225852e-05,3.277506473075283e-05,18.0,3.222614604315116e-09,5.6768077335022686e-05
31,CCTCGGCATGGACGAGCTGTACAAGATGGAGCTGGACCATATGACCACCGGCGGCCTCCACGCCTACCCTGCCCC,18.0,9.832519419225852e-05,0.0,0.0,0.0,0.0,9.832519419225852e-05,3.277506473075283e-05,18.0,3.222614604315116e-09,5.6768077335022686e-05
2705,CGGCGACGAGCCTGCCACACTCGCTAAGCTCCTCCGGCACCGCACACCTGCCACTGCCGCTGCAGCCGCCGGCTC,0.0,0.0,25.0,4.06496133408779e-05,20.0,5.044403360581519e-05,9.109364694669308e-05,3.0364548982231025e-05,45.0,7.15487043252284e-10,2.6748589556316495e-05
2138,CTGTACAAGATGGAGCTGGACCATATGACCCGGTGCCCCCGCCGCCGGCCCCCCAACCC,1.0,5.462510788458807e-06,49.0,7.967324214812068e-05,0.0,0.0,8.513575293657949e-05,2.8378584312193155e-05,50.0,1.9808161979071675e-09,4.450636131955934e-05
34,CCGCGTCATGGACGAGCTGTACAAGATGGAGCTGGACCATATGACACCGGCGGCCTCCACGCCTACCCTGCCCCG,15.0,8.193766182688211e-05,0.0,0.0,0.0,0.0,8.193766182688211e-05,2.731255394229403e-05,15.0,2.237926808552165e-09,4.730673111251891e-05
2700,CCGCGGCGACGAGCCTGCCACACTCGCTAAGCTCCTCCGGCACCGCACACCTGCCACTGCCGCTGCAGCCGCCGG,0.0,0.0,48.0,7.804725761448558e-05,1.0,2.5222016802907592e-06,8.056945929477633e-05,2.6856486431592104e-05,49.0,1.9669616660535327e-09,4.435044155421153e-05
2706,CCTCGGCATGGACGAGCTGTACAAGATGGAGCTGGACCATATGACCCGGTGGGTCATATGGTCCAGCTCGTGCGG,0.0,0.0,22.0,3.577165973997255e-05,17.0,4.287742856494291e-05,7.864908830491546e-05,2.6216362768305143e-05,39.0,5.280962452480125e-10,2.2980344759119968e-05
11192,CTGTACAAGATGGAGTTGGCCACTCCCTCTCTGCGCGCTCGCTCGCTCACTGCCACCGG,0.0,0.0,0.0,0.0,30.0,7.566605040872279e-05,7.566605040872279e-05,2.5222016802907583e-05,30.0,1.9084503948184593e-09,4.3685814571991896e-05
11191,CCGCGTCATGGACGAGCTGTACAAGATGGAGCTGGACCATATGACCCGGCACCGGCGGCCTCCACGCCGACCCAG,0.0,0.0,0.0,0.0,30.0,7.566605040872279e-05,7.566605040872279e-05,2.5222016802907583e-05,30.0,1.9084503948184593e-09,4.3685814571991896e-05
2701,CTGTACAAGATGGAGCTGGACCATATGACCCGGTGCACCCGCCGCCGGCCCCCCAACCC,0.0,0.0,40.0,6.503938134540465e-05,4.0,1.0088806721163035e-05,7.512818806656768e-05,2.5042729355522556e-05,44.0,1.2252451330640502e-09,3.5003501725742383e-05
35,CCTCGGCATGGACGAGCTGTACAAGATGGAGCTGGACCATATGACACAGGCGGCCTCCACGCCTACCCTGCCCCG,13.0,7.10126402499645e-05,0.0,0.0,0.0,0.0,7.10126402499645e-05,2.367088008332149e-05,13.0,1.6809316917569595e-09,4.099916696418306e-05
11193,CCTCGGCATGGACGAGCTGTACAAGATGGAGCTGGACCATATGACCCGCACCGGCGGCCTCCACGCCTACCCTGC,0.0,0.0,0.0,0.0,27.0,6.809944536785051e-05,6.809944536785051e-05,2.269981512261683e-05,27.0,1.545844819802952e-09,3.9317233114792704e-05
36,CTTCGGCATGGACGAGCTGTACAAGATGGAGCTGGACCATATGACCCGGTGCGGCCTCAGTGAGCGAGCGAGCGC,12.0,6.555012946150569e-05,0.0,0.0,0.0,0.0,6.555012946150569e-05,2.1850043153835224e-05,12.0,1.4322731574733854e-09,3.784538489001513e-05
39,CTTCGGCATGGACGAGCTGTACAAGATGGAGCTGGACCATATGACCCGGGTCATATGGTCCAGCTCGTGCGGACC,11.0,6.008761867304688e-05,0.0,0.0,0.0,0.0,6.008761867304688e-05,2.0029206224348952e-05,11.0,1.203507305932497e-09,3.46916028158472e-05
37,CCTCGGCATGGACGAGCTGTACAAGATGGAGCTGGACCATATGACCCGGCCGGCGGCCTCCACGCCTACCCTGCC,11.0,6.008761867304688e-05,0.0,0.0,0.0,0.0,6.008761867304688e-05,2.0029206224348952e-05,11.0,1.203507305932497e-09,3.46916028158472e-05
2702,CTGTACAAGATGGAGCTGGACCATATGACCCGGTGCACCGGCGGCCAAACCCAATGTGA,0.0,0.0,36.0,5.8535443210864176e-05,0.0,0.0,5.8535443210864176e-05,1.9511814403621388e-05,36.0,1.1421327039641019e-09,3.379545389492649e-05
11194,CCGCGTCATGGACGAGCTGTACAAGATGGAGCTGGACCATATGACCCGGGGCGGCCTCAGTGAGCGAGCGAGCGC,0.0,0.0,0.0,0.0,22.0,5.548843696639671e-05,5.548843696639671e-05,1.8496145655465564e-05,22.0,1.0263222123245936e-09,3.203626401946072e-05
11195,CCTCGGCATGGACGAGCTGTACAAGATGGAGCTGGACCATATGACCACGTTTTAGAGCTAGAAATAGCAAGTTAA,0.0,0.0,0.0,0.0,21.0,5.296623528610595e-05,5.296623528610595e-05,1.765541176203531e-05,21.0,9.35140693461045e-10,3.058007020039433e-05
2703,GGGCGGCATGGCCGAGCTGTACAAGATGGAGCTGGACCATATGACCCGGTGCACCGGCGGCCTCCACGCCTACCC,0.0,0.0,31.0,5.04055205426886e-05,0.0,0.0,5.04055205426886e-05,1.6801840180896197e-05,31.0,8.469055003931342e-10,2.9101640853964477e-05
2704,CTGTACAAGATGGAGCTGGACCATATGACCCGGTGCCCCCGCCGCCCGCCCCCCCACCC,0.0,0.0,29.0,4.715355147541837e-05,0.0,0.0,4.715355147541837e-05,1.5717850491806117e-05,29.0,7.411524722483101e-10,2.722411563757967e-05
11196,CCTCGGCATGGACGAGCTGTACAAGATGGAGCTGGACCATATGACCCGGCACCGGCGGCCGCCCCGCCGACCCAG,0.0,0.0,0.0,0.0,16.0,4.035522688465215e-05,4.035522688465215e-05,1.3451742294884045e-05,16.0,5.42848112303917e-10,2.329910110506234e-05
11197,CTTCGGCATGGACGAGCTGTACAAGATGGAGCTGGACCATATGACCACGTTTTAGAGCTAGAAATAGCAAGTTAA,0.0,0.0,0.0,0.0,16.0,4.035522688465215e-05,4.035522688465215e-05,1.3451742294884045e-05,16.0,5.42848112303917e-10,2.329910110506234e-05
11198,CTTCGGCATGGACGAGCTGTACAAGATGGAGCTGGACCATATGACCCGCACCGGCGGCCTCCACGCCTACCCTGC,0.0,0.0,0.0,0.0,11.0,2.7744218483198354e-05,2.7744218483198354e-05,9.248072827732782e-06,11.0,2.565805530811484e-10,1.601813200973036e-05
2707,CCGCGGGCATGGACGAGCTGTACAAGATGGAGCTGGACCATATGACCAGGTGCACCGGCGGCCTCCACGCCTACC,0.0,0.0,16.0,2.6015752538161856e-05,0.0,0.0,2.6015752538161856e-05,8.671917512720616e-06,16.0,2.2560646004229163e-10,1.5020201731078436e-05
2708,CCGCGTCATGGACGAGCCTGCCACACTCGCTAAGCTCCTCCGGCACCGCACACCTGCCACTGCCGCTGCAGCCGC,0.0,0.0,15.0,2.438976800452674e-05,0.0,0.0,2.438976800452674e-05,8.129922668175578e-06,15.0,1.9828692777154539e-10,1.4081439122886034e-05
